Trip_ID,Trip_Date,Vehicle_ID,Vehicle_Type,Driver_ID,Driver_Name,Driver_Rating,Route_ID,Source,Destination,Distance_KM,Duration_Minutes,Fuel_Consumed_Liters,Fuel_Cost_INR,Maintenance_Cost_INR,Toll_Cost_INR,Driver_Cost_INR,Operating_Cost_INR,Revenue_INR,Payment_Mode,Trip_Status,Customer_Rating,Maintenance_Type,Location,Vehicle_Model,Fuel_Type,Vehicle_Age_Years
T00001,2025-01-27,V040,Truck,D018,Driver_018,4.3,R073,Hyderabad,Visakhapatnam,96.6,199,16.23,1737.19,0.0,238.72,1071.93,3047.84,4261.43,Net Banking,Completed,3.8,None,Hyderabad,BharatBenz 1015,Diesel,12
T00002,2025-04-04,V070,Sedan,D056,Driver_056,4.2,R070,Kochi,Delhi,125.4,190,8.74,960.89,0.0,507.86,1010.07,2478.82,3189.32,Cash,Completed,4.4,Repair,Kochi,Honda City,Petrol,12
T00003,2025-12-21,V073,Truck,D071,Driver_071,4.4,R014,Chennai,Hyderabad,87.5,153,12.78,1365.3,0.0,261.2,890.49,2516.99,701.09,Cash,Cancelled,4.2,Inspection,Chennai,Tata 407,Diesel,12
T00004,2025-11-17,V036,Truck,D140,Driver_140,3.9,R046,Bengaluru,Kochi,19.2,56,3.14,343.83,0.0,79.78,199.28,622.89,1271.33,Net Banking,Completed,4.2,None,Bengaluru,Tata 407,Diesel,3
T00005,2025-05-26,V042,Van,D018,Driver_018,4.1,R072,Delhi,Pune,36.6,72,4.33,413.31,0.0,141.92,390.55,945.78,1773.51,Cash,Completed,3.1,None,Delhi,Tata Winger,Diesel,6
T00006,2025-08-31,V069,Van,D083,Driver_083,3.4,R006,Delhi,Pune,11.9,40,1.3,135.36,2563.25,36.14,209.85,2944.6,665.57,Card,Completed,2.7,None,Delhi,Tata Winger,Diesel,9
T00007,2025-12-25,V090,Sedan,D070,Driver_070,4.7,R036,Delhi,Chennai,29.6,62,1.8,197.7,3567.94,131.11,249.94,4146.69,330.16,COD,Cancelled,4.4,None,Delhi,Hyundai Verna,Petrol,9
T00008,2025-05-27,V087,Van,D004,Driver_004,4.1,R079,Pune,Mumbai,25.3,48,2.75,262.91,0.0,59.78,220.78,543.47,1150.02,COD,Completed,3.8,None,Pune,Tata Winger,Diesel,5
T00009,2025-06-01,V042,Truck,D138,Driver_138,4.2,R053,Pune,Chennai,59.0,125,9.42,898.15,0.0,244.21,521.79,1664.15,2797.02,Cash,Completed,2.8,None,Pune,Ashok Leyland Dost,Diesel,5
T00010,2025-02-01,V091,Sedan,D074,Driver_074,3.7,R039,Mumbai,Delhi,48.6,113,3.17,334.1,0.0,134.58,528.89,997.57,1225.31,Card,Completed,4.0,Service,Mumbai,Maruti Dzire,Petrol,6
T00011,2025-11-30,V061,Truck,D120,Driver_120,3.1,R007,Visakhapatnam,Hyderabad,48.1,124,8.26,857.82,0.0,149.57,671.14,1678.53,2321.08,COD,Completed,3.6,None,Visakhapatnam,BharatBenz 1015,Diesel,6
T00012,2025-11-04,V080,Van,D124,Driver_124,4.2,R041,Delhi,Bengaluru,54.2,143,5.49,546.71,0.0,208.17,607.66,1362.54,2053.88,Card,Completed,4.5,Service,Delhi,Tata Winger,Diesel,1
T00013,2025-08-23,V060,SUV,D018,Driver_018,4.2,R022,Pune,Delhi,20.9,48,1.57,153.5,0.0,29.31,157.0,339.81,852.95,Cash,Completed,3.9,None,Pune,Toyota Innova,Diesel,5
T00014,2025-05-14,V090,Sedan,D049,Driver_049,3.7,R076,Pune,Mumbai,31.8,106,2.0,218.62,1313.07,66.78,334.69,1933.16,1171.87,Net Banking,Completed,3.9,Service,Pune,Hyundai Verna,Petrol,11
T00015,2025-02-15,V098,Sedan,D010,Driver_010,4.9,R016,Chennai,Delhi,25.2,83,1.54,159.83,0.0,109.65,354.26,623.74,955.38,Net Banking,Completed,4.6,Service,Chennai,Hyundai Verna,Petrol,12
T00016,2025-11-05,V055,Van,D093,Driver_093,4.0,R037,Kochi,Chennai,78.6,276,7.96,829.53,0.0,334.7,1240.71,2404.94,3074.54,Cash,Completed,4.1,None,Kochi,Maruti Eeco,Diesel,12
T00017,2025-02-27,V012,Sedan,D021,Driver_021,3.8,R069,Delhi,Kochi,9.3,30,0.63,61.07,8362.81,14.96,173.65,8612.49,547.37,UPI,Completed,4.4,Repair,Delhi,Maruti Dzire,Petrol,1
T00018,2025-01-15,V024,Van,D075,Driver_075,4.1,R003,Mumbai,,12.9,38,1.32,129.04,8588.94,30.53,150.0,8898.51,874.39,Card,Completed,5.0,Service,Mumbai,Maruti Eeco,Diesel,1
T00019,2025-08-08,V036,Sedan,D123,Driver_123,4.2,R025,Bengaluru,Chennai,14.8,68,1.06,112.88,0.0,20.17,375.08,508.13,612.06,Cash,Completed,3.4,None,Bengaluru,Maruti Dzire,Petrol,3
T00020,2025-12-25,V068,SUV,D102,Driver_102,4.3,R014,Hyderabad,Visakhapatnam,61.7,118,4.87,515.09,0.0,131.3,498.13,1144.52,2285.62,Card,Completed,,Service,Hyderabad,Kia Seltos,Diesel,8
T00021,2025-11-19,V081,SUV,D018,Driver_018,3.4,R045,Visakhapatnam,Mumbai,46.5,131,3.89,402.07,0.0,187.52,569.19,1158.78,1904.68,UPI,Completed,2.6,Service,Visakhapatnam,Kia Seltos,Diesel,6
T00022,2025-01-16,V082,Sedan,D058,Driver_058,3.6,R019,Bengaluru,Hyderabad,59.6,196,3.71,397.42,6616.56,160.67,897.73,8072.38,1474.96,Card,Completed,5.0,None,Bengaluru,Maruti Dzire,Petrol,11
T00023,2025-12-11,V048,SUV,D017,Driver_017,,R074,Visakhapatnam,Mumbai,76.2,140,6.19,649.74,1792.67,108.54,563.94,3114.89,2657.78,Net Banking,Completed,3.5,Inspection,Visakhapatnam,Toyota Innova,Diesel,4
T00024,2025-05-10,V039,Van,D057,Driver_057,3.5,R063,Visakhapatnam,Hyderabad,22.7,38,2.45,251.8,5958.84,101.63,211.55,6523.82,989.39,Card,Completed,3.9,None,Visakhapatnam,Maruti Eeco,Diesel,10
T00025,2025-09-12,V006,Van,D031,Driver_031,3.5,R073,Pune,Kochi,14.7,58,1.76,185.47,0.0,43.27,242.96,471.7,904.9,Card,Completed,3.9,None,Pune,Tata Winger,Diesel,5
T00026,2025-11-30,V022,SUV,D102,Driver_102,4.8,R061,Hyderabad,Visakhapatnam,30.8,68,3.01,299.85,0.0,111.65,216.08,627.58,1301.49,COD,Completed,4.2,Service,Hyderabad,Kia Seltos,Diesel,3
T00027,2025-08-30,V006,Sedan,D077,Driver_077,3.0,R053,Bengaluru,Pune,53.2,85,3.29,322.75,0.0,222.0,342.29,887.04,1374.38,Card,Completed,5.0,Service,Bengaluru,Hyundai Verna,Petrol,5
T00028,2025-06-06,V068,Sedan,D148,Driver_148,5.0,R047,Kochi,Mumbai,17.8,55,1.35,134.21,1334.34,28.2,165.24,1661.99,721.98,Net Banking,Completed,4.4,Repair,Kochi,Hyundai Verna,Petrol,4
T00029,2025-06-21,V075,Sedan,D109,Driver_109,4.1,R001,Hyderabad,Visakhapatnam,,177,4.16,414.51,0.0,250.19,920.25,1584.95,292.81,Cash,Cancelled,4.0,None,Hyderabad,Maruti Dzire,Petrol,1
T00030,2025-12-20,V081,Van,D126,Driver_126,3.5,R046,Pune,Kochi,105.0,233,10.75,1026.94,668.2,345.87,1162.31,3203.32,4008.87,Card,Completed,4.3,Repair,Pune,Maruti Eeco,Diesel,4
T00031,2025-12-23,V065,SUV,D098,Driver_098,4.3,R056,Mumbai,Delhi,41.7,112,4.04,418.76,9974.82,65.87,594.93,11054.38,1762.59,COD,Completed,4.4,Inspection,Mumbai,Kia Seltos,Diesel,8
T00032,2025-02-13,V090,Truck,D135,Driver_135,4.3,R023,Bengaluru,Mumbai,76.3,169,10.85,1073.71,0.0,337.02,940.44,2351.17,3309.66,COD,Completed,4.3,None,Bengaluru,Tata 407,Diesel,2
T00033,2025-08-23,V087,Van,D022,Driver_022,4.4,R015,Pune,Bengaluru,32.3,63,3.37,321.82,0.0,74.24,261.39,657.45,1550.29,Net Banking,Completed,4.1,Service,Pune,Maruti Eeco,Diesel,9
T00034,2025-04-29,V070,Truck,D068,Driver_068,3.7,R032,Hyderabad,Delhi,43.8,109,7.56,812.13,0.0,137.33,415.09,1364.55,2130.33,UPI,Completed,3.8,Inspection,Hyderabad,Tata 407,Diesel,5
T00035,2025-07-11,V005,Van,D097,Driver_097,4.4,R067,Chennai,Mumbai,64.4,163,7.58,,0.0,210.21,790.47,1786.84,2728.18,Card,Completed,2.8,Repair,Chennai,Maruti Eeco,Diesel,2
T00036,2025-06-23,V068,Van,D086,Driver_086,3.4,R045,Hyderabad,Pune,28.6,66,2.83,290.61,0.0,64.15,241.01,595.77,1135.59,Net Banking,Completed,5.0,Repair,Hyderabad,Tata Winger,Diesel,7
T00037,2025-01-16,V064,SUV,D134,Driver_134,3.7,R015,Pune,Kochi,81.1,143,7.38,712.37,0.0,296.71,518.4,1527.48,2604.69,UPI,Completed,3.8,None,Pune,Hyundai Creta,Diesel,12
T00038,2025-03-20,V091,Sedan,D094,Driver_094,3.5,R048,Visakhapatnam,Hyderabad,78.9,212,5.76,620.67,0.0,204.23,1096.03,1920.93,2043.91,Net Banking,Completed,5.0,None,Visakhapatnam,Hyundai Verna,Petrol,11
T00039,2025-11-24,V096,Truck,D055,Driver_055,4.6,R061,Visakhapatnam,Kochi,33.4,44,5.64,608.44,0.0,85.7,168.6,862.74,1572.9,Card,Completed,4.4,,Visakhapatnam,Ashok Leyland Dost,Diesel,10
T00040,2025-09-04,V046,Sedan,D001,Driver_001,4.6,R023,Delhi,Visakhapatnam,37.8,108,2.45,242.95,0.0,143.89,494.87,881.71,215.51,Net Banking,Cancelled,3.2,Repair,Delhi,Hyundai Verna,Petrol,1
T00041,2025-06-30,V009,Sedan,D065,Driver_065,4.3,R027,Pune,Delhi,44.2,134,,376.74,4843.33,145.39,477.2,5842.66,114.53,COD,Cancelled,3.6,Service,Pune,Hyundai Verna,Petrol,3
T00042,2025-09-23,V045,Truck,D115,Driver_115,4.0,R053,Hyderabad,Pune,24.0,86,3.57,344.68,4332.48,43.9,500.78,5221.84,1415.23,Card,Completed,3.5,Repair,Hyderabad,BharatBenz 1015,Diesel,11
T00043,2025-03-31,V088,Truck,D113,Driver_113,3.8,R071,Visakhapatnam,Delhi,23.6,43,3.37,354.6,0.0,47.47,172.37,574.44,1106.9,Net Banking,Completed,3.3,None,Visakhapatnam,Ashok Leyland Dost,Diesel,4
T00044,2025-10-10,V020,Sedan,D101,Driver_101,3.2,R076,Delhi,Mumbai,31.3,86,2.07,199.88,0.0,144.67,410.58,755.13,1158.06,Net Banking,Completed,3.7,Repair,Delhi,Hyundai Verna,Petrol,6
T00045,2025-09-26,V051,Sedan,D021,Driver_021,3.5,R001,Kochi,Mumbai,25.9,45,1.55,160.47,0.0,42.04,191.62,394.13,726.06,UPI,Completed,3.8,Repair,Kochi,Hyundai Verna,Petrol,5
T00046,2025-11-15,V100,Sedan,D126,Driver_126,3.6,R080,Kochi,Chennai,72.7,124,5.33,547.99,0.0,296.86,410.54,1255.39,2006.82,COD,Completed,4.4,None,Kochi,Maruti Dzire,Petrol,5
T00047,2025-01-03,V057,Sedan,D032,Driver_032,3.7,R043,Hyderabad,Bengaluru,13.6,15,0.98,96.35,0.0,36.66,150.0,283.01,775.6,UPI,Completed,3.8,Service,Hyderabad,Hyundai Verna,Petrol,4
T00048,2025-01-23,V080,Van,D084,Driver_084,3.8,R044,Bengaluru,Delhi,17.1,45,1.61,153.59,8544.38,47.43,209.51,8954.91,852.17,Cash,Completed,3.7,Repair,Bengaluru,Force Traveller,Diesel,5
T00049,2025-07-28,V033,Sedan,D088,Driver_088,3.5,R031,Delhi,Mumbai,31.7,94,2.25,228.12,0.0,136.94,346.8,711.86,1011.34,Cash,Completed,4.1,None,Delhi,Maruti Dzire,Petrol,9
T00050,2025-04-05,V098,Sedan,D047,Driver_047,3.8,R036,Bengaluru,Chennai,37.6,75,3.03,332.77,0.0,147.46,243.39,723.62,978.36,Card,Completed,4.4,None,Bengaluru,Hyundai Verna,Petrol,4
T00051,2025-01-30,V005,Van,D064,Driver_064,4.4,R008,Visakhapatnam,Bengaluru,23.4,49,2.28,245.91,685.83,92.2,264.89,1288.83,125.58,Cash,Cancelled,4.9,None,Visakhapatnam,Tata Winger,Diesel,5
T00052,2025-09-29,V079,Sedan,D147,Driver_147,4.0,R010,Mumbai,Pune,32.6,86,2.27,230.62,0.0,80.02,295.21,605.85,153.02,Cash,Cancelled,3.6,None,Mumbai,Hyundai Verna,Petrol,7
T00053,2025-09-12,V065,Truck,D131,Driver_131,4.4,R005,Pune,Hyderabad,35.7,103,4.64,507.39,0.0,160.04,380.21,1047.64,1601.62,UPI,completed,5.0,None,Pune,BharatBenz 1015,Diesel,11
T00054,2025-03-14,V083,Van,D075,Driver_075,4.6,R006,Hyderabad,Chennai,67.9,95,8.19,789.24,3243.11,262.4,467.3,4762.05,754.75,UPI,Cancelled,4.3,Service,Hyderabad,Maruti Eeco,Diesel,6
T00055,2025-02-12,V008,SUV,D124,Driver_124,4.2,R019,Delhi,Kochi,36.6,72,3.32,353.93,6796.65,122.44,317.03,7590.05,1612.03,COD,Completed,3.4,None,Delhi,Hyundai Creta,Diesel,11
T00056,2025-05-22,V037,Van,D009,Driver_009,3.2,R056,Hyderabad,Delhi,90.9,211,8.93,951.44,5263.78,338.9,724.96,7279.08,3405.56,COD,Completed,4.6,None,Hyderabad,Force Traveller,Diesel,10
T00057,2025-05-18,V097,Van,D126,Driver_126,3.6,R025,Bengaluru,Hyderabad,69.7,174,8.24,880.16,3422.15,132.25,982.28,5416.84,2761.11,UPI,Completed,4.2,,Bengaluru,Tata Winger,Diesel,1
T00058,2025-02-05,V081,Van,D116,Driver_116,3.8,R028,Hyderabad,Kochi,11.3,47,1.23,133.43,0.0,25.43,236.2,395.06,745.0,Cash,Completed,3.7,None,Hyderabad,Tata Winger,Diesel,6
T00059,2025-10-15,V006,Van,D078,Driver_078,4.0,R042,Mumbai,Hyderabad,66.2,170,7.03,694.09,0.0,301.32,554.65,1550.06,307.57,Cash,Cancelled,4.6,None,Mumbai,Tata Winger,Diesel,4
T00060,2025-11-24,V019,Sedan,D043,Driver_043,4.5,R069,Chennai,Hyderabad,58.4,102,3.96,379.46,0.0,246.54,576.96,1202.96,1681.19,Cash,Completed,3.5,Repair,Chennai,Maruti Dzire,Petrol,7
T00061,2025-12-16,V030,Van,D108,Driver_108,,R063,Mumbai,Pune,21.0,49,2.4,249.97,0.0,72.15,176.74,498.86,818.27,Net Banking,Completed,4.9,Inspection,Mumbai,Tata Winger,Diesel,3
T00062,2025-11-06,V081,Truck,D091,Driver_091,4.4,R070,Bengaluru,Kochi,73.0,199,9.8,944.73,0.0,199.01,1034.38,2178.12,118.83,Card,Cancelled,4.7,Service,Bengaluru,Ashok Leyland Dost,Diesel,1
T00063,2025-02-08,V051,SUV,D122,Driver_122,4.2,R075,Visakhapatnam,Mumbai,105.1,306,7.82,846.63,0.0,231.19,1318.16,2395.98,3388.46,Card,Completed,3.4,Service,Visakhapatnam,Hyundai Creta,Diesel,2
T00064,2025-10-28,V012,SUV,D056,Driver_056,4.5,R003,Visakhapatnam,Pune,92.2,215,7.88,863.01,0.0,127.68,867.29,1857.98,3073.98,Card,Completed,5.0,None,Visakhapatnam,Kia Seltos,Diesel,3
T00065,2025-03-03,V059,Van,D032,Driver_032,4.2,R018,Mumbai,Hyderabad,44.3,123,4.46,488.45,5642.87,174.48,479.73,6785.53,382.17,Cash,Cancelled,3.3,Inspection,Mumbai,Maruti Eeco,Diesel,7
T00066,2025-01-26,V022,Van,D105,Driver_105,4.5,R061,Hyderabad,Delhi,12.4,39,1.28,139.7,0.0,38.76,162.91,341.37,556.77,Card,Completed,2.3,None,Hyderabad,Tata Winger,Diesel,6
T00067,2025-10-21,V023,Sedan,D009,Driver_009,3.7,R019,Kochi,Visakhapatnam,29.8,88,2.21,240.66,0.0,43.42,293.9,577.98,777.4,COD,Completed,3.7,Repair,Kochi,Maruti Dzire,Petrol,2
T00068,2025-10-02,V054,Truck,D138,Driver_138,4.2,R063,Bengaluru,Hyderabad,43.1,111,7.45,754.36,9010.63,101.96,369.15,10236.1,81.13,UPI,Cancelled,3.4,None,Bengaluru,Ashok Leyland Dost,Diesel,3
T00069,2025-08-01,V095,Van,D119,Driver_119,4.8,R065,Delhi,Visakhapatnam,75.5,146,8.78,883.39,9893.23,176.68,790.89,11744.19,3156.52,UPI,Completed,4.3,None,Delhi,Maruti Eeco,Diesel,2
T00070,2025-06-15,V036,Sedan,D036,Driver_036,4.1,R002,Delhi,Mumbai,15.9,37,1.07,109.44,7248.48,64.16,193.3,7615.38,846.01,UPI,Completed,4.6,Service,Delhi,Honda City,Petrol,12
T00071,2025-11-26,V060,Van,D040,Driver_040,4.3,R031,Chennai,Bengaluru,43.3,117,4.2,442.7,0.0,159.02,680.2,1281.92,1770.47,COD,Completed,3.4,None,Chennai,Force Traveller,Diesel,1
T00072,2025-06-01,V090,Sedan,D118,Driver_118,4.4,R037,Kochi,Visakhapatnam,22.4,30,1.61,174.37,3002.97,91.01,150.0,3418.35,577.66,Card,Completed,4.0,Inspection,Kochi,Maruti Dzire,Petrol,3
T00073,2025-08-29,V031,Sedan,D078,Driver_078,3.9,R047,Bengaluru,Hyderabad,38.0,77,2.71,289.79,0.0,83.5,329.94,703.23,1194.0,UPI,Completed,4.3,Repair,Bengaluru,Maruti Dzire,Petrol,3
T00074,2025-12-19,V076,SUV,D076,Driver_076,4.0,R003,Visakhapatnam,Pune,31.6,67,2.71,257.58,0.0,64.44,376.35,698.37,1455.06,Net Banking,Completed,4.9,None,Visakhapatnam,Kia Seltos,Diesel,5
T00075,2025-01-01,V004,Sedan,D021,Driver_021,4.8,R063,Mumbai,Bengaluru,27.3,86,1.94,202.95,0.0,95.57,345.72,644.24,871.97,Card,Completed,3.3,Service,Mumbai,Hyundai Verna,Petrol,11
T00076,2025-09-11,V076,Van,D021,Driver_021,3.7,R044,Mumbai,Kochi,29.2,102,3.05,331.9,0.0,79.04,432.59,843.53,202.92,UPI,Cancelled,3.9,None,Mumbai,Maruti Eeco,Diesel,4
T00077,2025-09-03,V052,Sedan,D027,Driver_027,4.4,R050,Delhi,Kochi,26.4,81,1.62,156.01,6184.55,95.2,254.35,6690.11,819.49,COD,Completed,4.3,Inspection,Delhi,Honda City,Petrol,3
T00078,2025-01-17,V005,Sedan,D092,Driver_092,4.4,R028,Pune,Mumbai,30.7,55,2.2,239.44,0.0,76.42,239.55,555.41,149.03,COD,Cancelled,3.2,None,Pune,Hyundai Verna,Petrol,10
T00079,2025-01-17,V100,SUV,D067,Driver_067,4.6,R061,Mumbai,Kochi,56.7,96,4.29,412.76,0.0,149.38,465.77,1027.91,65.63,COD,Cancelled,4.6,Repair,Mumbai,Kia Seltos,Diesel,8
T00080,2025-10-31,V001,Sedan,D125,Driver_125,4.3,R005,Kochi,Pune,10.7,44,0.66,72.13,0.0,32.86,182.51,287.5,208.75,UPI,Cancelled,4.4,None,Kochi,Honda City,Petrol,7
T00081,2025-10-26,V016,Truck,D122,Driver_122,3.6,R010,Visakhapatnam,Chennai,22.2,52,2.85,296.23,0.0,47.27,165.27,508.77,1056.45,Card,Completed,4.0,Repair,Visakhapatnam,Tata 407,Diesel,7
T00082,2025-07-30,V026,Truck,D036,Driver_036,3.9,R059,Bengaluru,Chennai,30.1,64,4.05,427.5,6165.32,108.65,368.2,7069.67,1373.51,UPI,Completed,3.5,None,Bengaluru,BharatBenz 1015,Diesel,4
T00083,2025-08-18,V055,Sedan,D071,Driver_071,4.0,R015,Visakhapatnam,,43.6,135,2.86,311.86,0.0,136.84,408.33,857.03,1373.5,Card,Completed,4.1,Inspection,Visakhapatnam,Honda City,Petrol,11
T00084,2025-03-15,V040,Sedan,D033,Driver_033,4.9,R012,Chennai,Delhi,32.6,64,2.26,227.47,0.0,93.18,355.58,676.23,44.98,COD,Cancelled,3.1,None,Chennai,Maruti Dzire,Petrol,2
T00085,2025-05-10,V034,SUV,D051,Driver_051,4.3,R048,Pune,Kochi,22.7,52,1.93,184.49,0.0,64.97,268.49,517.95,1094.66,Cash,Completed,4.1,Repair,Pune,Hyundai Creta,Diesel,10
T00086,2025-02-03,V096,SUV,D146,Driver_146,3.9,R064,Delhi,Visakhapatnam,59.3,194,5.25,570.75,0.0,111.47,963.91,1646.13,196.56,COD,Cancelled,3.7,None,Delhi,Hyundai Creta,Diesel,12
T00087,2025-04-14,V054,Truck,D066,Driver_066,2.9,R006,Pune,Delhi,43.3,89,5.52,554.56,0.0,92.81,511.37,1158.74,439.23,Net Banking,Cancelled,3.4,Repair,Pune,BharatBenz 1015,Diesel,1
T00088,2025-02-13,V027,Van,D149,Driver_149,4.5,R048,Bengaluru,Pune,50.9,83,5.24,544.57,0.0,159.81,365.87,1070.25,1927.55,COD,Completed,4.5,Service,Bengaluru,Force Traveller,Diesel,5
T00089,2025-10-10,V027,Sedan,D077,Driver_077,3.6,R047,Pune,Kochi,10.1,29,0.78,80.49,0.0,42.5,150.0,272.99,304.44,COD,Completed,5.0,,Pune,Hyundai Verna,Petrol,6
T00090,2025-05-23,V039,Truck,D010,Driver_010,4.1,R036,Hyderabad,Bengaluru,90.5,253,13.04,1379.43,0.0,274.42,1165.26,2819.11,4335.68,Card,Completed,4.0,None,Hyderabad,Ashok Leyland Dost,Diesel,11
T00091,2025-07-25,V076,Sedan,D022,Driver_022,4.7,R069,Chennai,Hyderabad,19.6,79,1.32,126.94,0.0,70.4,321.88,519.22,623.24,Net Banking,Completed,3.9,None,Chennai,Maruti Dzire,Petrol,4
T00092,2025-09-11,V027,Van,D013,Driver_013,4.3,R018,Visakhapatnam,Chennai,88.4,134,8.13,838.96,3098.64,158.53,681.58,4777.71,3311.71,Card,Completed,3.7,None,Visakhapatnam,Tata Winger,Diesel,10
T00093,2025-06-17,V048,Van,D127,Driver_127,4.0,R004,Bengaluru,Pune,45.7,124,4.73,454.81,0.0,123.58,443.59,1021.98,1855.27,Cash,Completed,4.0,Service,Bengaluru,Tata Winger,Diesel,10
T00094,2025-04-11,V098,Sedan,D036,Driver_036,4.3,R041,Kochi,Chennai,29.9,78,2.37,243.28,2775.33,99.6,424.99,3543.2,1025.72,Cash,Completed,4.1,Service,Kochi,Hyundai Verna,Petrol,7
T00095,2025-05-27,V007,Sedan,D016,Driver_016,4.3,R063,Mumbai,Chennai,22.8,62,1.57,157.95,3323.86,64.95,309.43,3856.19,1043.88,COD,Completed,3.4,Inspection,Mumbai,Honda City,Petrol,6
T00096,2025-03-04,V098,Sedan,D099,Driver_099,5.0,R077,Hyderabad,Visakhapatnam,39.1,102,2.92,285.65,0.0,74.22,521.49,881.36,1065.33,Net Banking,Completed,4.3,None,Hyderabad,Hyundai Verna,Petrol,10
T00097,2025-03-23,V060,Van,D025,Driver_025,3.6,R055,Kochi,Chennai,30.7,59,3.58,362.98,5295.86,42.13,326.69,6027.66,1480.61,UPI,Completed,4.1,Service,Kochi,Maruti Eeco,Diesel,6
T00098,2025-11-02,V007,Truck,D050,Driver_050,3.1,R072,Pune,Delhi,28.4,100,3.67,364.17,5569.73,114.09,413.17,6461.16,446.31,UPI,Cancelled,4.6,Repair,Pune,Tata 407,Diesel,12
T00099,2025-11-09,V007,SUV,D098,Driver_098,3.6,R034,Kochi,Visakhapatnam,26.0,71,2.19,231.25,0.0,112.99,394.82,739.06,1270.7,Card,Completed,4.2,Inspection,Kochi,Hyundai Creta,Diesel,8
T00100,2025-03-31,V095,Sedan,D070,Driver_070,3.9,R031,Bengaluru,Pune,74.5,255,5.36,511.95,0.0,145.52,1045.05,1702.52,2048.55,UPI,Completed,4.0,Repair,Bengaluru,Honda City,Petrol,10
T00101,2025-03-27,V083,Van,D121,Driver_121,3.4,R044,Mumbai,,37.0,79,3.84,421.9,9127.03,61.88,405.14,10015.95,229.12,Net Banking,Cancelled,3.3,None,Mumbai,Tata Winger,Diesel,1
T00102,2025-08-03,V064,Sedan,D049,Driver_049,4.4,R052,Mumbai,Pune,49.1,170,3.24,345.18,856.59,127.55,715.37,2044.69,1393.27,Cash,Completed,4.2,None,Mumbai,Honda City,Petrol,10
T00103,2025-03-15,V017,Sedan,D080,Driver_080,3.9,R008,Bengaluru,Mumbai,68.7,159,5.05,486.94,0.0,211.44,585.2,1283.58,1715.79,Card,Completed,4.9,None,Bengaluru,Honda City,Petrol,7
T00104,2025-03-31,V037,SUV,D067,Driver_067,3.9,R028,Pune,Chennai,89.9,168,7.72,804.12,0.0,196.67,689.74,1690.53,345.01,COD,Cancelled,3.7,Repair,Pune,Kia Seltos,Diesel,4
T00105,2025-07-21,V043,Truck,D062,Driver_062,4.3,R013,Pune,Chennai,16.9,64,2.35,236.61,0.0,41.01,325.99,603.61,76.94,Cash,Cancelled,3.7,Service,Pune,Ashok Leyland Dost,Diesel,9
T00106,2025-11-26,V023,Van,D057,Driver_057,3.9,R080,Mumbai,Kochi,33.5,86,3.1,295.35,0.0,97.78,393.83,786.96,1705.49,UPI,Completed,3.6,None,Mumbai,Force Traveller,Diesel,9
T00107,2025-05-09,V098,SUV,D093,Driver_093,4.9,R009,Mumbai,Bengaluru,45.0,82,3.81,382.97,0.0,106.23,452.6,941.8,1805.02,Card,Completed,3.9,Service,Mumbai,Hyundai Creta,Diesel,10
T00108,2025-06-28,V080,Truck,D072,Driver_072,3.0,R022,Chennai,Delhi,28.4,79,4.82,482.6,0.0,55.41,299.48,837.49,289.9,COD,Cancelled,4.3,Inspection,Chennai,BharatBenz 1015,Diesel,3
T00109,2025-08-11,V061,Sedan,D053,Driver_053,4.8,R027,Hyderabad,Chennai,21.8,31,1.62,158.67,0.0,98.2,150.0,406.87,998.18,UPI,Completed,4.2,Service,Hyderabad,Honda City,Petrol,6
T00110,2025-09-15,V052,Truck,D047,Driver_047,3.9,R007,Delhi,Pune,49.3,154,6.71,719.09,0.0,128.68,709.38,1557.15,2439.16,Cash,Completed,3.8,None,Delhi,Ashok Leyland Dost,Diesel,7
T00111,2025-11-11,V086,Sedan,D087,Driver_087,3.8,R059,Visakhapatnam,Mumbai,45.0,89,3.12,327.62,0.0,207.21,306.73,841.56,1355.19,Card,Completed,3.3,Repair,Visakhapatnam,Maruti Dzire,Petrol,3
T00112,2025-09-09,V093,SUV,D024,Driver_024,4.4,R011,Delhi,Visakhapatnam,56.9,168,4.92,472.4,0.0,90.16,563.12,1125.68,1964.19,COD,Completed,4.7,None,Delhi,Kia Seltos,Diesel,3
T00113,2025-11-08,V004,Sedan,D012,Driver_012,4.4,R041,Kochi,Visakhapatnam,19.0,54,1.29,125.76,0.0,78.5,173.81,378.07,802.99,UPI,Completed,3.3,Service,Kochi,Honda City,Petrol,3
T00114,2025-11-05,V091,Truck,D014,Driver_014,2.9,R008,Visakhapatnam,Mumbai,24.1,77,3.15,303.37,0.0,33.05,440.13,776.55,1423.63,Cash,Completed,3.2,None,Visakhapatnam,BharatBenz 1015,Diesel,11
T00115,2025-12-18,V010,Van,D078,Driver_078,,R048,Pune,Visakhapatnam,79.7,243,9.52,932.83,0.0,325.33,1057.25,2315.41,2931.24,Net Banking,Completed,4.6,Service,Pune,Force Traveller,Diesel,1
T00116,2025-01-31,V086,Truck,D116,Driver_116,4.6,R066,Hyderabad,Delhi,12.4,49,2.02,210.68,0.0,21.19,188.8,420.67,715.13,UPI,Completed,4.3,None,Hyderabad,BharatBenz 1015,Diesel,3
T00117,2025-07-21,V014,Van,D004,Driver_004,4.5,R053,Visakhapatnam,Chennai,49.3,132,4.87,523.58,0.0,223.68,657.49,1404.75,2160.95,Net Banking,Completed,4.4,Service,Visakhapatnam,Maruti Eeco,Diesel,4
T00118,2025-12-13,V080,Sedan,D009,Driver_009,4.3,R077,Bengaluru,Mumbai,19.2,59,1.18,127.52,0.0,75.79,256.16,459.47,828.12,Card,Completed,4.9,Inspection,Bengaluru,Hyundai Verna,Petrol,4
T00119,2025-07-09,V094,SUV,D052,Driver_052,4.2,R026,Mumbai,Chennai,51.3,94,4.72,517.3,0.0,94.6,329.55,941.45,1905.29,Net Banking,Completed,3.1,None,Mumbai,Toyota Innova,Diesel,9
T00120,2025-02-16,V067,SUV,D043,Driver_043,3.8,R045,Delhi,Chennai,70.3,134,6.4,610.55,0.0,210.38,407.22,1228.15,2323.97,UPI,Completed,3.9,None,Delhi,Kia Seltos,Diesel,11
T00121,2025-07-25,V068,Sedan,D095,Driver_095,3.9,R030,Hyderabad,Mumbai,63.9,132,5.03,511.78,0.0,267.55,640.96,1420.29,1548.42,Card,Completed,3.8,,Hyderabad,Maruti Dzire,Petrol,6
T00122,2025-06-22,V093,SUV,D002,Driver_002,4.9,R020,Delhi,Pune,23.5,75,1.93,188.38,0.0,63.41,350.65,602.44,801.16,Cash,Completed,2.3,Repair,Delhi,Kia Seltos,Diesel,7
T00123,2025-12-14,V067,Van,D040,Driver_040,4.2,R021,Mumbai,Kochi,14.2,26,1.41,151.13,0.0,62.68,150.0,363.81,917.95,Card,Completed,3.2,Inspection,Mumbai,Force Traveller,Diesel,2
T00124,2025-04-30,V042,Sedan,D052,Driver_052,3.6,R055,Delhi,Visakhapatnam,31.8,59,2.55,258.26,0.0,97.25,261.73,617.24,222.74,UPI,Cancelled,3.6,None,Delhi,Hyundai Verna,Petrol,3
T00125,2025-12-26,V040,Sedan,D113,Driver_113,3.6,R026,Hyderabad,Mumbai,86.7,158,6.42,650.61,2210.18,381.69,525.05,3767.53,2103.94,COD,Completed,4.3,None,Hyderabad,Honda City,Petrol,7
T00126,2025-04-27,V097,Truck,D090,Driver_090,3.3,R026,Chennai,Bengaluru,46.1,114,6.9,727.29,0.0,187.52,409.21,1324.02,2188.15,Card,Completed,3.6,None,Chennai,BharatBenz 1015,Diesel,8
T00127,2025-03-03,V020,Van,D106,Driver_106,4.2,R025,Delhi,Kochi,49.9,106,5.71,558.94,4544.17,73.84,499.65,5676.6,528.77,Card,Cancelled,4.5,Repair,Delhi,Tata Winger,Diesel,8
T00128,2025-10-21,V048,Sedan,D139,Driver_139,3.3,R005,Kochi,Mumbai,126.8,339,9.67,1002.31,0.0,416.59,1789.5,3208.4,3329.96,Card,Completed,3.5,None,Kochi,Honda City,Petrol,11
T00129,2025-03-17,V100,Sedan,D084,Driver_084,4.5,R015,Hyderabad,Pune,30.8,65,2.16,213.44,2016.84,48.8,259.48,2538.56,102.47,Cash,Cancelled,5.0,Inspection,Hyderabad,Hyundai Verna,Petrol,11
T00130,2025-07-24,V028,Sedan,D051,Driver_051,3.3,R001,Delhi,Chennai,21.8,77,1.54,157.93,0.0,87.97,297.27,543.17,663.57,COD,Completed,5.0,None,Delhi,Honda City,Petrol,12
T00131,2025-05-08,V050,Sedan,D054,Driver_054,4.0,R001,Mumbai,Bengaluru,94.7,276,6.38,660.29,0.0,363.79,1350.52,2374.6,2485.04,Card,Completed,4.3,None,Mumbai,Hyundai Verna,Petrol,1
T00132,2025-06-22,V054,SUV,D019,Driver_019,3.2,R028,Mumbai,Kochi,22.6,59,1.76,181.73,6788.42,95.96,210.0,7276.11,169.56,Card,Cancelled,4.5,Repair,Mumbai,Toyota Innova,Diesel,7
T00133,2025-01-18,V036,SUV,D010,Driver_010,4.9,R062,Bengaluru,Mumbai,51.9,109,4.65,477.4,4122.43,183.01,338.83,5121.67,1968.81,COD,Completed,3.8,None,Bengaluru,Hyundai Creta,Diesel,5
T00134,2025-12-23,V085,Sedan,D148,Driver_148,3.0,R064,Mumbai,Chennai,61.7,145,4.71,510.31,8323.87,222.38,450.64,9507.2,379.95,Cash,Cancelled,4.9,,Mumbai,Honda City,Petrol,9
T00135,2025-10-23,V026,SUV,D091,Driver_091,4.2,R058,Hyderabad,Delhi,50.3,103,4.47,427.51,0.0,223.48,454.69,1105.68,1950.9,Net Banking,Completed,4.7,None,Hyderabad,Kia Seltos,Diesel,7
T00136,2025-11-25,V015,SUV,D021,Driver_021,3.6,R045,Kochi,Delhi,22.4,55,2.16,235.33,0.0,46.36,175.28,456.97,1112.22,COD,Completed,3.6,Repair,Kochi,Kia Seltos,Diesel,3
T00137,2025-11-06,V082,Sedan,D131,Driver_131,3.6,R006,Visakhapatnam,Pune,30.7,53,1.9,207.96,0.0,61.98,270.17,540.11,71.57,Cash,Cancelled,4.1,None,Visakhapatnam,Hyundai Verna,Petrol,5
T00138,2025-09-30,V081,SUV,D098,Driver_098,4.3,R032,Pune,Delhi,30.4,73,2.3,233.23,670.88,83.46,265.05,1252.62,1289.84,Net Banking,Completed,4.0,Service,Pune,Toyota Innova,Diesel,11
T00139,2025-04-11,V074,Sedan,D003,Driver_003,4.3,R024,Kochi,Bengaluru,10.9,48,0.82,89.29,0.0,33.32,244.33,366.94,599.46,UPI,Completed,3.8,Repair,Kochi,Maruti Dzire,Petrol,11
T00140,2025-10-15,V076,Sedan,D012,Driver_012,4.4,R029,Pune,Hyderabad,20.2,54,1.36,133.1,0.0,89.92,283.12,506.14,767.7,Net Banking,Completed,4.1,,Pune,Maruti Dzire,Petrol,3
T00141,2025-12-03,V086,Van,D041,Driver_041,3.9,R001,Kochi,Mumbai,48.5,103,5.03,539.38,5012.86,110.03,494.59,6156.86,1804.68,UPI,Completed,3.2,Service,Kochi,Maruti Eeco,Diesel,6
T00142,2025-04-11,V016,Sedan,D137,Driver_137,4.3,R005,Pune,Chennai,23.9,53,1.77,168.4,0.0,103.15,229.0,500.55,132.75,UPI,Cancelled,4.1,None,Pune,Hyundai Verna,Petrol,5
T00143,2025-07-02,V008,Truck,D150,Driver_150,4.7,R075,Chennai,Mumbai,109.6,275,15.27,1493.56,0.0,205.77,979.14,2678.47,4727.97,COD,Completed,3.7,Repair,Chennai,BharatBenz 1015,Diesel,5
T00144,2025-01-20,V006,Sedan,D088,Driver_088,5.0,R037,Bengaluru,Delhi,71.7,185,5.3,530.68,0.0,201.65,816.31,1548.64,1800.24,Cash,Completed,4.2,Inspection,Bengaluru,Honda City,Petrol,10
T00145,2025-06-07,V060,SUV,D087,Driver_087,4.9,R011,Kochi,Pune,32.6,66,2.43,248.73,1003.23,108.96,329.02,1689.94,355.8,COD,Cancelled,4.2,None,Kochi,Hyundai Creta,Diesel,5
T00146,2025-07-14,V029,Truck,D114,Driver_114,3.8,R047,Kochi,Delhi,15.3,20,1.98,216.99,0.0,65.99,150.0,432.98,813.26,UPI,Completed,3.0,Inspection,Kochi,BharatBenz 1015,Diesel,12
T00147,2025-02-27,V062,Sedan,D138,Driver_138,3.7,R074,Pune,Bengaluru,17.8,51,1.17,126.77,0.0,72.49,249.65,448.91,62.93,UPI,Cancelled,4.8,Repair,Pune,Hyundai Verna,Petrol,7
T00148,2025-03-02,V063,Truck,D002,Driver_002,4.8,R028,Bengaluru,Chennai,40.1,98,5.43,583.1,1178.67,87.2,359.63,2208.6,2172.65,COD,Completed,5.0,Service,Bengaluru,Tata 407,Diesel,10
T00149,2025-04-22,V097,SUV,D045,Driver_045,4.0,R080,Pune,Hyderabad,23.0,78,2.04,200.82,0.0,69.88,410.32,681.02,972.17,Net Banking,Completed,2.4,Service,Pune,Kia Seltos,Diesel,6
T00150,2025-04-11,V037,SUV,D055,Driver_055,3.8,R048,Visakhapatnam,Chennai,30.7,55,2.5,263.47,0.0,86.73,246.06,596.26,1316.95,Net Banking,Completed,4.0,Service,Visakhapatnam,Toyota Innova,Diesel,12
T00151,2025-12-12,V006,Sedan,D114,Driver_114,4.6,R059,Bengaluru,Visakhapatnam,88.6,132,5.53,561.55,0.0,189.54,766.88,1517.97,18.45,Net Banking,Cancelled,4.1,None,Bengaluru,Hyundai Verna,Petrol,5
T00152,2025-04-27,V038,Van,D094,Driver_094,3.8,R038,Bengaluru,Hyderabad,65.4,124,6.86,662.67,0.0,228.34,703.72,1594.73,2836.35,Card,Completed,3.6,None,Bengaluru,Maruti Eeco,Diesel,3
T00153,2025-09-05,V076,Truck,D066,Driver_066,4.5,R030,Hyderabad,Mumbai,8.5,40,1.13,110.17,0.0,23.89,223.96,358.02,690.75,COD,Completed,5.0,None,Hyderabad,Ashok Leyland Dost,Diesel,3
T00154,2025-08-28,V050,SUV,D082,Driver_082,5.0,R014,Kochi,Visakhapatnam,71.2,171,6.11,624.09,7925.45,180.04,854.36,9583.94,495.9,Net Banking,Cancelled,4.5,None,Kochi,Kia Seltos,Diesel,5
T00155,2025-11-16,V046,SUV,D102,Driver_102,4.5,R051,Mumbai,Pune,33.6,69,2.56,280.14,0.0,91.23,209.25,580.62,1422.29,Card,Completed,4.5,None,Mumbai,Kia Seltos,Diesel,6
T00156,2025-04-05,V007,Sedan,D111,Driver_111,4.3,R045,Hyderabad,Bengaluru,43.0,126,2.74,288.01,0.0,74.47,633.14,995.62,1036.67,COD,Completed,4.0,None,Hyderabad,Hyundai Verna,Petrol,10
T00157,2025-05-09,V011,Van,D146,Driver_146,3.3,R047,Hyderabad,Visakhapatnam,16.8,74,1.85,195.9,0.0,45.17,322.84,563.91,114.11,UPI,Cancelled,4.0,Service,Hyderabad,Maruti Eeco,Diesel,3
T00158,2025-06-29,V021,Van,D047,Driver_047,4.0,R014,Pune,Bengaluru,13.9,37,1.46,141.8,6367.08,53.78,150.0,6712.66,214.64,Card,Cancelled,4.2,None,Pune,Force Traveller,Diesel,3
T00159,2025-06-22,V007,Van,D124,Driver_124,4.4,R076,Visakhapatnam,Chennai,18.8,69,1.87,180.07,0.0,61.12,291.77,532.96,842.18,Card,Completed,4.7,Repair,Visakhapatnam,Force Traveller,Diesel,3
T00160,2025-08-24,V035,SUV,D112,Driver_112,4.5,R052,Chennai,Bengaluru,64.9,102,5.28,512.54,6838.84,171.23,394.3,7916.91,641.99,Card,Cancelled,4.4,Inspection,Chennai,Hyundai Creta,Diesel,1
T00161,2025-12-28,V027,Van,D003,Driver_003,4.0,R073,Hyderabad,Bengaluru,32.8,91,3.03,304.27,0.0,64.62,432.32,801.21,1495.64,Cash,Completed,4.0,None,Hyderabad,Force Traveller,Diesel,9
T00162,2025-10-14,V043,SUV,D068,Driver_068,4.5,R063,Delhi,Mumbai,41.0,119,3.64,356.39,0.0,59.77,678.62,1094.78,1370.58,Card,Completed,4.4,Inspection,Delhi,Toyota Innova,Diesel,3
T00163,2025-05-15,V014,SUV,D121,Driver_121,3.9,R041,Pune,Hyderabad,42.2,128,3.69,382.2,0.0,56.76,582.38,1021.34,1788.84,UPI,Completed,4.7,None,Pune,Kia Seltos,Diesel,9
T00164,2025-03-25,V075,Sedan,D019,Driver_019,3.7,R076,Chennai,Kochi,25.4,68,1.78,194.64,7724.35,82.01,375.68,8376.68,928.67,COD,Completed,4.7,None,Chennai,Maruti Dzire,Petrol,1
T00165,2025-06-08,V099,Sedan,D121,Driver_121,3.1,R046,Visakhapatnam,Mumbai,38.9,97,2.99,302.2,0.0,63.94,334.71,700.85,1101.54,Cash,Completed,3.6,None,Visakhapatnam,Hyundai Verna,Petrol,2
T00166,2025-12-08,V088,SUV,D018,Driver_018,3.5,R002,Kochi,Chennai,41.5,103,3.56,351.36,0.0,122.59,509.33,983.28,428.6,Net Banking,Cancelled,4.2,None,Kochi,Hyundai Creta,Diesel,11
T00167,2025-03-26,V084,Van,D137,Driver_137,4.9,R064,Pune,Bengaluru,17.3,52,1.57,153.28,0.0,64.26,172.99,390.53,820.26,UPI,Completed,4.9,None,Pune,Force Traveller,Diesel,7
T00168,2025-06-24,V077,Truck,D139,Driver_139,4.2,R036,Kochi,Bengaluru,24.7,52,3.44,330.95,0.0,103.35,188.42,622.72,1427.41,Cash,Completed,3.0,None,Kochi,Ashok Leyland Dost,Diesel,9
T00169,2025-05-26,V085,Sedan,D150,Driver_150,3.9,R050,Delhi,Mumbai,49.5,113,3.87,378.85,0.0,98.44,515.75,993.04,1622.45,Cash,Completed,4.7,None,Delhi,Hyundai Verna,Petrol,7
T00170,2025-01-11,V098,Sedan,D006,Driver_006,5.0,R016,Mumbai,Bengaluru,32.0,73,2.46,250.07,0.0,93.92,243.24,587.23,784.15,Net Banking,Completed,4.0,Service,Mumbai,Honda City,Petrol,1
T00171,2025-02-17,V011,Sedan,D139,Driver_139,3.6,R009,Mumbai,Bengaluru,64.7,192,5.05,509.98,0.0,292.66,1100.94,1903.58,1841.96,Cash,Completed,2.8,None,Mumbai,Maruti Dzire,Petrol,5
T00172,2025-01-22,V087,Van,D051,Driver_051,3.1,R011,Chennai,Delhi,92.0,169,9.61,985.94,0.0,215.12,507.07,1708.13,3629.32,Cash,Completed,4.1,Service,Chennai,Maruti Eeco,Diesel,8
T00173,2025-09-15,V035,SUV,D100,Driver_100,4.2,R032,Hyderabad,Chennai,64.3,194,5.6,604.84,0.0,96.83,930.67,1632.34,2241.71,Card,Completed,3.1,Inspection,Hyderabad,Toyota Innova,Diesel,11
T00174,2025-04-14,V048,Sedan,D047,Driver_047,4.6,R080,Visakhapatnam,Pune,25.9,29,1.92,191.8,3617.38,91.8,150.0,4050.98,941.97,COD,Completed,4.6,Repair,Visakhapatnam,Maruti Dzire,Petrol,11
T00175,2025-02-27,V036,Van,D041,Driver_041,4.2,R026,Bengaluru,Mumbai,32.1,71,3.32,339.91,0.0,71.39,283.06,694.36,444.82,UPI,Cancelled,5.0,None,Bengaluru,Maruti Eeco,Diesel,6
T00176,2025-10-27,V084,Sedan,D147,Driver_147,4.2,R049,Visakhapatnam,,86.4,147,6.99,708.21,0.0,209.71,496.85,1414.77,2143.98,UPI,Completed,4.2,Service,Visakhapatnam,Hyundai Verna,Petrol,5
T00177,2025-06-10,V081,Truck,D040,Driver_040,4.5,R066,Bengaluru,Chennai,19.8,77,2.95,292.15,0.0,62.39,282.34,636.88,1138.89,UPI,Completed,4.6,Inspection,Bengaluru,Tata 407,Diesel,11
T00178,2025-03-14,V041,Truck,D092,Driver_092,4.8,R009,Bengaluru,Kochi,67.0,118,11.25,1178.8,0.0,142.65,626.73,1948.18,3230.09,Card,Completed,3.9,None,Bengaluru,Tata 407,Diesel,3
T00179,2025-01-15,V061,Van,D137,Driver_137,3.9,R055,Bengaluru,Visakhapatnam,21.9,91,2.44,232.77,0.0,65.89,380.31,678.97,1227.84,COD,Completed,4.3,None,Bengaluru,Force Traveller,Diesel,3
T00180,2025-03-26,V031,Sedan,D109,Driver_109,3.8,R073,Chennai,Hyderabad,47.6,90,3.73,391.61,0.0,105.01,415.82,912.44,1494.65,Net Banking,Completed,4.2,None,Chennai,Hyundai Verna,Petrol,9
T00181,2025-11-13,V020,SUV,D081,Driver_081,4.9,R051,Mumbai,Pune,52.8,120,5.24,505.14,0.0,139.06,383.11,1027.31,1874.98,Cash,Completed,3.4,Repair,Mumbai,Toyota Innova,Diesel,7
T00182,2025-01-22,V023,Sedan,D086,Driver_086,,R058,Visakhapatnam,Pune,38.5,104,2.52,275.75,0.0,139.57,399.4,814.72,1190.48,Card,Completed,3.8,None,Visakhapatnam,Hyundai Verna,Petrol,4
T00183,2025-10-14,V014,Van,D085,Driver_085,4.0,R062,Delhi,Kochi,15.3,40,1.5,164.07,7178.67,52.21,192.48,7587.43,10.5,upi,Cancelled,3.8,Inspection,Delhi,Maruti Eeco,Diesel,5
T00184,2025-01-08,V044,Sedan,D034,Driver_034,4.2,R046,Mumbai,Delhi,79.8,211,5.17,534.99,2614.47,331.1,1066.56,4547.12,1870.02,Cash,Completed,4.2,None,Mumbai,Honda City,Petrol,6
T00185,2025-05-10,V019,SUV,D093,Driver_093,4.4,R063,Bengaluru,Visakhapatnam,46.7,160,3.91,423.7,0.0,191.26,862.14,1477.1,1800.1,COD,Completed,3.9,Inspection,Bengaluru,Kia Seltos,Diesel,9
T00186,2025-10-13,V064,Sedan,D026,Driver_026,4.1,R005,Delhi,Hyderabad,32.8,94,2.02,214.67,714.22,60.9,332.43,1322.22,1037.96,Card,Completed,4.9,None,Delhi,Honda City,Petrol,8
T00187,2025-08-27,V074,SUV,D032,Driver_032,4.3,R021,Chennai,Mumbai,18.8,56,,180.7,0.0,71.48,266.97,519.15,148.13,UPI,Cancelled,4.2,Inspection,Chennai,Toyota Innova,Diesel,10
T00188,2025-01-02,V031,Truck,D123,Driver_123,4.2,R080,Kochi,Visakhapatnam,16.4,49,2.8,269.14,0.0,25.86,214.9,509.9,977.02,Card,Completed,3.7,None,Kochi,BharatBenz 1015,Diesel,11
T00189,2025-03-18,V071,Truck,D075,Driver_075,3.1,R015,Mumbai,Pune,14.3,45,2.02,205.93,0.0,64.57,227.13,497.63,310.5,UPI,Cancelled,4.6,Inspection,Mumbai,Tata 407,Diesel,12
T00190,2025-10-24,V066,SUV,D131,Driver_131,3.7,R071,Chennai,Mumbai,18.3,51,1.37,140.54,0.0,85.4,272.69,498.63,933.14,UPI,Completed,4.1,Repair,Chennai,Hyundai Creta,Diesel,8
T00191,2025-06-18,V084,Sedan,D139,Driver_139,3.6,R040,Bengaluru,Delhi,23.6,61,1.8,174.88,0.0,61.49,316.11,552.48,713.91,UPI,Completed,4.5,None,Bengaluru,Honda City,Petrol,9
T00192,2025-03-21,V029,Van,D001,Driver_001,3.9,R038,Hyderabad,Pune,78.7,129,9.16,947.66,0.0,141.77,412.71,1502.14,2973.78,Net Banking,Completed,4.6,Inspection,Hyderabad,Maruti Eeco,Diesel,9
T00193,2025-05-26,V030,Sedan,D052,Driver_052,4.8,R022,Pune,Chennai,28.6,77,2.21,227.26,0.0,91.67,327.59,646.52,1050.82,UPI,Completed,3.8,None,Pune,Maruti Dzire,Petrol,12
T00194,2025-04-06,V056,Sedan,D101,Driver_101,4.0,R043,Bengaluru,Visakhapatnam,39.6,114,2.45,258.16,0.0,98.44,487.61,844.21,238.87,COD,Cancelled,4.1,None,Bengaluru,Honda City,Petrol,6
T00195,2025-03-26,V037,Sedan,D133,Driver_133,3.6,R069,Bengaluru,Chennai,92.9,162,6.05,641.63,0.0,422.18,901.9,1965.71,2460.03,Cash,Completed,3.2,None,Bengaluru,Hyundai Verna,Petrol,4
T00196,2025-09-11,V031,Van,D053,Driver_053,4.0,R021,Kochi,Mumbai,102.5,187,9.94,1021.1,5898.13,394.63,1011.58,8325.44,3980.87,Net Banking,Completed,3.8,None,Kochi,Maruti Eeco,Diesel,6
T00197,2025-09-30,V001,SUV,D109,Driver_109,4.7,R005,Visakhapatnam,Kochi,112.0,345,8.43,840.37,850.7,160.29,1440.43,3291.79,3677.75,Cash,Completed,4.0,None,Visakhapatnam,Toyota Innova,Diesel,7
T00198,2025-02-21,V012,Van,D136,Driver_136,3.8,R051,Hyderabad,Chennai,32.6,53,3.28,333.96,0.0,105.19,171.73,610.88,1514.63,UPI,Completed,4.9,None,Hyderabad,Tata Winger,Diesel,4
T00199,2025-12-02,V038,SUV,D075,Driver_075,4.0,R017,Visakhapatnam,Kochi,13.7,27,1.39,144.19,3326.67,41.15,150.0,3662.01,821.04,UPI,Completed,4.3,None,Visakhapatnam,Toyota Innova,Diesel,9
T00200,2025-11-21,V099,Van,D018,Driver_018,3.8,R077,Hyderabad,Visakhapatnam,59.5,184,5.72,562.67,0.0,83.32,707.76,1353.75,2287.46,Net Banking,Completed,3.9,None,Hyderabad,Force Traveller,Diesel,8
T00201,2025-04-24,V026,Sedan,D001,Driver_001,4.2,R063,Hyderabad,Chennai,18.7,72,1.32,136.05,0.0,79.42,342.36,557.83,211.72,COD,Cancelled,3.5,Repair,Hyderabad,Hyundai Verna,Petrol,4
T00202,2025-04-11,V076,Sedan,D016,Driver_016,4.9,R066,Delhi,Kochi,15.7,54,1.0,105.83,0.0,62.62,281.23,449.68,468.24,UPI,Completed,4.9,Inspection,Delhi,Hyundai Verna,Petrol,4
T00203,2025-09-14,V013,Truck,D110,Driver_110,4.3,R067,Kochi,Bengaluru,19.0,51,2.57,270.47,0.0,50.79,159.08,480.34,1053.45,Card,Completed,4.4,Repair,Kochi,BharatBenz 1015,Diesel,10
T00204,2025-11-21,V044,SUV,D115,Driver_115,4.7,R071,Pune,Chennai,83.1,282,7.5,774.53,0.0,226.64,1563.54,2564.71,679.58,Net Banking,Cancelled,3.7,None,Pune,Toyota Innova,Diesel,8
T00205,2025-07-18,V081,SUV,D142,Driver_142,4.2,R053,Visakhapatnam,Kochi,46.0,116,3.76,396.89,0.0,97.27,654.12,1148.28,1587.25,Card,Completed,3.2,Repair,Visakhapatnam,Kia Seltos,Diesel,7
T00206,2025-11-28,V065,SUV,D003,Driver_003,4.1,R035,Pune,Kochi,41.0,106,3.17,344.39,0.0,96.68,337.17,778.24,1320.48,Card,Completed,3.9,None,Pune,Toyota Innova,Diesel,11
T00207,2025-10-31,V041,SUV,D108,Driver_108,4.8,R009,Mumbai,Pune,31.6,119,3.06,299.07,2714.72,126.17,487.7,3627.66,1174.28,Cash,Completed,3.4,Service,Mumbai,Hyundai Creta,Diesel,8
T00208,2025-12-26,V025,SUV,D006,Driver_006,3.7,R015,Delhi,Kochi,11.2,24,1.02,102.82,0.0,16.77,150.0,269.59,685.03,COD,Completed,4.0,None,Delhi,Toyota Innova,Diesel,12
T00209,2025-07-20,V023,Van,D070,Driver_070,4.2,R051,Delhi,Mumbai,54.6,123,4.9,494.42,0.0,114.08,678.95,1287.45,553.37,Card,Cancelled,4.7,None,Delhi,Maruti Eeco,Diesel,3
T00210,2025-08-16,V031,Sedan,D033,Driver_033,,R031,Pune,Bengaluru,43.0,89,3.27,346.41,0.0,147.61,386.3,880.32,1279.78,Cash,Completed,4.6,None,Pune,Honda City,Petrol,1
T00211,2025-11-09,V086,SUV,D016,Driver_016,4.3,R074,Mumbai,Delhi,72.9,173,6.91,729.63,0.0,329.06,760.23,1818.92,2379.11,Card,Completed,3.5,None,Mumbai,Toyota Innova,Diesel,8
T00212,2025-09-17,V089,Truck,D115,Driver_115,4.8,R068,Pune,Chennai,58.6,102,7.74,824.65,0.0,140.1,534.13,1498.88,2557.56,UPI,Completed,3.0,None,Pune,Ashok Leyland Dost,Diesel,7
T00213,2025-06-09,V069,Van,D057,Driver_057,4.3,R046,Chennai,Delhi,24.3,64,2.4,263.01,0.0,100.27,326.85,690.13,303.53,Cash,Cancelled,4.1,None,Chennai,Tata Winger,Diesel,6
T00214,2025-01-03,V007,Sedan,D041,Driver_041,3.8,R053,Hyderabad,Delhi,33.7,78,2.61,285.38,0.0,89.99,239.41,614.78,987.23,Net Banking,Completed,4.1,None,Hyderabad,Maruti Dzire,Petrol,8
T00215,2025-03-27,V037,Sedan,D028,Driver_028,4.5,R054,Hyderabad,Pune,36.8,94,2.73,273.56,5030.9,155.14,305.82,5765.42,1116.1,UPI,Completed,4.2,None,Hyderabad,Hyundai Verna,Petrol,3
T00216,2025-07-03,V085,Van,D004,Driver_004,4.4,R076,Kochi,Hyderabad,46.0,120,4.7,490.75,8645.91,75.75,388.82,9601.23,2096.19,Card,Completed,3.0,Repair,Kochi,Force Traveller,Diesel,7
T00217,2025-07-03,V082,SUV,D045,Driver_045,3.9,R065,Hyderabad,Bengaluru,32.1,76,3.06,291.29,0.0,71.95,426.55,789.79,1223.29,Cash,Completed,4.5,None,Hyderabad,Toyota Innova,Diesel,6
T00218,2025-10-27,V064,Van,D018,Driver_018,4.7,R062,Pune,Chennai,14.6,49,1.48,158.6,0.0,54.67,264.65,477.92,1011.99,Card,Completed,4.2,Inspection,Pune,Force Traveller,Diesel,10
T00219,2025-02-06,V004,Sedan,D006,Driver_006,3.5,R023,Delhi,Hyderabad,50.0,118,3.3,326.05,0.0,202.99,371.67,900.71,1488.02,,Completed,4.3,None,Delhi,Hyundai Verna,Petrol,10
T00220,2025-07-16,V077,SUV,D131,Driver_131,4.5,R016,Bengaluru,Kochi,60.0,172,5.3,565.01,0.0,200.84,870.52,1636.37,2228.16,COD,Completed,2.5,Repair,Bengaluru,Kia Seltos,Diesel,5
T00221,2025-12-06,V061,Truck,D027,Driver_027,4.9,R024,Mumbai,Kochi,112.1,309,19.45,2103.62,0.0,180.07,1710.62,3994.31,4901.08,COD,Completed,3.6,Service,Mumbai,Tata 407,Diesel,4
T00222,2025-07-09,V060,Sedan,D047,Driver_047,4.7,R026,Bengaluru,Mumbai,47.7,128,3.68,403.42,7037.36,66.82,668.02,8175.62,229.7,Net Banking,Cancelled,5.0,Inspection,Bengaluru,Hyundai Verna,Petrol,7
T00223,2025-06-11,V098,SUV,D032,Driver_032,4.0,R018,Pune,Visakhapatnam,27.7,80,2.77,274.26,0.0,41.97,414.83,731.06,1020.19,Net Banking,Completed,4.9,Service,Pune,Toyota Innova,Diesel,4
T00224,2025-05-06,V004,Van,D086,Driver_086,4.2,R033,Pune,Chennai,151.7,463,17.2,1799.72,0.0,518.93,2181.19,4499.84,5855.17,Cash,Completed,3.5,None,Pune,Force Traveller,Diesel,2
T00225,2025-07-04,V026,SUV,D148,Driver_148,3.8,R005,Pune,Delhi,23.2,47,1.87,202.75,0.0,40.19,213.05,455.99,870.73,Card,Completed,3.5,None,Pune,Kia Seltos,Diesel,2
T00226,2025-11-18,V070,Sedan,D046,Driver_046,3.5,R066,Mumbai,Visakhapatnam,31.9,93,2.39,245.4,1519.96,63.86,540.24,2369.46,1068.82,Card,Completed,4.4,Repair,Mumbai,Honda City,Petrol,4
T00227,2025-08-14,V046,Truck,D006,Driver_006,4.6,R075,Kochi,Bengaluru,32.6,73,4.97,475.97,0.0,62.11,259.72,797.8,1579.38,COD,Completed,4.9,None,Kochi,Ashok Leyland Dost,Diesel,3
T00228,2025-04-20,V064,Truck,D118,Driver_118,3.1,R030,Kochi,Hyderabad,26.0,88,4.42,420.27,0.0,54.44,350.79,825.5,41.2,Cash,Cancelled,4.3,Service,Kochi,BharatBenz 1015,Diesel,6
T00229,2025-06-21,V067,SUV,D115,Driver_115,4.1,R077,Hyderabad,Delhi,15.6,37,1.17,120.83,0.0,38.45,150.0,309.28,796.35,Card,Completed,3.3,Service,Hyderabad,Toyota Innova,Diesel,9
T00230,2025-08-30,V039,Van,D137,Driver_137,4.7,R065,Visakhapatnam,Mumbai,34.5,107,3.79,414.11,0.0,67.46,483.99,965.56,1525.86,COD,Completed,4.1,None,Visakhapatnam,Tata Winger,Diesel,7
T00231,2025-06-04,V021,Sedan,D046,Driver_046,4.4,R036,Hyderabad,Delhi,27.7,100,2.0,197.41,1133.88,118.71,555.83,2005.83,940.96,Cash,Completed,4.6,Inspection,Hyderabad,Honda City,Petrol,8
T00232,2025-08-01,V023,Van,D121,Driver_121,4.4,R048,Bengaluru,Mumbai,59.3,117,6.0,652.98,0.0,177.3,597.61,1427.89,2470.19,Net Banking,Completed,4.5,None,Bengaluru,Maruti Eeco,Diesel,12
T00233,2025-11-22,V093,Sedan,D065,Driver_065,4.0,R006,Visakhapatnam,Hyderabad,44.6,136,2.67,263.57,4720.82,168.43,669.08,5821.9,101.98,Card,Cancelled,3.6,None,Visakhapatnam,Maruti Dzire,Petrol,10
T00234,2025-05-14,V016,Sedan,D009,Driver_009,4.4,R051,Mumbai,Chennai,63.2,219,4.15,398.53,0.0,91.16,820.77,1310.46,1759.03,Card,Completed,3.8,None,Mumbai,Honda City,Petrol,5
T00235,2025-07-29,V051,Sedan,D090,Driver_090,4.0,R049,Delhi,Kochi,58.4,191,4.24,448.36,0.0,136.96,658.44,1243.76,1505.95,Card,Completed,4.4,None,Delhi,Maruti Dzire,Petrol,10
T00236,2025-08-24,V033,Van,D087,Driver_087,3.2,R044,Kochi,Delhi,23.4,64,2.54,252.63,0.0,79.43,347.45,679.51,165.98,COD,Cancelled,3.7,Repair,Kochi,Tata Winger,Diesel,12
T00237,2025-06-04,V001,Sedan,D144,Driver_144,3.8,R027,Mumbai,,16.0,36,1.11,105.55,2177.15,54.39,150.0,2487.09,31.52,Cash,Cancelled,3.9,None,Mumbai,Honda City,Petrol,9
T00238,2025-06-01,V085,Sedan,D131,Driver_131,4.6,R042,Kochi,Delhi,18.4,25,1.17,122.4,0.0,56.72,150.0,329.12,861.96,Net Banking,Completed,3.9,Repair,Kochi,Honda City,Petrol,4
T00239,2025-01-27,V034,SUV,D085,Driver_085,4.1,R071,Kochi,Hyderabad,16.9,72,1.31,129.45,0.0,76.53,321.17,527.15,167.85,Cash,Cancelled,5.0,None,Kochi,Kia Seltos,Diesel,10
T00240,2025-12-25,V010,Sedan,D003,Driver_003,4.9,R047,Pune,Visakhapatnam,29.5,72,2.12,219.86,2046.09,100.04,337.95,2703.94,745.76,COD,Completed,3.8,None,Pune,Maruti Dzire,Petrol,8
T00241,2025-12-30,V018,Sedan,D076,Driver_076,3.6,R075,Kochi,Visakhapatnam,58.5,103,3.89,396.57,0.0,78.33,374.56,849.46,1424.27,Net Banking,Completed,3.8,None,Kochi,Hyundai Verna,Petrol,4
T00242,2025-12-18,V042,SUV,D008,Driver_008,4.7,R024,Hyderabad,Pune,46.0,100,4.66,450.99,0.0,109.7,389.05,949.74,1640.36,,Completed,4.6,None,Hyderabad,Kia Seltos,Diesel,10
T00243,2025-04-11,V036,SUV,D121,Driver_121,4.4,R018,Chennai,Visakhapatnam,13.9,43,1.04,109.84,0.0,28.04,210.31,348.19,737.17,UPI,Completed,4.4,Repair,Chennai,Toyota Innova,Diesel,1
T00244,2025-11-27,V002,Sedan,D119,Driver_119,4.2,R078,Bengaluru,Mumbai,33.2,82,2.25,246.66,0.0,133.27,295.78,675.71,1164.17,Card,Completed,3.5,None,Bengaluru,Hyundai Verna,Petrol,3
T00245,2025-04-23,V088,Sedan,D065,Driver_065,3.9,R053,Delhi,Mumbai,17.1,68,1.36,144.91,0.0,44.43,237.65,426.99,624.07,Card,Completed,4.8,None,Delhi,Honda City,Petrol,1
T00246,2025-05-20,V030,SUV,D142,Driver_142,4.4,R062,Kochi,Delhi,14.7,42,1.35,145.05,0.0,22.82,216.29,384.16,806.24,UPI,Completed,4.2,Service,Kochi,Kia Seltos,Diesel,5
T00247,2025-03-11,V074,Van,D031,Driver_031,3.8,R052,Pune,Chennai,8.8,26,0.94,93.26,0.0,22.4,150.0,265.66,763.31,UPI,Completed,4.4,None,Pune,Maruti Eeco,Diesel,1
T00248,2025-08-28,V027,Sedan,D051,Driver_051,4.3,R032,Pune,Kochi,32.2,117,2.57,258.13,5163.15,79.74,385.52,5886.54,1104.5,Net Banking,Completed,3.3,None,Pune,Hyundai Verna,Petrol,8
T00249,2025-10-07,V083,Van,D044,Driver_044,3.9,R070,Delhi,Pune,47.2,78,5.22,570.63,0.0,89.41,442.04,1102.08,416.46,UPI,Cancelled,4.0,None,Delhi,Tata Winger,Diesel,11
T00250,2025-09-03,V067,SUV,D015,Driver_015,3.6,R044,Visakhapatnam,Hyderabad,56.1,170,4.55,455.63,0.0,108.14,981.23,1545.0,1816.15,UPI,Completed,3.5,None,Visakhapatnam,Toyota Innova,Diesel,1
T00251,2025-01-16,V075,SUV,D132,Driver_132,4.5,R036,Mumbai,Kochi,30.6,85,2.56,276.85,5442.16,139.26,276.67,6134.94,1309.03,COD,Completed,4.1,None,Mumbai,Hyundai Creta,Diesel,3
T00252,2025-06-13,V059,Van,D135,Driver_135,4.0,R013,Mumbai,Bengaluru,64.3,179,6.09,662.98,0.0,156.91,639.93,1459.82,2702.09,Card,Completed,3.6,None,Mumbai,Force Traveller,Diesel,10
T00253,2025-05-16,V042,SUV,D076,Driver_076,4.1,R057,Chennai,Bengaluru,27.7,83,,251.25,5095.01,57.74,308.32,5712.32,204.59,Net Banking,Cancelled,4.5,Inspection,Chennai,Toyota Innova,Diesel,12
T00254,2025-10-22,V042,Sedan,D118,Driver_118,4.0,R035,Delhi,Mumbai,27.5,82,2.18,220.33,0.0,69.87,344.17,634.37,1136.35,UPI,completed,4.4,Service,Delhi,Hyundai Verna,Petrol,11
T00255,2025-09-29,V065,Truck,D097,Driver_097,4.2,R037,Hyderabad,Pune,16.3,29,2.39,235.34,0.0,50.54,150.0,435.88,1047.46,COD,Completed,4.5,None,Hyderabad,Ashok Leyland Dost,Diesel,7
T00256,2025-03-02,V100,SUV,D036,Driver_036,4.4,R075,Hyderabad,Delhi,43.5,76,4.37,476.19,0.0,124.14,287.07,887.4,1819.48,Cash,Completed,3.6,None,Hyderabad,Toyota Innova,Diesel,11
T00257,2025-11-30,V081,SUV,D068,Driver_068,4.1,R021,Visakhapatnam,Delhi,36.1,77,3.37,359.59,0.0,128.05,404.91,892.55,1510.68,Net Banking,Completed,4.7,Inspection,Visakhapatnam,Kia Seltos,Diesel,7
T00258,2025-02-04,V099,SUV,D018,Driver_018,3.0,R039,Chennai,Bengaluru,23.5,54,1.91,191.16,0.0,89.75,201.84,482.75,4.3,Cash,Cancelled,4.3,Repair,Chennai,Toyota Innova,Diesel,8
T00259,2025-07-24,V065,Sedan,D046,Driver_046,4.8,R006,Pune,Kochi,62.8,112,3.87,399.3,0.0,154.06,618.98,1172.34,1857.91,Cash,Completed,3.8,None,Pune,Hyundai Verna,Petrol,9
T00260,2025-10-13,V050,Truck,D077,Driver_077,3.8,R063,Hyderabad,Kochi,17.3,22,2.55,244.21,7113.26,57.79,150.0,7565.26,1107.05,Cash,Completed,3.3,Service,Hyderabad,Ashok Leyland Dost,Diesel,4
T00261,2025-07-11,V095,SUV,D093,Driver_093,4.2,R076,Mumbai,Hyderabad,16.8,61,1.26,128.42,0.0,40.71,203.39,372.52,745.75,Card,Completed,4.6,Service,Mumbai,Toyota Innova,Diesel,10
T00262,2025-07-09,V036,SUV,D087,Driver_087,4.5,R068,Kochi,Bengaluru,22.3,48,1.93,204.92,0.0,97.71,242.32,544.95,950.41,COD,Completed,3.5,Service,Kochi,Hyundai Creta,Diesel,3
T00263,2025-06-30,V076,SUV,D070,Driver_070,3.7,R013,Bengaluru,Kochi,57.4,152,5.61,537.88,0.0,189.38,726.36,1453.62,148.21,UPI,Cancelled,4.3,None,Bengaluru,Hyundai Creta,Diesel,1
T00264,2025-11-24,V055,Sedan,D096,Driver_096,4.2,R042,Kochi,Visakhapatnam,26.1,60,2.04,200.98,1869.34,113.16,307.82,2491.3,213.76,COD,Cancelled,5.0,Service,Kochi,Honda City,Petrol,8
T00265,2025-10-14,V045,SUV,D024,Driver_024,4.1,R073,Delhi,Visakhapatnam,68.0,235,6.89,689.94,0.0,181.27,726.74,1597.95,457.67,Card,Cancelled,3.7,None,Delhi,Hyundai Creta,Diesel,6
T00266,2025-07-03,V041,Truck,D063,Driver_063,4.4,R010,Delhi,Mumbai,27.9,67,3.66,363.99,0.0,101.76,371.41,837.16,1522.64,COD,Completed,4.1,None,Delhi,Tata 407,Diesel,4
T00267,2025-01-01,V097,Van,D007,Driver_007,4.1,R079,Hyderabad,Mumbai,142.5,266,16.37,1721.03,0.0,271.04,1158.28,3150.35,5486.7,UPI,Completed,2.4,Service,Hyderabad,Force Traveller,Diesel,3
T00268,2025-04-20,V064,SUV,D117,Driver_117,3.6,R046,Visakhapatnam,Mumbai,20.8,58,1.57,157.44,2852.25,71.63,189.4,3270.72,51.2,UPI,Cancelled,5.0,None,Visakhapatnam,Hyundai Creta,Diesel,3
T00269,2025-05-18,V088,Sedan,D069,Driver_069,4.1,R059,Bengaluru,Hyderabad,31.9,55,2.32,252.14,0.0,141.35,220.63,614.12,920.88,UPI,Completed,4.3,None,Bengaluru,Maruti Dzire,Petrol,2
T00270,2025-08-09,V060,Van,D017,Driver_017,4.5,R044,Mumbai,Chennai,87.6,156,9.72,976.53,2182.12,150.19,734.1,4042.94,3440.31,COD,Completed,,Inspection,Mumbai,Force Traveller,Diesel,5
T00271,2025-11-11,V050,Van,D144,Driver_144,3.6,R076,Kochi,Mumbai,17.9,50,1.66,164.89,0.0,63.42,204.41,432.72,1063.52,Card,Completed,4.3,,Kochi,Tata Winger,Diesel,9
T00272,2025-10-14,V065,SUV,D102,Driver_102,4.0,R057,Delhi,Mumbai,47.6,87,4.17,397.32,3377.7,74.95,452.86,4302.83,196.23,UPI,Cancelled,3.9,Service,Delhi,Kia Seltos,Diesel,7
T00273,2025-12-06,V022,Sedan,D050,Driver_050,3.7,R078,Bengaluru,Visakhapatnam,118.6,350,7.58,816.34,0.0,484.63,1368.08,2669.05,2721.19,COD,Completed,4.9,Service,Bengaluru,Maruti Dzire,Petrol,2
T00274,2025-12-03,V026,Sedan,D075,Driver_075,4.4,R035,Visakhapatnam,Chennai,146.5,271,10.18,1004.41,0.0,598.44,1194.82,2797.67,3502.25,Card,Completed,2.5,None,Visakhapatnam,Hyundai Verna,Petrol,5
T00275,2025-10-22,V060,SUV,D125,Driver_125,4.0,R025,Visakhapatnam,Hyderabad,62.4,152,5.07,513.67,9837.23,262.53,612.96,11226.39,142.48,Cash,Cancelled,4.9,None,Visakhapatnam,Kia Seltos,Diesel,6
T00276,2025-01-02,V064,Truck,D015,Driver_015,4.1,R035,Pune,Delhi,81.6,146,12.11,1185.36,0.0,316.89,585.01,2087.26,3590.49,COD,Completed,3.9,Repair,Pune,BharatBenz 1015,Diesel,7
T00277,2025-02-02,V066,SUV,D014,Driver_014,3.8,R060,Visakhapatnam,Chennai,41.2,124,3.47,368.49,0.0,150.84,453.93,973.26,1321.72,Card,Completed,3.4,Inspection,Visakhapatnam,Toyota Innova,Diesel,11
T00278,2025-03-07,V017,SUV ,D019,Driver_019,4.9,R041,Bengaluru,Visakhapatnam,63.4,149,5.1,520.06,0.0,237.25,570.92,1328.23,1497.45,UPI,Completed,3.7,None,Bengaluru,Hyundai Verna,Petrol,9
T00279,2025-08-26,V059,SUV,D054,Driver_054,2.9,R067,Pune,Bengaluru,18.6,31,1.69,163.68,0.0,41.47,173.15,378.3,1065.64,UPI,Completed,4.7,None,Pune,Kia Seltos,Diesel,3
T00280,2025-10-11,V083,SUV,D100,Driver_100,3.8,R035,Visakhapatnam,Pune,15.2,51,1.41,151.25,0.0,42.67,292.27,486.19,597.11,COD,Completed,4.2,None,Visakhapatnam,Kia Seltos,Diesel,9
T00281,2025-11-16,V097,SUV,D074,Driver_074,4.1,R001,Visakhapatnam,Delhi,96.1,241,7.91,863.98,0.0,425.62,803.57,2093.17,3101.19,Net Banking,Completed,3.5,Inspection,Visakhapatnam,Hyundai Creta,Diesel,7
T00282,2025-04-06,V034,SUV,D054,Driver_054,3.5,R055,Bengaluru,Pune,68.4,136,5.63,611.29,0.0,118.83,570.88,1301.0,643.43,Cash,Cancelled,3.8,Inspection,Bengaluru,Kia Seltos,Diesel,11
T00283,2025-07-09,V054,Van,D110,Driver_110,4.4,R045,Visakhapatnam,Bengaluru,19.6,29,2.06,222.76,0.0,39.57,150.0,412.33,1050.77,COD,Completed,4.3,None,Visakhapatnam,Force Traveller,Diesel,8
T00284,2025-12-29,V061,Truck,D145,Driver_145,,R031,Mumbai,Hyderabad,11.1,42,1.48,142.04,0.0,50.97,150.0,343.01,1014.74,Net Banking,Completed,,Repair,Mumbai,BharatBenz 1015,Diesel,11
T00285,2025-08-10,V064,Sedan,D052,Driver_052,4.2,R046,Kochi,Mumbai,9.3,25,0.59,64.5,0.0,42.9,150.0,257.4,512.21,UPI,Completed,3.7,Repair,Kochi,Maruti Dzire,Petrol,5
T00286,2025-01-04,V079,Sedan,D125,Driver_125,4.3,R008,Kochi,Chennai,29.5,85,1.82,185.8,0.0,106.87,410.39,703.06,1148.48,Net Banking,Completed,3.7,Repair,Kochi,Hyundai Verna,Petrol,6
T00287,2025-11-26,V002,Van,D063,Driver_063,4.1,R020,Kochi,Delhi,46.4,59,4.58,439.43,0.0,78.51,240.74,758.68,1720.81,,Completed,3.6,None,Kochi,Force Traveller,Diesel,5
T00288,2025-08-11,V062,SUV,D076,Driver_076,4.6,R054,Bengaluru,Delhi,30.0,92,2.44,258.43,0.0,74.07,332.62,665.12,1321.49,UPI,Completed,4.2,Repair,Bengaluru,Hyundai Creta,Diesel,3
T00289,2025-02-26,V036,SUV,D085,Driver_085,4.8,R028,Delhi,Chennai,66.0,164,5.59,583.43,0.0,180.17,566.48,1330.08,251.61,Net Banking,Cancelled,4.1,None,Delhi,Hyundai Creta,Diesel,4
T00290,2025-04-26,V012,Truck,D138,Driver_138,4.3,R028,Hyderabad,Visakhapatnam,86.5,255,13.05,1274.23,0.0,352.86,1198.8,2825.89,4144.45,Cash,Completed,3.9,None,Hyderabad,Ashok Leyland Dost,Diesel,6
T00291,2025-09-01,V010,Truck,D136,Driver_136,4.0,R006,Mumbai,Pune,9.9,33,1.64,168.87,0.0,35.09,150.0,353.96,911.85,COD,Completed,5.0,Service,Mumbai,BharatBenz 1015,Diesel,1
T00292,2025-04-23,V038,SUV,D034,Driver_034,4.1,R073,Mumbai,Pune,25.1,70,2.38,244.28,3524.24,116.06,365.99,4250.57,1190.08,Cash,Completed,3.7,None,Mumbai,Kia Seltos,Diesel,2
T00293,2025-04-05,V058,Sedan,D122,Driver_122,4.0,R057,Kochi,Visakhapatnam,25.5,66,1.62,169.73,9434.91,116.51,274.26,9995.41,665.67,UPI,Completed,5.0,Inspection,Kochi,Hyundai Verna,Petrol,11
T00294,2025-09-26,V036,Sedan,D029,Driver_029,3.4,R031,Bengaluru,Visakhapatnam,64.4,153,4.13,425.93,8242.23,265.72,535.53,9469.41,387.54,Card,Cancelled,6.0,None,Bengaluru,Hyundai Verna,Petrol,10
T00295,2025-11-03,V008,Van,D007,Driver_007,3.9,R042,Kochi,Delhi,84.4,202,8.51,877.74,0.0,351.53,657.43,1886.7,3226.02,Net Banking,Completed,4.2,Repair,Kochi,Force Traveller,Diesel,9
T00296,2025-04-23,V028,Truck,D048,Driver_048,3.7,R022,Chennai,Pune,52.6,188,7.87,829.72,0.0,221.9,990.81,2042.43,2756.22,Net Banking,Completed,2.7,None,Chennai,BharatBenz 1015,Diesel,9
T00297,2025-06-30,V044,Sedan,D074,Driver_074,3.6,R005,Kochi,Hyderabad,52.2,113,3.75,383.45,3709.65,218.58,578.29,4889.97,1471.28,Cash,Completed,5.0,Service,Kochi,Honda City,Petrol,7
T00298,2025-06-04,V097,Sedan,D110,Driver_110,4.2,R032,Hyderabad,Pune,71.5,114,5.78,568.91,0.0,158.58,534.07,1261.56,101.98,UPI,Cancelled,3.9,Inspection,Hyderabad,Hyundai Verna,Petrol,5
T00299,2025-10-08,V061,Sedan,D096,Driver_096,4.8,R041,Pune,Kochi,10.0,31,0.63,60.11,0.0,44.28,174.94,279.33,157.75,Net Banking,Cancelled,6.0,Repair,Pune,Hyundai Verna,Petrol,3
T00300,2025-07-06,V069,SUV,D074,Driver_074,3.8,R030,Pune,Kochi,65.1,176,5.25,542.63,0.0,112.44,537.24,1192.31,2346.2,upi,Completed,4.1,None,Pune,Toyota Innova,Diesel,6
T00301,2025-12-29,V092,Van,D148,Driver_148,4.4,R052,Delhi,Pune,34.4,104,3.1,340.7,0.0,126.88,378.4,845.98,23.26,UPI,Cancelled,2.4,Inspection,Delhi,Force Traveller,Diesel,10
T00302,2025-09-11,V021,Truck,D103,Driver_103,3.8,R046,Delhi,Visakhapatnam,45.1,111,7.32,781.25,4313.4,82.14,642.43,5819.22,2133.29,COD,Completed,,None,Delhi,Ashok Leyland Dost,Diesel,1
T00303,2025-04-29,V051,Van,D125,Driver_125,3.8,R079,Hyderabad,Mumbai,42.7,111,5.18,499.65,7568.47,112.87,442.95,8623.94,490.95,Net Banking,Cancelled,3.2,Service,Hyderabad,Tata Winger,Diesel,4
T00304,2025-06-15,V089,Sedan,D147,Driver_147,4.1,R036,Bengaluru,Mumbai,88.7,296,6.4,623.57,0.0,214.72,1205.19,2043.48,2325.2,COD,Completed,3.3,None,Bengaluru,Maruti Dzire,Petrol,7
T00305,2025-11-05,V016,SUV,D059,Driver_059,3.7,R019,Visakhapatnam,Bengaluru,28.7,62,2.55,251.7,0.0,111.24,340.49,703.43,1013.16,COD,Completed,3.9,None,Visakhapatnam,Toyota Innova,Diesel,10
T00306,2025-11-30,V087,SUV,D036,Driver_036,4.3,R070,Visakhapatnam,Delhi,46.5,158,3.5,333.92,0.0,156.8,617.06,1107.78,1808.69,Net Banking,Completed,4.0,Repair,Visakhapatnam,Toyota Innova,Diesel,12
T00307,2025-10-29,V089,Van,D138,Driver_138,4.4,R079,Bengaluru,Kochi,58.1,105,6.07,657.04,0.0,149.81,541.88,1348.73,2318.59,Card,Completed,3.5,None,Bengaluru,Tata Winger,Diesel,5
T00308,2025-05-10,V001,Van,D125,Driver_125,4.4,R051,Hyderabad,Visakhapatnam,24.4,66,2.44,232.59,0.0,37.49,311.02,581.1,1107.17,Card,Completed,4.5,Repair,Hyderabad,Force Traveller,Diesel,6
T00309,2025-03-08,V098,Sedan,D145,Driver_145,3.3,R001,Mumbai,Bengaluru,36.1,78,2.64,269.4,6042.84,49.29,398.31,6759.84,7.54,COD,Cancelled,4.2,None,Mumbai,Maruti Dzire,Petrol,5
T00310,2025-03-01,V087,Truck,D067,Driver_067,3.2,R011,Pune,Mumbai,23.3,65,3.22,312.55,0.0,69.96,249.72,632.23,1513.26,COD,Completed,4.2,None,Pune,BharatBenz 1015,Diesel,12
T00311,2025-11-22,V003,SUV,D032,Driver_032,4.2,R064,Mumbai,Visakhapatnam,89.0,233,8.57,919.36,0.0,382.3,984.27,2285.93,2977.24,COD,Completed,4.0,None,Mumbai,Hyundai Creta,Diesel,10
T00312,2025-04-05,V006,Sedan,D065,Driver_065,4.3,R051,Delhi,Hyderabad,41.2,89,2.79,284.11,5886.17,139.66,283.41,6593.35,1195.75,Card,Completed,3.3,None,Delhi,Hyundai Verna,Petrol,5
T00313,2025-09-16,V011,Sedan,D082,Driver_082,4.8,R057,Mumbai,Kochi,33.7,47,2.21,211.76,0.0,133.22,212.99,557.97,1112.64,Card,Completed,3.2,None,Mumbai,Hyundai Verna,Petrol,7
T00314,2025-10-01,V047,Truck,D141,Driver_141,4.6,R038,Delhi,Chennai,14.2,53,2.33,242.54,0.0,22.79,235.13,500.46,979.16,UPI,Completed,3.2,None,Delhi,Tata 407,Diesel,3
T00315,2025-08-20,V075,Truck,D051,Driver_051,3.9,R044,Delhi,Visakhapatnam,15.4,39,2.45,243.8,0.0,57.34,187.87,489.01,1063.06,UPI,Completed,4.1,Service,Delhi,Tata 407,Diesel,7
T00316,2025-03-10,V064,Van,D050,Driver_050,4.1,R008,Kochi,Chennai,23.9,65,2.73,281.36,5116.53,94.95,259.05,5751.89,1076.63,COD,Completed,3.3,Inspection,Kochi,Maruti Eeco,Diesel,6
T00317,2025-12-04,V005,Truck,D111,Driver_111,3.5,R026,Chennai,Kochi,37.5,67,5.43,526.34,7130.72,123.73,269.37,8050.16,2082.9,Net Banking,Completed,4.5,None,Chennai,BharatBenz 1015,Diesel,6
T00318,2025-09-30,V078,SUV,D123,Driver_123,3.7,R043,Chennai,Kochi,86.8,193,7.62,780.78,1717.74,254.93,841.71,3595.16,2717.09,upi,Completed,3.5,Inspection,Chennai,Kia Seltos,Diesel,1
T00319,2025-03-17,V068,SUV,D052,Driver_052,4.5,R073,Mumbai,Hyderabad,23.5,80,1.82,182.3,7525.0,102.64,343.82,8153.76,81.01,COD,Cancelled,4.2,Service,Mumbai,Hyundai Creta,Diesel,7
T00320,2025-10-17,V081,Sedan,D101,Driver_101,3.3,R004,Hyderabad,Mumbai,75.4,257,4.93,482.3,7868.75,304.2,1257.6,9912.85,2023.85,Net Banking,Completed,4.1,None,Hyderabad,Hyundai Verna,Petrol,9
T00321,2025-10-24,V026,Van,D149,Driver_149,4.2,R022,Chennai,Delhi,57.6,98,5.39,591.85,0.0,241.7,363.88,1197.43,2440.37,Net Banking,Completed,4.7,None,Chennai,Maruti Eeco,Diesel,6
T00322,2025-03-25,V012,Sedan,D095,Driver_095,4.4,R076,Kochi,Delhi,61.6,130,4.43,454.27,0.0,183.61,519.9,1157.78,1600.34,Card,Completed,4.7,None,Kochi,Honda City,Petrol,6
T00323,2025-12-15,V098,Van,D097,Driver_097,4.1,R012,Delhi,Chennai,42.0,60,4.76,482.42,0.0,157.54,188.22,828.18,1857.19,UPI,Completed,3.5,Service,Delhi,Tata Winger,Diesel,9
T00324,2025-09-26,V010,Van,D119,Driver_119,4.0,R075,Visakhapatnam,Chennai,83.8,240,7.63,739.54,0.0,348.83,1334.64,2423.01,3132.83,Card,Completed,2.8,None,Visakhapatnam,Maruti Eeco,Diesel,6
T00325,2025-08-27,V096,Van,D045,Driver_045,3.8,R052,Visakhapatnam,Chennai,44.4,132,4.8,460.33,0.0,203.27,707.69,1371.29,1906.55,COD,Completed,4.0,Service,Visakhapatnam,Tata Winger,Diesel,10
T00326,2025-01-18,V018,Sedan,D147,Driver_147,3.4,R056,Mumbai,Bengaluru,40.5,102,2.47,270.01,0.0,172.51,322.29,764.81,5.36,Cash,Cancelled,4.4,Inspection,Mumbai,Honda City,Petrol,12
T00327,2025-10-24,V077,Sedan,D134,Driver_134,4.2,R012,Hyderabad,Bengaluru,10.3,33,0.72,68.69,0.0,46.71,150.0,265.4,416.82,Card,Completed,3.3,Inspection,Hyderabad,Maruti Dzire,Petrol,7
T00328,2025-03-06,V089,Sedan,D009,Driver_009,4.3,R037,Hyderabad,Pune,90.3,264,5.73,548.24,9308.4,341.88,1300.25,11498.77,2078.8,COD,Completed,4.8,Inspection,Hyderabad,Maruti Dzire,Petrol,2
T00329,2025-10-12,V016,Van,D026,Driver_026,4.4,R013,Hyderabad,Bengaluru,43.8,147,4.83,494.59,6400.66,106.52,730.07,7731.84,1865.07,UPI,Completed,4.5,None,Hyderabad,Tata Winger,Diesel,12
T00330,2025-08-24,V036,Sedan,D074,Driver_074,2.4,R035,Visakhapatnam,Mumbai,50.8,139,4.11,418.94,0.0,133.78,432.16,984.88,1232.2,Net Banking,Completed,3.7,Repair,Visakhapatnam,Honda City,Petrol,12
T00331,2025-12-05,V026,Sedan,D072,Driver_072,4.1,R076,Hyderabad,Delhi,70.5,158,4.73,518.87,0.0,150.09,717.68,1386.64,1951.48,Card,Completed,2.1,None,Hyderabad,Honda City,Petrol,11
T00332,2025-04-25,V065,Sedan,D120,Driver_120,3.2,R019,Kochi,Visakhapatnam,42.6,100,3.39,334.59,9449.04,147.81,504.43,10435.87,1283.41,Card,Completed,3.4,Inspection,Kochi,Honda City,Petrol,2
T00333,2025-07-07,V040,SUV,D043,Driver_043,4.3,R021,Kochi,Visakhapatnam,59.4,161,5.75,566.99,7318.56,260.9,614.37,8760.82,2003.67,Net Banking,Completed,5.0,Service,Kochi,Kia Seltos,Diesel,10
T00334,2025-07-22,V016,Van,D035,Driver_035,4.0,R040,Kochi,Visakhapatnam,38.7,143,4.44,473.87,0.0,133.16,788.45,1395.48,1640.8,Net Banking,Completed,4.4,Inspection,Kochi,Maruti Eeco,Diesel,1
T00335,2025-09-09,V084,SUV,D020,Driver_020,3.5,R062,Hyderabad,Kochi,32.2,75,2.85,277.3,0.0,75.91,331.54,684.75,56.27,Card,Cancelled,3.0,None,Hyderabad,Toyota Innova,Diesel,4
T00336,2025-10-01,V006,SUV,D014,Driver_014,4.7,R036,Pune,Mumbai,23.3,63,2.12,214.36,0.0,77.24,225.13,516.73,1039.65,COD,Completed,3.1,Service,Pune,Hyundai Creta,Diesel,11
T00337,2025-03-01,V088,SUV,D004,Driver_004,4.9,R028,Chennai,Visakhapatnam,49.8,119,3.92,413.24,2529.46,100.18,508.37,3551.25,1919.16,Cash,Completed,3.8,None,Chennai,Kia Seltos,Diesel,5
T00338,2025-09-30,V097,Sedan,D128,Driver_128,4.3,R005,Pune,Chennai,104.6,219,6.48,698.83,8298.52,176.49,1087.55,10261.39,2813.87,Card,Completed,3.7,None,Pune,Maruti Dzire,Petrol,10
T00339,2025-02-24,V090,SUV,D047,Driver_047,3.3,R066,Delhi,Kochi,42.4,47,4.2,422.07,1194.4,118.44,210.29,1945.2,1660.13,Card,Completed,5.0,None,Delhi,Toyota Innova,Diesel,10
T00340,2025-10-26,V049,SUV,D089,Driver_089,5.0,R020,Pune,Kochi,18.8,66,1.64,170.41,0.0,43.72,219.88,434.01,1077.38,Cash,Completed,4.0,Repair,Pune,Hyundai Creta,Diesel,4
T00341,2025-03-27,V043,Sedan,D063,Driver_063,3.7,R066,Delhi,Mumbai,51.6,104,3.71,374.17,3506.66,239.07,454.03,4573.93,1394.84,,Completed,4.2,Service,Delhi,Maruti Dzire,Petrol,5
T00342,2025-12-27,V033,Van,D063,Driver_063,3.2,R057,Visakhapatnam,Mumbai,61.0,190,5.84,579.99,8077.57,222.11,631.64,9511.31,2473.45,Net Banking,Completed,3.7,None,Visakhapatnam,Force Traveller,Diesel,3
T00343,2025-05-11,V082,Sedan,D085,Driver_085,4.4,R014,Hyderabad,Pune,57.1,170,3.49,342.2,3214.76,174.76,958.46,4690.18,1559.62,Net Banking,Completed,4.7,None,Hyderabad,Hyundai Verna,Petrol,6
T00344,2025-02-22,V079,Sedan,D123,Driver_123,3.9,R026,Bengaluru,Mumbai,26.4,70,1.96,201.67,0.0,72.17,226.57,500.41,912.97,COD,Completed,3.8,Inspection,Bengaluru,Honda City,Petrol,4
T00345,2025-12-09,V015,Sedan,D039,Driver_039,3.4,R047,Delhi,Bengaluru,21.0,41,1.67,161.61,0.0,67.43,185.52,414.56,725.64,COD,Completed,3.1,Service,Delhi,Hyundai Verna,Petrol,12
T00346,2025-08-17,V006,Sedan,D123,Driver_123,4.0,R076,Pune,Hyderabad,91.7,135,7.18,746.06,9937.26,381.15,535.97,11600.44,2507.6,Card,Completed,4.2,Service,Pune,Maruti Dzire,Petrol,2
T00347,2025-09-07,V011,Sedan,D046,Driver_046,3.2,R010,Chennai,Hyderabad,60.1,190,4.84,520.51,0.0,265.94,1011.05,1797.5,1452.82,COD,Completed,4.2,Inspection,Chennai,Maruti Dzire,Petrol,6
T00348,2025-11-22,V036,Van,D144,Driver_144,3.9,R030,Mumbai,Visakhapatnam,10.5,30,1.04,99.46,0.0,48.94,150.0,298.4,44.77,Card,Cancelled,4.6,Repair,Mumbai,Force Traveller,Diesel,2
T00349,2025-02-26,V007,Sedan,D107,Driver_107,4.0,R002,Hyderabad,Mumbai,33.6,53,2.26,223.22,0.0,81.58,184.4,489.2,1063.02,Cash,Completed,3.3,Inspection,Hyderabad,Hyundai Verna,Petrol,10
T00350,2025-09-04,V092,SUV,D014,Driver_014,4.2,R019,Chennai,Kochi,18.8,33,1.47,144.32,9403.28,77.02,150.0,9774.62,836.73,UPI,Completed,4.8,None,Chennai,Hyundai Creta,Diesel,4
T00351,2025-07-22,V015,Sedan,D055,Driver_055,3.2,R050,Kochi,Bengaluru,101.5,318,7.92,798.87,0.0,346.9,1496.94,2642.71,2339.66,Cash,Completed,2.9,None,Kochi,Maruti Dzire,Petrol,6
T00352,2025-03-20,V098,Sedan,D012,Driver_012,4.0,R008,Hyderabad,Delhi,27.7,47,2.02,217.52,1478.82,53.65,232.77,1982.76,693.33,Cash,Completed,4.9,Repair,Hyderabad,Honda City,Petrol,4
T00353,2025-12-06,V038,SUV,D149,Driver_149,4.4,R020,Visakhapatnam,Pune,13.8,23,1.38,146.73,0.0,48.31,150.0,345.04,516.74,UPI,Completed,5.0,Repair,Visakhapatnam,Toyota Innova,Diesel,11
T00354,2025-04-22,V018,SUV,D041,Driver_041,4.1,R031,Kochi,Chennai,31.1,77,2.87,287.69,0.0,68.25,311.11,667.05,1455.08,Net Banking,Completed,4.2,Inspection,Kochi,Toyota Innova,Diesel,6
T00355,2025-06-07,V065,SUV,D062,Driver_062,4.6,R047,Delhi,Mumbai,27.2,63,2.2,225.31,0.0,53.44,231.35,510.1,171.76,Cash,Cancelled,3.9,None,Delhi,Kia Seltos,Diesel,3
T00356,2025-06-18,V026,SUV,D042,Driver_042,3.4,R051,Bengaluru,Chennai,31.0,60,2.93,305.24,1806.61,51.97,264.52,2428.34,1461.93,Card,Completed,4.1,None,Bengaluru,Kia Seltos,Diesel,6
T00357,2025-04-14,V079,SUV,D149,Driver_149,4.1,R041,Delhi,Hyderabad,20.8,48,1.88,196.63,4514.16,57.49,251.71,5019.99,1151.53,UPI,Completed,4.1,None,Delhi,Hyundai Creta,Diesel,3
T00358,2025-06-03,V096,Van,D032,Driver_032,4.3,R017,Delhi,Pune,21.3,31,2.01,205.87,933.51,28.8,150.0,1318.18,926.14,Cash,Completed,3.5,None,Delhi,Force Traveller,Diesel,2
T00359,2025-07-06,V083,Sedan,D072,Driver_072,4.6,R049,Hyderabad,Visakhapatnam,56.9,167,3.93,399.13,0.0,239.14,783.96,1422.23,1709.6,Card,Completed,3.3,Inspection,Hyderabad,Hyundai Verna,Petrol,9
T00360,2025-12-26,V092,SUV,D059,Driver_059,4.0,R014,Pune,Visakhapatnam,21.4,73,2.14,215.08,0.0,86.66,414.29,716.03,750.65,UPI,Completed,3.7,Service,Pune,Kia Seltos,Diesel,5
T00361,2025-08-15,V013,Truck,D093,Driver_093,4.7,R008,Mumbai,Visakhapatnam,90.8,199,12.56,1277.05,0.0,421.33,909.86,2608.24,4346.77,Card,Completed,4.3,None,Mumbai,BharatBenz 1015,Diesel,11
T00362,2025-08-11,V033,Sedan,D112,Driver_112,3.1,R073,Chennai,,18.8,60,1.42,142.78,5265.25,73.45,196.0,5677.48,747.37,UPI,Completed,4.0,None,Chennai,Maruti Dzire,Petrol,10
T00363,2025-09-23,V029,Truck,D128,Driver_128,4.1,R019,Mumbai,Pune,64.5,156,9.27,924.26,0.0,233.45,540.5,1698.21,2953.29,Card,Completed,3.4,Service,Mumbai,BharatBenz 1015,Diesel,8
T00364,2025-02-19,V044,SUV,D134,Driver_134,4.5,R068,Bengaluru,Chennai,14.1,15,1.36,132.92,0.0,29.18,150.0,312.1,756.15,Net Banking,Completed,3.6,None,Bengaluru,Kia Seltos,Diesel,4
T00365,2025-06-11,V099,Van,D079,Driver_079,4.1,R041,Kochi,Delhi,89.0,171,9.3,894.48,1268.85,328.73,945.96,3438.02,953.69,COD,Cancelled,4.8,Repair,Kochi,Maruti Eeco,Diesel,6
T00366,2025-06-14,V012,SUV,D130,Driver_130,5.0,R054,Bengaluru,Visakhapatnam,34.6,108,3.28,329.85,0.0,91.48,573.38,994.71,145.79,Net Banking,Cancelled,3.8,None,Bengaluru,Kia Seltos,Diesel,9
T00367,2025-07-11,V052,Van,D115,Driver_115,4.2,R070,Kochi,Delhi,20.9,68,2.03,216.34,0.0,73.47,293.87,583.68,1271.5,UPI,Completed,4.6,Service,Kochi,Force Traveller,Diesel,10
T00368,2025-03-08,V072,Van,D003,Driver_003,3.4,R034,Bengaluru,Chennai,14.1,30,1.52,163.26,0.0,29.08,150.0,342.34,698.89,COD,Completed,3.2,None,Bengaluru,Force Traveller,Diesel,1
T00369,2025-01-17,V061,Sedan,D095,Driver_095,,R001,Mumbai,Delhi,51.0,109,3.26,312.8,2711.14,129.29,502.42,3655.65,1411.2,Cash,Completed,3.7,None,Mumbai,Honda City,Petrol,12
T00370,2025-12-08,V060,Sedan,D139,Driver_139,4.0,R045,Visakhapatnam,Kochi,46.2,125,2.96,312.02,0.0,146.88,405.61,864.51,1346.83,Card,Completed,3.8,Inspection,Visakhapatnam,Honda City,Petrol,7
T00371,2025-10-09,V028,Sedan,D115,Driver_115,3.9,R005,Bengaluru,Pune,44.8,127,2.95,283.38,0.0,93.73,504.8,881.91,1077.92,COD,Completed,4.5,None,Bengaluru,Honda City,Petrol,4
T00372,2025-08-19,V012,Truck,D032,Driver_032,3.8,R068,Pune,Delhi,33.7,63,5.21,509.91,5317.44,142.63,326.42,6296.4,1835.93,Cash,Completed,4.4,Repair,Pune,Tata 407,Diesel,1
T00373,2025-09-20,V047,Truck,D146,Driver_146,3.9,R016,Bengaluru,Kochi,23.0,75,3.5,344.86,0.0,69.83,396.5,811.19,30.84,Card,Cancelled,5.0,Inspection,Bengaluru,Tata 407,Diesel,8
T00374,2025-06-22,V064,Sedan,D139,Driver_139,,R015,Chennai,Hyderabad,32.7,79,2.4,240.34,0.0,135.58,360.11,736.03,1200.63,Net Banking,Completed,3.3,Service,Chennai,Hyundai Verna,Petrol,1
T00375,2025-12-21,V079,Sedan,D135,Driver_135,4.1,R001,Chennai,Pune,97.8,175,6.05,577.43,0.0,393.09,923.86,1894.38,2379.13,Card,Completed,4.7,None,Chennai,Hyundai Verna,Petrol,12
T00376,2025-01-25,V067,Sedan,D119,Driver_119,3.6,R052,Chennai,Bengaluru,33.1,96,2.56,247.87,2668.74,49.53,445.17,3411.31,1129.47,,Completed,3.7,None,Chennai,Hyundai Verna,Petrol,11
T00377,2025-11-27,V064,Truck,D130,Driver_130,3.2,R071,Pune,Chennai,10.7,34,1.65,174.59,0.0,41.55,150.0,366.14,71.14,Cash,Cancelled,4.8,None,Pune,Tata 407,Diesel,7
T00378,2025-02-14,V014,Truck,D148,Driver_148,3.2,R046,Mumbai,Chennai,13.9,32,2.1,212.05,0.0,56.3,150.0,418.35,746.24,Cash,Completed,3.2,,Mumbai,Tata 407,Diesel,7
T00379,2025-05-07,V072,SUV,D071,Driver_071,4.1,R077,Bengaluru,Kochi,45.2,91,3.96,389.91,0.0,171.68,515.48,1077.07,1553.32,,Completed,4.4,None,Bengaluru,Kia Seltos,Diesel,7
T00380,2025-02-07,V063,Sedan,D137,Driver_137,4.2,R038,Mumbai,Chennai,57.5,148,3.92,387.31,0.0,127.11,576.93,1091.35,383.33,Cash,Cancelled,3.4,None,Mumbai,Hyundai Verna,Petrol,4
T00381,2025-11-19,V083,Sedan,D118,Driver_118,4.4,R035,Delhi,Pune,12.1,28,0.85,87.24,7663.77,39.07,150.0,7940.08,659.94,Card,Completed,3.6,Service,Delhi,Maruti Dzire,Petrol,10
T00382,2025-07-23,V077,Sedan,D114,Driver_114,3.7,R045,Kochi,Delhi,48.9,104,3.04,305.36,0.0,130.54,470.94,906.84,364.23,COD,Cancelled,3.5,None,Kochi,Hyundai Verna,Petrol,9
T00383,2025-10-05,V088,Sedan,D072,Driver_072,4.4,R072,Delhi,Hyderabad,20.7,67,1.33,130.66,0.0,40.95,338.84,510.45,568.15,Net Banking,Completed,4.4,None,Delhi,Hyundai Verna,Petrol,7
T00384,2025-02-14,V040,Van,D074,Driver_074,4.3,R051,Kochi,Pune,30.6,112,3.3,314.88,0.0,125.66,426.14,866.68,1515.73,,Completed,3.8,None,Kochi,Force Traveller,Diesel,5
T00385,2025-07-11,V045,Truck,D101,Driver_101,4.6,R034,Bengaluru,Visakhapatnam,69.5,215,12.1,1233.16,0.0,203.29,924.76,2361.21,170.02,UPI,Cancelled,3.5,None,Bengaluru,BharatBenz 1015,Diesel,7
T00386,2025-05-08,V045,Sedan,D037,Driver_037,3.8,R020,Kochi,Pune,14.0,41,1.04,113.78,0.0,42.02,238.18,393.98,12.21,Card,Cancelled,2.7,None,Kochi,Maruti Dzire,Petrol,3
T00387,2025-08-09,V030,Van,D094,Driver_094,3.9,R061,Kochi,Pune,38.7,79,3.47,332.15,0.0,93.03,246.97,672.15,1515.03,COD,Completed,3.0,Repair,Kochi,Tata Winger,Diesel,2
T00388,2025-11-17,V031,Van,D138,Driver_138,3.8,R042,Hyderabad,Chennai,25.8,92,2.71,283.2,0.0,74.17,360.0,717.37,316.52,COD,Cancelled,3.8,Inspection,Hyderabad,Force Traveller,Diesel,9
T00389,2025-08-16,V078,Sedan,D086,Driver_086,4.7,R007,Delhi,Bengaluru,50.7,88,3.19,316.5,0.0,134.24,431.23,881.97,1664.13,Card,Completed,3.7,Repair,Delhi,Maruti Dzire,Petrol,1
T00390,2025-10-15,V020,SUV,D046,Driver_046,4.5,R054,Mumbai,Kochi,198.3,443,17.26,1732.22,0.0,667.11,2353.6,4752.93,6162.85,COD,Completed,3.3,Inspection,Mumbai,Kia Seltos,Diesel,6
T00391,2025-01-27,V035,Van,D119,Driver_119,4.0,R079,Chennai,Delhi,13.7,45,1.54,164.61,0.0,62.73,180.91,408.25,588.73,COD,Completed,3.3,None,Chennai,Force Traveller,Diesel,3
T00392,2025-08-10,V014,SUV,D010,Driver_010,3.7,R003,Bengaluru,Chennai,22.2,71,1.7,178.14,2863.54,47.51,369.84,3459.03,75.18,COD,Cancelled,3.9,Inspection,Bengaluru,Toyota Innova,Diesel,1
T00393,2025-10-11,V057,Sedan,D010,Driver_010,4.7,R012,Delhi,Mumbai,22.7,65,1.37,131.18,0.0,45.51,201.24,377.93,722.55,Card,Completed,4.7,None,Delhi,Honda City,Petrol,11
T00394,2025-01-23,V048,Truck,D148,Driver_148,3.5,R046,Delhi,Chennai,86.7,144,14.54,1588.84,3394.07,123.86,467.24,5574.01,4141.5,COD,Completed,4.8,None,Delhi,Ashok Leyland Dost,Diesel,9
T00395,2025-09-10,V064,Truck,D150,Driver_150,4.5,R023,Chennai,Visakhapatnam,79.4,241,12.99,1281.62,0.0,170.71,1144.45,2596.78,3745.27,Card,Completed,3.3,None,Chennai,Ashok Leyland Dost,Diesel,10
T00396,2025-04-10,V073,SUV,D061,Driver_061,4.5,R024,Chennai,Bengaluru,25.4,85,2.07,216.28,0.0,110.11,260.45,586.84,1058.51,Net Banking,Completed,4.2,Service,Chennai,Toyota Innova,Diesel,8
T00397,2025-07-12,V061,Sedan,D076,Driver_076,4.6,R046,Hyderabad,Chennai,20.5,45,1.26,120.35,0.0,39.36,150.0,309.71,596.65,Cash,Completed,3.6,None,Hyderabad,Hyundai Verna,Petrol,11
T00398,2025-04-22,V037,Van,D037,Driver_037,3.3,R059,Delhi,Pune,30.6,80,3.6,349.12,0.0,79.8,321.31,750.23,1586.65,Net Banking,Completed,2.5,None,Delhi,Maruti Eeco,Diesel,12
T00399,2025-06-28,V014,Sedan,D049,Driver_049,4.2,R029,Delhi,Mumbai,21.0,58,1.68,177.46,0.0,65.25,294.48,537.19,684.52,Card,Completed,5.0,Repair,Delhi,Honda City,Petrol,12
T00400,2025-04-06,V010,SUV,D107,Driver_107,4.1,R070,Chennai,Pune,43.4,149,4.38,442.26,5449.1,75.8,716.18,6683.34,1512.06,Net Banking,Completed,4.1,Service,Chennai,Toyota Innova,Diesel,5
T00401,2025-04-05,V001,Van,D150,Driver_150,3.8,R003,Pune,Mumbai,17.1,34,1.88,202.23,0.0,52.62,150.0,404.85,817.52,Cash,Completed,4.4,Service,Pune,Maruti Eeco,Diesel,8
T00402,2025-01-25,V010,SUV,D084,Driver_084,2.9,R070,Kochi,Pune,31.0,73,3.05,307.41,0.0,70.44,308.55,686.4,347.67,Card,Cancelled,4.2,Service,Kochi,Hyundai Creta,Diesel,9
T00403,2025-12-09,V079,Sedan,D063,Driver_063,4.2,R007,Bengaluru,Hyderabad,44.4,123,3.55,349.65,0.0,149.34,372.5,871.49,1253.21,COD,Completed,4.3,None,Bengaluru,Hyundai Verna,Petrol,7
T00404,2025-10-12,V033,Sedan,D057,Driver_057,3.7,R033,Mumbai,Pune,42.7,82,2.91,300.78,0.0,168.85,324.62,794.25,8.28,UPI,Cancelled,3.9,None,Mumbai,Hyundai Verna,Petrol,2
T00405,2025-10-06,V094,Sedan,D032,Driver_032,3.4,R016,Delhi,Pune,12.4,46,0.83,82.82,0.0,18.89,160.83,262.54,455.38,Net Banking,Completed,4.2,Inspection,Delhi,Maruti Dzire,Petrol,4
T00406,2025-03-09,V034,Van,D131,Driver_131,3.6,R026,Chennai,Bengaluru,134.7,309,14.48,1513.68,0.0,246.45,1628.33,3388.46,5083.93,Net Banking,Completed,3.9,None,Chennai,Tata Winger,Diesel,9
T00407,2025-07-12,V024,Van,D120,Driver_120,3.7,R045,Hyderabad,Kochi,30.9,98,2.81,301.42,6425.65,87.02,319.93,7134.02,72.14,Cash,Cancelled,3.7,None,Hyderabad,Force Traveller,Diesel,5
T00408,2025-01-28,V081,Truck,D057,Driver_057,4.3,R052,Pune,Visakhapatnam,12.3,44,1.82,184.32,0.0,40.73,211.68,436.73,755.86,Net Banking,Completed,4.2,None,Pune,BharatBenz 1015,Diesel,7
T00409,2025-04-05,V017,Van,D074,Driver_074,3.9,R022,Chennai,Kochi,74.3,239,6.71,681.06,0.0,104.19,1199.53,1984.78,2805.93,Card,Completed,3.7,Inspection,Chennai,Force Traveller,Diesel,3
T00410,2025-02-03,V094,Van,D038,Driver_038,3.7,R051,Kochi,Chennai,66.4,201,7.64,819.31,0.0,226.45,754.98,1800.74,2625.77,Net Banking,Completed,3.2,Repair,Kochi,Force Traveller,Diesel,4
T00411,2025-01-01,V015,Truck,D094,Driver_094,4.7,R041,Hyderabad,Chennai,30.3,64,5.19,558.25,0.0,140.76,341.88,1040.89,1773.25,Cash,Completed,3.0,None,Hyderabad,BharatBenz 1015,Diesel,3
T00412,2025-07-22,V001,Sedan,D041,Driver_041,3.9,R066,Visakhapatnam,Pune,62.9,137,3.88,395.62,0.0,243.02,711.77,1350.41,1844.39,Cash,Completed,4.6,None,Visakhapatnam,Honda City,Petrol,6
T00413,2025-09-13,V007,Van,D094,Driver_094,3.8,R057,Kochi,Delhi,83.0,231,8.1,844.12,0.0,229.63,804.14,1877.89,3012.26,Cash,Completed,4.7,Service,Kochi,Force Traveller,Diesel,3
T00414,2025-03-06,V008,SUV,D126,Driver_126,4.8,R052,Kochi,Chennai,85.7,206,7.22,734.37,0.0,265.78,746.61,1746.76,2851.1,Cash,Completed,4.6,Repair,Kochi,Hyundai Creta,Diesel,7
T00415,2025-08-09,V066,Sedan,D121,Driver_121,3.6,R047,Mumbai,Delhi,47.6,114,3.05,327.16,0.0,194.38,443.14,964.68,1566.89,Net Banking,Completed,4.8,None,Mumbai,Hyundai Verna,Petrol,8
T00416,2025-06-28,V067,SUV,D115,Driver_115,4.2,R011,Chennai,Visakhapatnam,81.4,263,7.46,814.53,0.0,115.26,797.86,1727.65,2722.28,Cash,Completed,3.4,None,Chennai,Kia Seltos,Diesel,2
T00417,2025-07-26,V002,SUV,D114,Driver_114,3.4,R054,Delhi,Mumbai,37.3,85,3.05,306.63,829.43,93.16,368.04,1597.26,1200.69,Card,Completed,4.5,Inspection,Delhi,Kia Seltos,Diesel,2
T00418,2025-06-12,V095,Sedan,D080,Driver_080,3.5,R005,Mumbai,Hyderabad,42.9,122,3.39,372.77,0.0,122.04,442.91,937.72,121.94,Net Banking,Cancelled,3.6,Repair,Mumbai,Honda City,Petrol,3
T00419,2025-11-06,V040,Sedan,D035,Driver_035,3.7,R003,Bengaluru,Pune,43.8,94,2.92,303.8,0.0,167.09,412.88,883.77,1434.26,UPI,Completed,4.3,None,Bengaluru,Hyundai Verna,Petrol,12
T00420,2025-12-10,V050,Truck,D140,Driver_140,3.2,R005,Chennai,Mumbai,24.6,47,3.6,342.62,0.0,105.73,204.83,653.18,1353.2,Card,Completed,4.7,Service,Chennai,BharatBenz 1015,Diesel,10
T00421,2025-07-17,V070,Van,D105,Driver_105,4.0,R029,Visakhapatnam,Pune,28.7,92,2.57,250.25,0.0,117.18,387.09,754.52,16.72,UPI,Cancelled,4.5,Repair,Visakhapatnam,Tata Winger,Diesel,11
T00422,2025-10-27,V002,SUV,D092,Driver_092,4.5,R002,Chennai,Mumbai,40.8,101,3.92,378.18,0.0,187.86,365.24,931.28,1654.12,Cash,Completed,3.4,Inspection,Chennai,Hyundai Creta,Diesel,8
T00423,2025-08-01,V051,Van,D054,Driver_054,3.2,R025,Hyderabad,Delhi,51.8,108,5.18,551.94,0.0,173.14,606.15,1331.23,638.97,Card,Cancelled,3.6,Inspection,Hyderabad,Maruti Eeco,Diesel,5
T00424,2025-08-14,V091,Truck,D028,Driver_028,4.2,R013,Kochi,Bengaluru,34.4,77,4.8,512.78,2441.98,51.83,339.64,3346.23,1535.44,COD,completed,4.0,None,Kochi,Ashok Leyland Dost,Diesel,12
T00425,2025-09-07,V081,SUV,D108,Driver_108,4.1,R062,Delhi,Bengaluru,35.6,94,2.94,293.92,0.0,69.8,432.95,796.67,1611.75,Cash,Completed,3.9,Inspection,Delhi,Kia Seltos,Diesel,7
T00426,2025-06-07,V030,Van,D053,Driver_053,3.4,R013,Chennai,Visakhapatnam,27.7,52,3.18,313.89,5539.17,123.78,244.2,6221.04,1182.96,UPI,Completed,3.8,None,Chennai,Maruti Eeco,Diesel,12
T00427,2025-03-07,V062,Sedan,D033,Driver_033,3.9,R042,Hyderabad,Chennai,46.2,123,3.68,374.43,0.0,124.95,403.71,903.09,1198.04,Net Banking,Completed,3.6,None,Hyderabad,Maruti Dzire,Petrol,4
T00428,2025-04-16,V076,Van,D027,Driver_027,4.0,R052,Bengaluru,Pune,39.4,103,3.59,363.45,3566.04,114.18,520.01,4563.68,1851.19,UPI,Completed,4.2,Inspection,Bengaluru,Maruti Eeco,Diesel,7
T00429,2025-09-29,V045,SUV,D053,Driver_053,4.4,R050,Mumbai,Hyderabad,38.6,117,3.2,331.16,0.0,149.16,397.44,877.76,1540.18,COD,Completed,3.6,None,Mumbai,Toyota Innova,Diesel,12
T00430,2025-11-07,V029,Truck,D081,Driver_081,3.6,R029,Hyderabad,Mumbai,68.4,123,11.19,1200.64,0.0,309.07,489.96,1999.67,3065.88,Net Banking,Completed,4.9,Repair,Hyderabad,Ashok Leyland Dost,Diesel,4
T00431,2025-03-08,V027,Sedan,D071,Driver_071,4.4,R011,Kochi,Bengaluru,50.3,71,3.01,328.28,0.0,207.08,299.13,834.49,395.9,COD,Cancelled,4.0,None,Kochi,Honda City,Petrol,5
T00432,2025-01-30,V003,Van,D103,Driver_103,4.6,R053,Delhi,Kochi,43.6,130,5.23,519.86,0.0,109.13,401.63,1030.62,1985.16,Net Banking,Completed,4.3,Inspection,Delhi,Tata Winger,Diesel,5
T00433,2025-05-06,V067,Sedan,D039,Driver_039,4.6,R015,Visakhapatnam,Mumbai,37.9,58,2.44,256.03,6523.02,126.13,269.89,7175.07,927.65,Card,Completed,4.1,None,Visakhapatnam,Honda City,Petrol,12
T00434,2025-04-04,V077,SUV,D135,Driver_135,4.5,R025,Bengaluru,Visakhapatnam,37.6,120,3.17,335.75,0.0,111.14,628.93,1075.82,1586.87,Card,Completed,3.4,None,Bengaluru,Toyota Innova,Diesel,7
T00435,2025-09-10,V022,SUV,D069,Driver_069,4.0,R071,Pune,Bengaluru,13.2,24,1.04,108.19,4111.83,25.06,150.0,4395.08,91.88,Cash,Cancelled,3.2,Service,Pune,Hyundai Creta,Diesel,8
T00436,2025-11-09,V010,Sedan,D144,Driver_144,4.1,R071,Mumbai,Visakhapatnam,47.7,161,3.74,363.44,0.0,128.41,695.04,1186.89,360.07,UPI,Cancelled,3.3,None,Mumbai,Hyundai Verna,Petrol,1
T00437,2025-09-06,V006,SUV,D084,Driver_084,4.1,R078,Mumbai,Kochi,28.4,80,2.82,283.71,0.0,123.99,401.78,809.48,1345.72,Cash,Completed,4.9,None,Mumbai,Kia Seltos,Diesel,6
T00438,2025-01-19,V055,Van,D004,Driver_004,4.7,R010,Delhi,Visakhapatnam,32.9,74,3.14,298.88,2286.81,56.98,251.66,2894.33,1256.39,UPI,Completed,3.9,None,Delhi,Force Traveller,Diesel,9
T00439,2025-02-03,V057,Sedan,D123,Driver_123,3.4,R048,Bengaluru,Chennai,69.7,124,5.59,537.22,0.0,176.84,389.41,1103.47,2013.5,Net Banking,Completed,4.5,Repair,Bengaluru,Honda City,Petrol,2
T00440,2025-03-04,V020,SUV,D129,Driver_129,3.5,R048,Pune,Hyderabad,81.3,139,6.71,736.88,704.27,221.16,545.97,2208.28,2535.49,,Completed,4.6,None,Pune,Toyota Innova,Diesel,4
T00441,2025-09-08,V030,SUV,D120,Driver_120,5.0,R017,Kochi,Bengaluru,65.2,113,4.92,539.98,0.0,176.3,374.36,1090.64,2063.95,Cash,Completed,3.5,None,Kochi,Hyundai Creta,Diesel,7
T00442,2025-04-11,V080,Truck,D034,Driver_034,4.1,R023,Visakhapatnam,Mumbai,13.6,64,2.03,209.79,0.0,52.25,248.94,510.98,204.45,Net Banking,Cancelled,3.0,None,Visakhapatnam,Tata 407,Diesel,10
T00443,2025-07-31,V016,Sedan,D087,Driver_087,3.4,R015,Delhi,Bengaluru,83.2,268,5.09,550.39,0.0,332.98,1412.09,2295.46,2256.55,COD,Completed,5.0,None,Delhi,Hyundai Verna,Petrol,9
T00444,2025-03-22,V070,SUV,D054,Driver_054,4.3,R003,Chennai,Pune,8.9,30,0.89,87.48,9028.31,38.69,163.43,9317.91,45.26,COD,Cancelled,4.2,None,Chennai,Toyota Innova,Diesel,9
T00445,2025-12-29,V086,Sedan,D033,Driver_033,4.7,R053,Hyderabad,Chennai,18.8,46,1.13,116.71,0.0,45.39,258.49,420.59,591.39,UPI,Completed,5.0,Inspection,Hyderabad,Hyundai Verna,Petrol,1
T00446,2025-01-30,V039,Sedan,D010,Driver_010,3.4,R025,Bengaluru,Delhi,23.6,65,1.49,144.8,0.0,68.45,201.5,414.75,825.77,COD,Completed,4.3,None,Bengaluru,Hyundai Verna,Petrol,4
T00447,2025-12-20,V030,SUV,D147,Driver_147,4.6,R055,Delhi,Pune,40.8,86,3.73,377.06,0.0,189.94,489.06,1056.06,1754.99,UPI,Completed,3.3,Service,Delhi,Toyota Innova,Diesel,10
T00448,2025-01-20,V031,Sedan,D074,Driver_074,3.5,R013,Chennai,Mumbai,44.9,134,2.86,313.53,0.0,138.87,532.62,985.02,1088.39,Card,Completed,3.3,Repair,Chennai,Hyundai Verna,Petrol,3
T00449,2025-07-20,V007,SUV,D079,Driver_079,4.7,R046,Delhi,Kochi,68.9,135,5.33,546.63,0.0,310.77,620.33,1477.73,2400.96,COD,Completed,3.3,None,Delhi,Toyota Innova,Diesel,2
T00450,2025-08-27,V027,Sedan,D027,Driver_027,3.8,R065,Hyderabad,Chennai,23.6,61,1.42,149.3,0.0,41.34,226.61,417.25,735.38,Card,Completed,3.7,None,Hyderabad,Hyundai Verna,Petrol,6
T00451,2025-06-29,V075,SUV,D003,Driver_003,5.0,R060,Chennai,Delhi,145.0,311,10.84,1121.12,0.0,575.63,1197.49,2894.24,4827.02,Card,Completed,3.6,None,Chennai,Hyundai Creta,Diesel,4
T00452,2025-10-27,V012,Sedan,D012,Driver_012,3.9,R075,Mumbai,Delhi,66.6,201,4.71,512.83,0.0,91.34,1106.1,1710.27,1771.87,Net Banking,Completed,4.4,Inspection,Mumbai,Honda City,Petrol,2
T00453,2025-01-14,V059,Sedan,D130,Driver_130,4.3,R040,Visakhapatnam,Kochi,18.3,52,1.46,148.5,0.0,64.19,232.38,445.07,52.4,Cash,Cancelled,4.7,Inspection,Visakhapatnam,Maruti Dzire,Petrol,10
T00454,2025-03-28,V051,Van,D074,Driver_074,3.9,R072,Bengaluru,Mumbai,26.9,86,2.42,253.33,0.0,39.52,402.32,695.17,1127.21,UPI,Completed,4.3,None,Bengaluru,Maruti Eeco,Diesel,6
T00455,2025-02-08,V067,SUV,D035,Driver_035,3.7,R011,Bengaluru,Pune,27.2,70,2.11,220.91,0.0,71.97,293.27,586.15,942.16,UPI,Completed,3.7,None,Bengaluru,Toyota Innova,Diesel,3
T00456,2025-05-31,V058,Sedan,D076,Driver_076,3.7,R053,Mumbai,Visakhapatnam,18.5,79,1.12,109.06,0.0,68.0,301.86,478.92,669.33,UPI,Completed,5.0,None,Mumbai,Honda City,Petrol,2
T00457,2025-12-04,V011,SUV,D030,Driver_030,3.2,R037,Mumbai,Chennai,24.8,52,2.07,215.2,0.0,115.33,213.24,543.77,1088.1,Net Banking,Completed,3.1,None,Mumbai,Kia Seltos,Diesel,3
T00458,2025-07-07,V064,Truck,D126,Driver_126,4.8,R031,Bengaluru,Kochi,21.5,70,3.34,348.53,0.0,53.75,360.18,762.46,1155.82,Card,Completed,3.5,None,Bengaluru,Ashok Leyland Dost,Diesel,5
T00459,2025-12-11,V080,Truck,D150,Driver_150,4.5,R046,Pune,Chennai,32.7,80,4.28,463.83,0.0,114.93,406.73,985.49,1615.06,Net Banking,Completed,3.1,None,Pune,Tata 407,Diesel,10
T00460,2025-12-07,V050,Sedan,D135,Driver_135,2.8,R021,Chennai,Kochi,129.1,217,8.24,783.3,0.0,232.27,656.81,1672.38,3092.42,Card,Completed,2.3,None,Chennai,Maruti Dzire,Petrol,4
T00461,2025-11-17,V010,Sedan,D005,Driver_005,3.8,R062,Mumbai,Bengaluru,36.9,128,2.5,257.16,0.0,158.61,596.46,1012.23,1226.04,UPI,Completed,4.2,None,Mumbai,Hyundai Verna,Petrol,6
T00462,2025-07-16,V064,Sedan,D096,Driver_096,3.8,R051,Pune,Hyderabad,27.2,82,1.77,188.82,0.0,111.55,389.53,689.9,204.59,,Cancelled,4.2,None,Pune,Hyundai Verna,Petrol,4
T00463,2025-03-16,V067,SUV,D056,Driver_056,4.4,R019,Hyderabad,Visakhapatnam,64.4,210,5.82,631.47,2375.48,106.38,874.42,3987.75,2388.41,Card,Completed,4.4,None,Hyderabad,Kia Seltos,Diesel,8
T00464,2025-10-31,V053,SUV,D077,Driver_077,4.1,R007,Chennai,Delhi,19.3,49,1.51,151.32,0.0,40.53,176.16,368.01,710.65,Net Banking,Completed,4.7,None,Chennai,Hyundai Creta,Diesel,3
T00465,2025-06-01,V100,Sedan,D035,Driver_035,3.1,R080,Delhi,Visakhapatnam,36.9,100,2.25,243.44,0.0,105.88,567.66,916.98,28.49,UPI,Cancelled,3.9,Inspection,Delhi,Hyundai Verna,Petrol,3
T00466,2025-11-18,V007,Truck,D091,Driver_091,3.7,R013,Kochi,,56.6,102,9.44,982.9,0.0,97.14,317.86,1397.9,2463.48,COD,Completed,3.5,Service,Kochi,Tata 407,Diesel,5
T00467,2025-09-28,V043,Van,D027,Driver_027,4.1,R061,Bengaluru,Hyderabad,32.2,82,3.35,347.65,0.0,93.62,282.89,724.16,1632.77,UPI,Completed,3.5,None,Bengaluru,Maruti Eeco,Diesel,2
T00468,2025-05-21,V085,Van,D075,Driver_075,3.3,R050,Delhi,Hyderabad,49.1,72,5.28,554.53,0.0,193.54,322.43,1070.5,1938.05,Cash,Completed,3.7,,Delhi,Tata Winger,Diesel,6
T00469,2025-09-09,V045,Truck,D056,Driver_056,4.4,R031,Bengaluru,Chennai,31.7,44,4.51,477.19,7608.34,97.42,150.0,8332.95,1509.44,Cash,Completed,4.8,Service,Bengaluru,Ashok Leyland Dost,Diesel,8
T00470,2025-09-07,V083,Sedan,D003,Driver_003,3.6,R062,Bengaluru,Chennai,43.2,93,2.87,291.82,0.0,191.44,497.99,981.25,1446.08,UPI,Completed,4.0,Repair,Bengaluru,Honda City,Petrol,12
T00471,2025-05-26,V061,Sedan,D069,Driver_069,3.8,R074,Chennai,Mumbai,18.9,62,1.47,161.59,0.0,43.13,263.57,468.29,761.65,Net Banking,Completed,4.4,None,Chennai,Maruti Dzire,Petrol,4
T00472,2025-10-13,V059,SUV,D126,Driver_126,3.7,R079,Mumbai,Pune,17.2,55,1.47,153.33,9985.58,76.19,285.99,10501.09,130.81,Net Banking,Cancelled,3.6,None,Mumbai,Hyundai Creta,Diesel,4
T00473,2025-11-19,V021,Truck,D074,Driver_074,3.7,R039,Pune,Visakhapatnam,121.2,304,15.46,1621.8,0.0,236.58,1224.34,3082.72,5170.4,Cash,Completed,3.6,Service,Pune,BharatBenz 1015,Diesel,6
T00474,2025-05-20,V021,SUV,D109,Driver_109,3.7,R063,Visakhapatnam,Chennai,71.0,126,7.06,764.33,1305.6,186.48,717.13,2973.54,2463.32,UPI,Completed,3.8,None,Visakhapatnam,Hyundai Creta,Diesel,5
T00475,2025-12-21,V046,Van,D113,Driver_113,3.6,R052,Bengaluru,Chennai,83.4,131,8.82,903.18,3791.23,144.2,471.27,5309.88,3004.33,Card,Completed,4.4,Repair,Bengaluru,Maruti Eeco,Diesel,12
T00476,2025-03-14,V087,Sedan,D079,Driver_079,3.2,R072,Visakhapatnam,Chennai,49.6,138,3.98,414.43,0.0,181.56,438.71,1034.7,1239.21,COD,Completed,4.0,Inspection,Visakhapatnam,Hyundai Verna,Petrol,3
T00477,2025-09-02,V062,Truck,D017,Driver_017,4.2,R031,Bengaluru,Kochi,63.7,117,10.56,1137.45,0.0,289.47,627.22,2054.14,3065.44,Card,Completed,3.3,Repair,Bengaluru,BharatBenz 1015,Diesel,12
T00478,2025-09-04,V085,Sedan,D105,Driver_105,4.0,R028,Pune,Mumbai,63.1,139,4.51,475.02,1869.2,280.48,808.47,3433.17,1787.37,UPI,Completed,3.6,,Pune,Hyundai Verna,Petrol,9
T00479,2025-11-08,V061,Sedan,D143,Driver_143,4.0,R041,Mumbai,Delhi,12.6,37,0.76,75.33,0.0,35.9,150.0,261.23,406.79,Card,Completed,3.9,Inspection,Mumbai,Hyundai Verna,Petrol,4
T00480,2025-05-02,V019,Van,D030,Driver_030,3.6,R080,Kochi,Hyderabad,12.2,41,1.13,119.48,0.0,22.19,235.73,377.4,,UPI,Cancelled,2.8,None,Kochi,Force Traveller,Diesel,10
T00481,2025-10-01,V085,Van,D085,Driver_085,4.4,R008,Pune,Chennai,27.8,65,2.64,255.46,6353.93,62.92,363.8,7036.11,1482.66,Net Banking,Completed,4.1,Service,Pune,Tata Winger,Diesel,7
T00482,2025-11-09,V044,Van,D087,Driver_087,2.8,R025,Kochi,Visakhapatnam,24.2,49,2.41,235.94,0.0,50.74,275.61,562.29,1389.94,Card,Completed,3.4,Service,Kochi,Tata Winger,Diesel,8
T00483,2025-05-29,V085,Sedan,D092,Driver_092,3.1,R079,Pune,Kochi,21.6,84,1.68,165.88,0.0,82.65,276.35,524.88,798.76,COD,Completed,4.5,None,Pune,Hyundai Verna,Petrol,1
T00484,2025-07-04,V024,Sedan,D060,Driver_060,5.0,R047,Pune,Kochi,23.3,44,1.41,135.46,0.0,86.57,177.85,399.88,973.83,Net Banking,Completed,4.2,Inspection,Pune,Maruti Dzire,Petrol,6
T00485,2025-12-03,V067,Sedan,D129,Driver_129,4.2,R070,Visakhapatnam,Pune,48.3,163,3.61,346.03,0.0,99.29,770.19,1215.51,335.56,Card,Cancelled,3.7,Repair,Visakhapatnam,Honda City,Petrol,7
T00486,2025-02-09,V097,Sedan,D143,Driver_143,4.5,R025,Delhi,Bengaluru,18.5,38,1.31,128.02,0.0,74.86,150.0,352.88,566.46,UPI,Completed,4.2,Service,Delhi,Honda City,Petrol,5
T00487,2025-05-10,V003,Truck,D147,Driver_147,4.1,R032,Bengaluru,Mumbai,68.0,188,9.7,1042.81,0.0,299.03,687.02,2028.86,499.55,Net Banking,Cancelled,3.3,None,Bengaluru,BharatBenz 1015,Diesel,8
T00488,2025-10-07,V012,Truck,D069,Driver_069,4.5,R037,Bengaluru,Visakhapatnam,122.2,304,15.86,1533.18,0.0,528.67,1421.1,3482.95,876.79,COD,Cancelled,4.2,Inspection,Bengaluru,Ashok Leyland Dost,Diesel,9
T00489,2025-09-16,V072,Sedan,D071,Driver_071,,R041,Mumbai,Chennai,92.9,214,5.82,629.13,0.0,356.76,708.79,1694.68,2583.43,UPI,Completed,3.2,None,Mumbai,Hyundai Verna,Petrol,11
T00490,2025-04-12,V060,Van,D057,Driver_057,3.8,R026,Hyderabad,Bengaluru,41.2,63,4.49,434.3,0.0,125.4,345.18,904.88,352.22,Net Banking,Cancelled,3.7,Inspection,Hyderabad,Maruti Eeco,Diesel,12
T00491,2025-10-18,V085,Sedan,D056,Driver_056,4.3,R033,Bengaluru,Pune,10.4,44,0.68,68.83,0.0,27.09,234.43,330.35,750.73,COD,Completed,4.6,Repair,Bengaluru,Maruti Dzire,Petrol,1
T00492,2025-03-20,V062,SUV ,D109,Driver_109,4.1,R062,Delhi,Hyderabad,38.8,90,2.91,283.02,0.0,171.98,451.99,906.99,187.57,Card,Cancelled,2.9,Repair,Delhi,Toyota Innova,Diesel,2
T00493,2025-01-18,V091,SUV,D079,Driver_079,4.2,R074,Mumbai,Delhi,46.8,106,4.0,435.56,8234.27,75.83,541.98,9287.64,303.07,Net Banking,Cancelled,3.7,Service,Mumbai,Hyundai Creta,Diesel,7
T00494,2025-04-13,V036,Sedan,D006,Driver_006,3.8,R044,Mumbai,Chennai,16.2,55,1.05,113.34,2003.79,41.41,280.14,2438.68,896.56,UPI,Completed,4.1,Service,Mumbai,Maruti Dzire,Petrol,2
T00495,2025-08-12,V007,Sedan,D032,Driver_032,3.9,R042,Visakhapatnam,Kochi,21.6,56,1.4,152.73,0.0,46.26,190.87,389.86,1019.36,Card,Completed,2.8,Service,Visakhapatnam,Hyundai Verna,Petrol,5
T00496,2025-06-27,V050,Truck,D014,Driver_014,3.5,R051,Visakhapatnam,Bengaluru,72.6,208,10.24,1060.66,0.0,98.02,1068.27,2226.95,3449.87,COD,Completed,3.9,None,Visakhapatnam,Tata 407,Diesel,4
T00497,2025-12-19,V034,SUV,D038,Driver_038,5.0,R019,Hyderabad,Pune,50.1,102,4.28,467.16,0.0,216.41,462.11,1145.68,257.35,Card,Cancelled,3.7,Inspection,Hyderabad,Hyundai Creta,Diesel,3
T00498,2025-03-07,V008,Sedan,D115,Driver_115,3.3,R015,Chennai,Mumbai,13.4,39,1.06,114.54,0.0,51.42,216.33,382.29,488.53,UPI,Completed,3.3,Repair,Chennai,Maruti Dzire,Petrol,9
T00499,2025-09-23,V053,Van,D008,Driver_008,3.5,R020,Hyderabad,Mumbai,65.6,163,6.27,609.57,0.0,251.26,869.36,1730.19,2433.04,Net Banking,Completed,4.7,None,Hyderabad,Force Traveller,Diesel,1
T00500,2025-01-11,V029,SUV,D118,Driver_118,4.9,R062,Kochi,Delhi,18.4,69,1.84,201.48,0.0,83.97,281.2,566.65,1028.57,COD,Completed,4.3,None,Kochi,Hyundai Creta,Diesel,12
T00501,2025-04-29,V007,Van,D128,Driver_128,3.8,R068,Hyderabad,Bengaluru,14.7,21,1.65,163.02,0.0,43.02,150.0,356.04,814.64,Net Banking,Completed,3.2,Service,Hyderabad,Tata Winger,Diesel,7
T00502,2025-07-04,V083,Sedan,D069,Driver_069,4.3,R014,Delhi,Bengaluru,50.9,112,3.78,404.3,0.0,92.72,468.17,965.19,1210.52,Net Banking,Completed,4.3,None,Delhi,Maruti Dzire,Petrol,5
T00503,2025-01-11,V058,SUV,D087,Driver_087,4.1,R059,Pune,Bengaluru,13.4,57,1.22,116.33,3217.65,20.31,244.85,3599.14,96.85,Card,Cancelled,4.1,Inspection,Pune,Kia Seltos,Diesel,11
T00504,2025-08-12,V091,Van,D035,Driver_035,3.9,R021,Visakhapatnam,Pune,27.3,61,2.75,278.07,0.0,80.72,201.82,560.61,400.78,COD,Cancelled,3.4,Service,Visakhapatnam,Maruti Eeco,Diesel,8
T00505,2025-03-19,V052,Sedan,D141,Driver_141,3.9,R011,Visakhapatnam,Mumbai,16.4,19,1.06,103.46,539.44,64.23,150.0,857.13,844.57,COD,Completed,5.0,Repair,Visakhapatnam,Maruti Dzire,Petrol,3
T00506,2025-03-22,V035,Sedan,D015,Driver_015,5.0,R024,Chennai,Bengaluru,23.1,70,1.64,169.8,0.0,93.74,212.34,475.88,596.18,Net Banking,Completed,4.7,Inspection,Chennai,Honda City,Petrol,6
T00507,2025-11-29,V044,Sedan,D083,Driver_083,4.7,R017,Chennai,Bengaluru,45.7,165,2.96,323.23,0.0,186.31,902.97,1412.51,215.61,UPI,Cancelled,3.7,Inspection,Chennai,Honda City,Petrol,12
T00508,2025-10-08,V086,Sedan,D108,Driver_108,4.1,R041,Pune,Kochi,19.9,52,1.34,136.67,0.0,32.9,197.14,366.71,942.0,Cash,Completed,3.9,None,Pune,Honda City,Petrol,7
T00509,2025-03-07,V006,Van,D113,Driver_113,3.7,R021,Visakhapatnam,Delhi,19.8,47,2.18,228.31,4513.34,30.57,173.16,4945.38,1103.48,UPI,Completed,3.4,None,Visakhapatnam,Maruti Eeco,Diesel,8
T00510,2025-11-19,V027,SUV,D001,Driver_001,4.4,R012,Bengaluru,Visakhapatnam,48.2,70,3.66,360.0,4573.37,83.71,322.34,5339.42,1531.79,COD,Completed,3.9,None,Bengaluru,Toyota Innova,Diesel,8
T00511,2025-11-03,V079,SUV,D033,Driver_033,3.6,R037,Bengaluru,Hyderabad,85.6,218,8.64,897.23,7946.18,218.28,1258.53,10320.22,2820.36,Card,Completed,3.7,Inspection,Bengaluru,Kia Seltos,Diesel,9
T00512,2025-03-19,V046,Sedan,D102,Driver_102,4.7,R050,Delhi,Kochi,52.7,86,3.54,366.99,0.0,194.09,433.08,994.16,1485.04,Card,Completed,3.3,Service,Delhi,Hyundai Verna,Petrol,12
T00513,2025-01-02,V027,Sedan,D084,Driver_084,4.6,R015,Pune,Chennai,62.2,91,4.89,509.44,0.0,242.25,453.64,1205.33,1831.5,Net Banking,Completed,4.4,None,Pune,Maruti Dzire,Petrol,4
T00514,2025-04-16,V063,Van,D092,Driver_092,4.6,R063,Visakhapatnam,Bengaluru,35.0,103,3.93,421.32,0.0,149.42,462.55,1033.29,1774.26,Net Banking,Completed,3.9,Service,Visakhapatnam,Force Traveller,Diesel,3
T00515,2025-09-30,V013,Sedan,D049,Driver_049,3.6,R011,Pune,Visakhapatnam,101.8,186,7.97,835.77,2562.11,357.55,776.33,4531.76,2495.03,COD,Completed,3.5,None,Pune,Honda City,Petrol,8
T00516,2025-05-21,V017,Sedan,D010,Driver_010,4.9,R068,Bengaluru,Delhi,15.7,22,1.02,111.86,0.0,36.81,150.0,298.67,805.91,Card,Completed,3.9,None,Bengaluru,Maruti Dzire,Petrol,11
T00517,2025-04-10,V094,Sedan,D001,Driver_001,,R027,Delhi,Kochi,33.5,124,2.12,223.38,5579.33,101.96,595.37,6500.04,1263.02,Card,Completed,4.2,Inspection,Delhi,Honda City,Petrol,6
T00518,2025-02-04,V036,SUV,D114,Driver_114,3.6,R068,Kochi,,21.9,87,2.1,220.82,7984.64,44.31,421.96,8671.73,755.6,Net Banking,Completed,4.6,None,Kochi,Hyundai Creta,Diesel,4
T00519,2025-04-26,V085,SUV,D117,Driver_117,4.6,R007,Chennai,Kochi,53.5,148,4.06,409.98,5050.72,169.19,575.47,6205.36,2026.55,Card,Completed,4.2,None,Chennai,Kia Seltos,Diesel,5
T00520,2025-12-01,V055,Truck,D073,Driver_073,4.7,R029,Chennai,Mumbai,31.2,82,4.3,412.96,8299.86,70.38,255.85,9039.05,1573.44,UPI,Completed,4.5,Service,Chennai,BharatBenz 1015,Diesel,6
T00521,2025-07-09,V046,Sedan,D096,Driver_096,4.1,R052,Bengaluru,Delhi,125.8,344,7.75,849.78,0.0,463.14,1211.95,2524.87,3246.95,Net Banking,Completed,4.1,None,Bengaluru,Maruti Dzire,Petrol,8
T00522,2025-11-19,V082,Sedan,D078,Driver_078,3.7,R050,Pune,Kochi,37.6,135,2.93,288.32,0.0,146.1,582.32,1016.74,134.95,Cash,Cancelled,3.6,Inspection,Pune,Honda City,Petrol,1
T00523,2025-03-26,V025,Sedan,D072,Driver_072,4.3,R041,Chennai,Mumbai,22.3,53,1.42,152.66,3266.55,50.09,173.35,3642.65,988.06,Net Banking,Completed,3.9,None,Chennai,Maruti Dzire,Petrol,12
T00524,2025-09-24,V079,Sedan,D070,Driver_070,3.5,R080,Kochi,Bengaluru,62.4,176,4.53,484.16,0.0,92.61,897.8,1474.57,1644.6,COD,Completed,2.7,None,Kochi,Honda City,Petrol,12
T00525,2025-05-27,V100,Sedan,D012,Driver_012,4.3,R052,Delhi,Pune,83.0,206,5.76,564.61,3630.51,317.14,845.96,5358.22,1933.85,Net Banking,Completed,3.4,None,Delhi,Honda City,Petrol,12
T00526,2025-01-12,V042,Truck,D098,Driver_098,3.7,R020,Mumbai,Chennai,40.5,73,6.27,640.29,0.0,162.81,260.21,1063.31,1823.09,COD,Completed,,Repair,Mumbai,Ashok Leyland Dost,Diesel,1
T00527,2025-05-09,V002,Sedan,D100,Driver_100,3.7,R008,Delhi,Bengaluru,29.9,92,1.88,195.01,0.0,53.84,285.27,534.12,1111.68,Card,Completed,4.1,,Delhi,Honda City,Petrol,4
T00528,2025-12-05,V048,Van,D128,Driver_128,4.0,R010,Delhi,Mumbai,33.3,82,,381.55,0.0,137.02,435.09,953.66,1258.26,Cash,Completed,3.9,,Delhi,Tata Winger,Diesel,10
T00529,2025-12-02,V057,Van,D077,Driver_077,3.5,R045,Mumbai,Hyderabad,61.4,156,5.67,553.52,0.0,209.86,574.6,1337.98,2504.59,Cash,Completed,4.2,Service,Mumbai,Force Traveller,Diesel,3
T00530,2025-04-20,V066,Van,D077,Driver_077,3.4,R019,Kochi,Bengaluru,55.2,166,5.86,620.51,0.0,94.74,783.81,1499.06,2399.8,Net Banking,Completed,3.7,Inspection,Kochi,Maruti Eeco,Diesel,9
T00531,2025-06-13,V011,Sedan,D110,Driver_110,,R071,Bengaluru,Chennai,73.3,235,5.09,544.58,0.0,246.52,998.32,1789.42,1789.37,COD,Completed,3.2,None,Bengaluru,Honda City,Petrol,6
T00532,2025-07-19,V015,Sedan,D002,Driver_002,3.8,R019,Mumbai,Hyderabad,82.8,191,6.47,623.77,5871.52,201.59,698.06,7394.94,1913.88,Cash,Completed,5.0,Service,Mumbai,Honda City,Petrol,4
T00533,2025-06-10,V070,Van,D056,Driver_056,3.3,R038,Kochi,Mumbai,31.9,89,3.1,303.39,0.0,110.18,357.22,770.79,1243.2,COD,Completed,4.2,Service,Kochi,Force Traveller,Diesel,12
T00534,2025-06-18,V059,Sedan,D120,Driver_120,4.1,R042,Delhi,Pune,92.6,260,6.13,602.39,0.0,339.39,780.26,1722.04,2455.74,Net Banking,Completed,3.7,None,Delhi,Maruti Dzire,Petrol,6
T00535,2025-04-10,V030,Van,D093,Driver_093,3.9,R037,Pune,Hyderabad,48.9,96,5.67,618.2,0.0,147.03,404.09,1169.32,1826.46,Net Banking,Completed,5.0,Repair,Pune,Maruti Eeco,Diesel,4
T00536,2025-04-02,V053,Sedan,D075,Driver_075,3.5,R058,Mumbai,Pune,31.7,87,2.25,231.7,0.0,90.34,418.73,740.77,846.21,Net Banking,Completed,,Service,Mumbai,Maruti Dzire,Petrol,9
T00537,2025-01-18,V096,Sedan,D107,Driver_107,5.0,R056,Hyderabad,Bengaluru,19.6,56,1.18,126.03,0.0,26.64,196.02,348.69,868.61,Net Banking,Completed,4.2,Service,Hyderabad,Maruti Dzire,Petrol,7
T00538,2025-11-30,V076,SUV,D124,Driver_124,3.4,R014,Chennai,Kochi,114.2,173,9.69,951.84,0.0,500.06,725.09,2176.99,3774.17,Cash,Completed,4.4,Service,Chennai,Hyundai Creta,Diesel,5
T00539,2025-12-15,V031,Truck,D104,Driver_104,4.8,R013,Visakhapatnam,Chennai,68.2,217,11.19,1134.3,0.0,130.28,898.25,2162.83,3367.91,Card,Completed,2.7,None,Visakhapatnam,Ashok Leyland Dost,Diesel,12
T00540,2025-08-31,V037,SUV,D047,Driver_047,4.3,R041,Visakhapatnam,Chennai,89.6,239,8.0,823.12,0.0,361.2,1367.67,2551.99,3024.32,Card,Completed,3.8,Service,Visakhapatnam,Hyundai Creta,Diesel,7
T00541,2025-03-03,V045,Van,D003,Driver_003,4.3,R010,Bengaluru,Kochi,52.6,138,4.72,448.62,2560.17,151.23,422.03,3582.05,2094.27,COD,Completed,4.1,Service,Bengaluru,Tata Winger,Diesel,1
T00542,2025-10-11,V080,Van,D018,Driver_018,3.9,R067,Kochi,Hyderabad,46.5,77,5.16,521.3,0.0,164.17,403.09,1088.56,1817.27,Card,Completed,4.0,Inspection,Kochi,Force Traveller,Diesel,7
T00543,2025-03-02,V012,SUV,D045,Driver_045,4.0,R007,Hyderabad,Kochi,51.0,162,4.5,474.18,7382.69,191.66,583.05,8631.58,2026.43,Net Banking,Completed,4.4,Repair,Hyderabad,Hyundai Creta,Diesel,11
T00544,2025-10-26,V015,SUV,D100,Driver_100,4.0,R041,Kochi,Visakhapatnam,21.4,69,1.6,168.68,9673.62,37.9,347.06,10227.26,1071.08,Cash,Completed,3.8,None,Kochi,Hyundai Creta,Diesel,1
T00545,2025-03-26,V091,SUV,D030,Driver_030,4.7,R058,Hyderabad,Mumbai,65.9,107,5.13,561.3,0.0,179.04,550.16,1290.5,285.46,UPI,Cancelled,4.4,Inspection,Hyderabad,Hyundai Creta,Diesel,7
T00546,2025-10-03,V096,Sedan,D121,Driver_121,2.9,R032,Mumbai,Hyderabad,61.6,197,4.25,464.43,0.0,130.8,749.06,1344.29,1653.73,COD,Completed,3.9,Repair,Mumbai,Honda City,Petrol,10
T00547,2025-06-14,V071,SUV,D001,Driver_001,5.0,R054,Kochi,Chennai,59.9,118,4.75,501.86,0.0,231.85,446.73,1180.44,2152.34,Cash,Completed,2.6,None,Kochi,Kia Seltos,Diesel,9
T00548,2025-11-18,V016,SUV,D034,Driver_034,4.8,R051,Bengaluru,Visakhapatnam,16.8,66,1.31,142.25,0.0,55.72,327.82,525.79,906.59,Net Banking,Completed,5.0,Service,Bengaluru,Hyundai Creta,Diesel,8
T00549,2025-11-26,V087,SUV,D021,Driver_021,2.9,R003,Bengaluru,Delhi,49.8,106,3.93,419.28,0.0,214.69,460.34,1094.31,1685.59,Card,Completed,3.2,None,Bengaluru,Toyota Innova,Diesel,1
T00550,2025-08-04,V009,SUV,D076,Driver_076,4.2,R005,Chennai,Mumbai,45.6,126,3.4,371.73,1215.94,144.86,552.13,2284.66,1791.92,COD,Completed,3.8,None,Chennai,Hyundai Creta,Diesel,3
T00551,2025-03-27,V087,SUV,D022,Driver_022,4.6,R063,Bengaluru,Delhi,66.2,213,5.39,571.56,0.0,196.38,1206.47,1974.41,2405.06,COD,Completed,4.2,None,Bengaluru,Hyundai Creta,Diesel,6
T00552,2025-03-08,V021,Sedan,D008,Driver_008,4.2,R059,Kochi,Bengaluru,29.9,95,2.24,238.93,0.0,64.32,290.33,593.58,258.75,Cash,Cancelled,4.2,Inspection,Kochi,Honda City,Petrol,10
T00553,2025-07-05,V047,SUV,D077,Driver_077,4.1,R057,Chennai,Pune,31.9,88,3.16,334.37,0.0,76.19,269.53,680.09,1449.13,UPI,Completed,3.0,Service,Chennai,Hyundai Creta,Diesel,8
T00554,2025-12-27,V086,SUV,D036,Driver_036,3.8,R010,Pune,Kochi,100.2,211,9.58,953.32,0.0,315.23,1010.86,2279.41,3211.55,Card,Completed,4.5,Service,Pune,Hyundai Creta,Diesel,5
T00555,2025-03-15,V099,Van,D051,Driver_051,3.5,R053,Bengaluru,Delhi,134.3,232,12.83,1401.93,0.0,355.75,1043.53,2801.21,5223.07,COD,Completed,4.1,None,Bengaluru,Force Traveller,Diesel,10
T00556,2025-11-22,V092,Truck,D111,Driver_111,3.9,R050,Hyderabad,,34.9,120,5.78,564.15,2384.67,152.43,688.26,3789.51,1681.71,Net Banking,Completed,4.2,None,Hyderabad,BharatBenz 1015,Diesel,8
T00557,2025-02-02,V003,Sedan,D021,Driver_021,4.5,R039,Chennai,Visakhapatnam,19.2,43,1.53,167.92,0.0,65.45,150.0,383.37,105.26,Net Banking,Cancelled,3.9,None,Chennai,Maruti Dzire,Petrol,4
T00558,2025-03-31,V039,Truck,D087,Driver_087,4.2,R016,Pune,Bengaluru,24.8,71,3.64,359.59,0.0,70.64,323.91,754.14,1268.75,Cash,Completed,2.7,,Pune,BharatBenz 1015,Diesel,6
T00559,2025-03-19,V036,Sedan,D048,Driver_048,3.6,R042,Delhi,Bengaluru,60.0,155,3.66,383.83,3225.63,200.39,482.96,4292.81,1608.08,UPI,Completed,3.7,Service,Delhi,Hyundai Verna,Petrol,7
T00560,2025-12-31,V043,Sedan,D141,Driver_141,3.5,R055,Bengaluru,Kochi,63.7,129,4.44,439.18,1577.96,219.68,437.87,2674.69,1593.2,COD,Completed,4.0,None,Bengaluru,Maruti Dzire,Petrol,2
T00561,2025-10-29,V078,Sedan,D019,Driver_019,,R062,Pune,Bengaluru,34.8,70,2.55,277.97,0.0,148.25,401.26,827.48,38.52,Card,Cancelled,4.1,Service,Pune,Maruti Dzire,Petrol,10
T00562,2025-11-03,V041,Sedan,D113,Driver_113,4.3,R069,Visakhapatnam,Mumbai,94.2,298,5.85,609.48,8020.64,412.73,1379.8,10422.65,2298.63,Card,Completed,3.9,None,Visakhapatnam,Honda City,Petrol,1
T00563,2025-02-14,V076,SUV,D116,Driver_116,4.2,R009,Pune,Bengaluru,35.3,81,3.48,363.16,0.0,69.81,425.41,858.38,1596.38,UPI,Completed,2.9,,Pune,Kia Seltos,Diesel,2
T00564,2025-12-21,V006,Sedan,D104,Driver_104,4.5,R037,Pune,Hyderabad,52.5,97,3.69,381.51,0.0,189.46,492.04,1063.01,1687.31,Card,Completed,3.6,Service,Pune,Hyundai Verna,Petrol,6
T00565,2025-04-05,V039,Sedan,D145,Driver_145,3.6,R030,Visakhapatnam,Mumbai,20.8,51,1.48,144.16,0.0,54.44,286.3,484.9,239.61,Card,Cancelled,3.8,None,Visakhapatnam,Hyundai Verna,Petrol,10
T00566,2025-04-25,V091,Sedan,D080,Driver_080,4.6,R005,Delhi,Visakhapatnam,47.4,98,2.87,311.51,0.0,159.18,364.33,835.02,1159.75,UPI,Completed,4.9,Repair,Delhi,Hyundai Verna,Petrol,7
T00567,2025-03-10,V083,Sedan,D037,Driver_037,4.4,R018,Mumbai,Hyderabad,33.3,59,2.23,241.36,7766.2,145.23,328.34,8481.13,936.84,Cash,Completed,3.8,None,Mumbai,Maruti Dzire,Petrol,5
T00568,2025-01-07,V016,Truck,D004,Driver_004,3.9,R066,Kochi,Visakhapatnam,46.0,114,7.38,776.15,0.0,201.01,573.46,1550.62,2169.19,Cash,Completed,3.5,Inspection,Kochi,BharatBenz 1015,Diesel,3
T00569,2025-08-24,V032,SUV,D027,Driver_027,3.9,R020,Chennai,Visakhapatnam,92.0,190,9.34,903.22,1102.97,203.65,881.18,3091.02,3054.24,COD,Completed,4.6,None,Chennai,Kia Seltos,Diesel,5
T00570,2025-02-20,V095,Sedan,D119,Driver_119,3.7,R039,Delhi,Pune,15.8,50,1.14,122.09,0.0,52.5,214.48,389.07,615.16,Card,Completed,2.6,None,Delhi,Hyundai Verna,Petrol,2
T00571,2025-03-26,V064,Van,D113,Driver_113,3.8,R035,Pune,Delhi,63.0,112,7.19,780.95,0.0,201.5,617.68,1600.13,2368.71,UPI,Completed,,Inspection,Pune,Force Traveller,Diesel,3
T00572,2025-11-01,V093,SUV,D097,Driver_097,3.6,R043,Pune,Delhi,28.4,72,2.69,267.97,0.0,38.17,251.91,558.05,1320.39,Cash,Completed,3.9,Inspection,Pune,Hyundai Creta,Diesel,8
T00573,2025-11-22,V094,Sedan,D109,Driver_109,3.9,R002,Hyderabad,Pune,14.9,63,1.03,111.13,0.0,33.59,275.38,420.1,500.72,COD,Completed,3.2,Repair,Hyderabad,Maruti Dzire,Petrol,8
T00574,2025-04-17,V071,Van,D038,Driver_038,3.5,R031,Delhi,Bengaluru,40.7,126,4.19,458.92,0.0,151.85,597.59,1208.36,155.27,UPI,Cancelled,4.0,None,Delhi,Tata Winger,Diesel,2
T00575,2025-06-07,V084,Sedan,D119,Driver_119,3.7,R022,Pune,Kochi,14.4,15,0.94,96.76,0.0,35.18,150.0,281.94,767.97,Card,Completed,3.7,Service,Pune,Hyundai Verna,Petrol,10
T00576,2025-07-11,V048,Sedan,D095,Driver_095,3.6,R024,Chennai,Hyderabad,62.4,214,4.07,393.24,0.0,99.02,699.35,1191.61,1487.73,UPI,Completed,3.2,None,Chennai,Honda City,Petrol,11
T00577,2025-05-07,V034,Van,D031,Driver_031,4.2,R044,Visakhapatnam,Hyderabad,73.9,214,8.12,809.74,0.0,322.38,650.01,1782.13,38.01,Card,Cancelled,3.6,Inspection,Visakhapatnam,Tata Winger,Diesel,2
T00578,2025-08-15,V009,SUV,D016,Driver_016,4.0,R045,Visakhapatnam,Chennai,54.8,116,5.09,533.54,2660.45,165.83,560.09,3919.91,1818.43,COD,Completed,4.1,None,Visakhapatnam,Toyota Innova,Diesel,2
T00579,2025-06-29,V026,Van,D034,Driver_034,4.0,R036,Hyderabad,Delhi,58.2,86,,575.51,0.0,172.52,321.35,1069.38,185.55,Cash,Cancelled,4.5,Inspection,Hyderabad,Maruti Eeco,Diesel,12
T00580,2025-07-04,V006,Truck,D100,Driver_100,4.8,R034,Pune,Bengaluru,88.9,124,13.51,1368.12,0.0,333.05,572.92,2274.09,,Card,Completed,4.2,Service,Pune,BharatBenz 1015,Diesel,1
T00581,2025-06-21,V043,Sedan,D033,Driver_033,4.5,R033,Chennai,Pune,41.6,89,3.31,362.45,0.0,91.17,300.31,753.93,97.72,UPI,Cancelled,4.2,Inspection,Chennai,Maruti Dzire,Petrol,9
T00582,2025-10-12,V059,Sedan,D035,Driver_035,4.5,R059,Chennai,Kochi,41.4,116,3.24,347.83,0.0,89.38,578.38,1015.59,1019.07,Card,Completed,5.0,None,Chennai,Hyundai Verna,Petrol,9
T00583,2025-04-11,V028,SUV,D110,Driver_110,3.8,R059,Delhi,Kochi,36.6,66,3.1,327.66,0.0,154.48,231.34,713.48,1199.25,COD,Completed,,None,Delhi,Hyundai Creta,Diesel,9
T00584,2025-12-26,V060,Truck,D022,Driver_022,4.8,R072,Mumbai,Delhi,75.9,173,11.88,1168.92,1928.67,190.11,838.63,4126.33,3385.94,UPI,Completed,5.0,None,Mumbai,Ashok Leyland Dost,Diesel,3
T00585,2025-12-16,V086,Van,D124,Driver_124,4.2,R020,Pune,Mumbai,27.3,62,2.67,255.87,3720.55,58.92,214.23,4249.57,1280.11,UPI,Completed,4.0,Service,Pune,Force Traveller,Diesel,5
T00586,2025-04-13,V076,Sedan,D060,Driver_060,3.9,R022,Visakhapatnam,Delhi,,63,1.83,191.8,0.0,68.44,278.31,538.55,815.52,Cash,Completed,3.9,,Visakhapatnam,Hyundai Verna,Petrol,1
T00587,2025-07-16,V039,Sedan,D073,Driver_073,4.1,R011,Bengaluru,Kochi,27.8,55,2.02,222.07,0.0,101.62,182.07,505.76,112.63,UPI,Cancelled,3.2,None,Bengaluru,Honda City,Petrol,7
T00588,2025-01-02,V008,Sedan,D078,Driver_078,4.3,R061,Mumbai,Kochi,40.3,104,2.49,255.05,1921.99,134.41,490.96,2802.41,1218.54,COD,Completed,4.9,Inspection,Mumbai,Hyundai Verna,Petrol,9
T00589,2025-10-03,V034,Sedan,D068,Driver_068,4.5,R063,Delhi,Mumbai,42.7,67,3.04,321.53,0.0,180.96,380.86,883.35,1382.25,UPI,Completed,4.0,None,Delhi,Hyundai Verna,Petrol,1
T00590,2025-04-07,V097,SUV,D093,Driver_093,4.9,R015,Pune,Delhi,14.9,41,1.14,117.45,0.0,35.03,150.94,303.42,566.67,UPI,Completed,,None,Pune,Toyota Innova,Diesel,11
T00591,2025-09-01,V071,Sedan,D020,Driver_020,4.3,R010,Mumbai,Hyderabad,41.1,130,2.83,291.26,0.0,100.44,390.52,782.22,107.92,Net Banking,Cancelled,3.6,Repair,Mumbai,Honda City,Petrol,3
T00592,2025-10-15,V003,Truck,D048,Driver_048,3.9,R038,Delhi,Bengaluru,99.5,280,16.1,1699.62,0.0,293.59,1308.7,3301.91,4503.77,UPI,Completed,4.6,None,Delhi,BharatBenz 1015,Diesel,12
T00593,2025-08-12,V052,Truck,D099,Driver_099,4.4,R075,Mumbai,,62.6,85,8.6,925.52,2100.6,150.85,319.45,3496.42,2892.81,Cash,Completed,3.8,None,Mumbai,BharatBenz 1015,Diesel,1
T00594,2025-11-28,V029,Sedan,D114,Driver_114,4.2,R052,Visakhapatnam,Kochi,71.0,139,5.08,541.92,2929.88,291.86,746.18,4509.84,1750.19,UPI,Completed,3.6,Repair,Visakhapatnam,Honda City,Petrol,12
T00595,2025-04-05,V054,Sedan,D149,Driver_149,3.7,R033,Hyderabad,Mumbai,97.7,165,6.14,649.25,0.0,422.77,832.99,1905.01,2473.89,Net Banking,Completed,4.0,Service,Hyderabad,Maruti Dzire,Petrol,5
T00596,2025-01-12,V067,Sedan,D016,Driver_016,3.6,R069,Bengaluru,Chennai,24.2,68,1.82,193.45,1025.79,57.57,325.16,1601.97,675.0,COD,Completed,,Service,Bengaluru,Hyundai Verna,Petrol,4
T00597,2025-07-08,V067,SUV,D100,Driver_100,4.0,R050,Hyderabad,Visakhapatnam,116.0,223,10.46,1132.69,0.0,159.03,1156.33,2448.05,3967.82,COD,Completed,4.8,None,Hyderabad,Kia Seltos,Diesel,1
T00598,2025-06-05,V059,Truck,D071,Driver_071,4.1,R010,Chennai,Mumbai,13.5,41,1.93,204.35,0.0,46.6,236.45,487.4,985.04,Net Banking,Completed,4.0,Service,Chennai,Ashok Leyland Dost,Diesel,5
T00599,2025-01-29,V018,SUV,D139,Driver_139,3.8,R020,Delhi,Kochi,46.8,98,3.74,365.75,0.0,210.85,353.71,930.31,1894.27,Cash,Completed,3.7,None,Delhi,Kia Seltos,Diesel,2
T00600,2025-08-19,V017,SUV,D050,Driver_050,4.1,R064,Hyderabad,Visakhapatnam,112.8,263,9.59,961.29,0.0,329.83,1164.35,2455.47,3539.8,UPI,Completed,3.7,Repair,Hyderabad,Toyota Innova,Diesel,7
T00601,2025-07-04,V058,SUV,D100,Driver_100,3.4,R055,Visakhapatnam,Bengaluru,43.7,138,4.03,383.45,4318.93,138.28,544.9,5385.56,1674.26,Cash,Completed,3.7,Service,Visakhapatnam,Kia Seltos,Diesel,11
T00602,2025-07-24,V070,SUV,D118,Driver_118,4.2,R011,Bengaluru,Pune,35.3,54,2.85,279.92,0.0,87.17,196.88,563.97,1256.13,UPI,Completed,4.7,Repair,Bengaluru,Kia Seltos,Diesel,4
T00603,2025-09-20,V025,Sedan,D101,Driver_101,4.0,R070,Visakhapatnam,Kochi,74.4,138,4.82,519.34,0.0,197.0,522.14,1238.48,2174.68,Net Banking,Completed,4.2,None,Visakhapatnam,Hyundai Verna,Petrol,5
T00604,2025-03-30,V016,Truck,D023,Driver_023,3.6,R043,Visakhapatnam,Hyderabad,85.0,174,12.07,1235.54,5164.18,377.82,758.6,7536.14,561.16,Net Banking,Cancelled,3.3,Repair,Visakhapatnam,Ashok Leyland Dost,Diesel,12
T00605,2025-06-08,V041,Sedan,D016,Driver_016,3.8,R029,Kochi,Visakhapatnam,27.4,81,1.74,172.94,3886.21,73.4,337.88,4470.43,863.0,Net Banking,Completed,3.7,Inspection,Kochi,Honda City,Petrol,8
T00606,2025-06-12,V038,Sedan,D079,Driver_079,3.6,R027,Hyderabad,Pune,29.0,88,1.96,186.33,0.0,85.01,386.7,658.04,1170.42,Cash,Completed,4.3,Inspection,Hyderabad,Honda City,Petrol,3
T00607,2025-10-05,V075,SUV,D094,Driver_094,4.1,R060,Visakhapatnam,Chennai,12.0,48,1.12,117.34,4573.54,16.1,178.46,4885.44,550.66,UPI,Completed,4.3,None,Visakhapatnam,Toyota Innova,Diesel,6
T00608,2025-10-20,V033,Sedan,D018,Driver_018,5.0,R039,Bengaluru,Pune,78.2,258,4.86,466.05,6460.63,191.22,923.44,8041.34,1908.45,Net Banking,Completed,3.8,None,Bengaluru,Maruti Dzire,Petrol,3
T00609,2025-09-13,V096,Truck,D124,Driver_124,,R039,Hyderabad,Mumbai,182.5,435,27.99,2866.05,0.0,642.07,1597.83,5105.95,8127.44,Card,Completed,3.6,None,Hyderabad,Tata 407,Diesel,2
T00610,2025-10-18,V020,Sedan,D042,Driver_042,4.2,R026,Hyderabad,Kochi,65.2,186,4.95,481.27,0.0,107.8,1047.7,1636.77,1727.11,UPI,Completed,3.4,Inspection,Hyderabad,Hyundai Verna,Petrol,10
T00611,2025-01-01,V077,Truck,D021,Driver_021,4.4,R060,Mumbai,Visakhapatnam,23.2,68,3.45,354.24,0.0,39.85,276.46,670.55,313.86,Cash,Cancelled,3.8,None,Mumbai,Ashok Leyland Dost,Diesel,3
T00612,2025-06-01,V070,Sedan,D072,Driver_072,4.3,R010,Visakhapatnam,Chennai,75.8,183,6.09,614.6,0.0,293.23,835.1,1742.93,1823.22,Cash,Completed,3.5,None,Visakhapatnam,Honda City,Petrol,3
T00613,2025-01-08,V094,Sedan,D016,Driver_016,4.3,R060,Bengaluru,Chennai,64.1,103,4.19,418.81,0.0,205.35,329.19,953.35,1730.96,COD,Completed,4.9,None,Bengaluru,Honda City,Petrol,2
T00614,2025-07-19,V003,SUV,D048,Driver_048,3.9,R059,Kochi,,53.7,109,4.82,465.61,0.0,159.7,405.59,1030.9,392.01,Card,Cancelled,3.0,Inspection,Kochi,Kia Seltos,Diesel,10
T00615,2025-09-01,V054,SUV,D127,Driver_127,4.2,R038,Mumbai,Bengaluru,41.6,78,3.67,382.91,0.0,187.61,322.92,893.44,1565.77,Net Banking,Completed,3.5,None,Mumbai,Toyota Innova,Diesel,8
T00616,2025-01-14,V026,SUV,D115,Driver_115,4.1,R032,Hyderabad,Chennai,19.3,47,1.82,176.06,0.0,45.94,231.03,453.03,952.57,COD,Completed,,None,Hyderabad,Toyota Innova,Diesel,8
T00617,2025-01-21,V001,Truck,D069,Driver_069,4.2,R022,Delhi,Mumbai,7.6,26,1.25,125.69,0.0,14.94,150.0,290.63,91.37,Cash,Cancelled,4.2,None,Delhi,Tata 407,Diesel,1
T00618,2025-05-10,V077,Sedan,D121,Driver_121,3.6,R061,Kochi,Chennai,42.5,68,2.8,279.74,0.0,65.06,391.97,736.77,1476.93,Card,Completed,4.1,None,Kochi,Maruti Dzire,Petrol,7
T00619,2025-10-08,V059,Van,D107,Driver_107,4.3,R037,Mumbai,Visakhapatnam,27.8,62,3.17,340.12,0.0,41.43,342.57,724.12,1216.26,UPI,Completed,4.7,Repair,Mumbai,Force Traveller,Diesel,8
T00620,2025-12-26,V050,Sedan,D068,Driver_068,4.0,R062,Delhi,Kochi,18.1,51,1.17,121.11,7617.7,72.51,270.17,8081.49,481.27,Net Banking,Completed,4.2,,Delhi,Honda City,Petrol,8
T00621,2025-06-10,V010,Van,D039,Driver_039,4.4,R034,Kochi,Hyderabad,63.7,181,6.26,602.91,1898.42,251.18,688.12,3440.63,2773.22,COD,Completed,4.1,Inspection,Kochi,Force Traveller,Diesel,7
T00622,2025-09-23,V081,Sedan,D098,Driver_098,4.5,R080,Mumbai,Pune,17.4,53,1.12,115.08,0.0,71.35,209.82,396.25,808.82,UPI,Completed,3.5,Inspection,Mumbai,Maruti Dzire,Petrol,1
T00623,2025-09-15,V042,Truck,D006,Driver_006,5.0,R062,Chennai,Hyderabad,71.2,142,11.11,1127.68,0.0,330.6,581.2,2039.48,3185.8,Net Banking,Completed,3.3,Service,Chennai,Ashok Leyland Dost,Diesel,8
T00624,2025-03-21,V014,Van,D019,Driver_019,3.8,R021,Mumbai,Bengaluru,14.0,57,1.48,142.5,9735.59,59.46,198.3,10135.85,977.28,COD,Completed,2.5,None,Mumbai,Maruti Eeco,Diesel,1
T00625,2025-01-03,V031,SUV,D121,Driver_121,3.4,R045,Hyderabad,Visakhapatnam,55.8,130,4.3,461.01,0.0,220.44,697.77,1379.22,2023.24,COD,Completed,4.3,Service,Hyderabad,Hyundai Creta,Diesel,11
T00626,2025-09-03,V074,Van,D052,Driver_052,4.6,R043,Visakhapatnam,Bengaluru,59.0,151,6.05,652.66,0.0,246.82,562.22,1461.7,2613.72,Net Banking,Completed,4.1,None,Visakhapatnam,Tata Winger,Diesel,8
T00627,2025-03-21,V048,SUV,D110,Driver_110,5.0,R020,Delhi,Kochi,74.7,165,5.56,531.47,0.0,188.42,830.81,1550.7,2468.56,Card,Completed,4.6,Inspection,Delhi,Kia Seltos,Diesel,5
T00628,2025-05-26,V041,SUV,D032,Driver_032,3.1,R047,Pune,Visakhapatnam,27.2,42,2.28,218.14,3729.13,98.88,150.0,4196.15,73.45,Cash,Cancelled,2.5,Inspection,Pune,Hyundai Creta,Diesel,5
T00629,2025-04-06,V061,Sedan,D029,Driver_029,4.0,R051,Delhi,Bengaluru,54.8,109,3.42,327.62,9708.81,111.9,624.13,10772.46,1441.82,COD,Completed,4.5,Service,Delhi,Hyundai Verna,Petrol,5
T00630,2025-08-29,V078,Truck,D106,Driver_106,4.2,R062,Bengaluru,Visakhapatnam,21.0,50,3.0,324.57,9269.24,80.22,270.38,9944.41,984.87,UPI,Completed,,None,Bengaluru,Ashok Leyland Dost,Diesel,4
T00631,2025-07-06,V052,SUV,D094,Driver_094,4.1,R043,Chennai,Visakhapatnam,36.1,107,2.73,297.05,0.0,48.89,602.22,948.16,1283.14,Net Banking,Completed,3.4,None,Chennai,Kia Seltos,Diesel,7
T00632,2025-05-30,V023,SUV,D138,Driver_138,3.6,R067,Bengaluru,Hyderabad,39.6,136,3.43,337.74,0.0,69.45,418.44,825.63,1619.2,Net Banking,Completed,3.9,None,Bengaluru,Kia Seltos,Diesel,10
T00633,2025-07-29,V007,SUV,D001,Driver_001,4.0,R077,Kochi,Delhi,30.8,112,2.51,256.92,4063.0,105.39,437.19,4862.5,1134.23,UPI,Completed,3.5,Service,Kochi,Toyota Innova,Diesel,12
T00634,2025-06-29,V055,Sedan,D043,Driver_043,4.2,R077,Bengaluru,Chennai,89.6,151,6.03,586.65,0.0,338.36,488.16,1413.17,2455.94,Cash,Completed,4.0,Service,Bengaluru,Honda City,Petrol,6
T00635,2025-10-15,V057,Sedan,D067,Driver_067,4.5,R026,Pune,Mumbai,114.3,229,6.96,677.97,616.23,418.28,1057.39,2769.87,2960.23,COD,Completed,2.7,Inspection,Pune,Maruti Dzire,Petrol,2
T00636,2025-05-17,V084,Van,D054,Driver_054,4.3,R020,Chennai,Delhi,91.8,186,10.34,1119.98,0.0,236.04,970.41,2326.43,3563.72,Card,Completed,4.0,None,Chennai,Force Traveller,Diesel,6
T00637,2025-07-19,V068,Sedan,D123,Driver_123,4.1,R011,Hyderabad,Pune,95.4,334,6.33,667.36,2334.01,186.04,1602.68,4790.09,2505.75,Cash,Completed,3.6,Inspection,Hyderabad,Maruti Dzire,Petrol,7
T00638,2025-05-30,V062,SUV,D139,Driver_139,4.5,R028,Delhi,Visakhapatnam,24.2,40,1.97,207.51,2988.25,100.0,150.0,3445.76,1160.42,UPI,Completed,4.7,None,Delhi,Toyota Innova,Diesel,6
T00639,2025-12-01,V095,Sedan,D021,Driver_021,4.5,R075,Kochi,Delhi,10.9,54,0.86,89.88,9085.78,32.5,172.9,9381.06,180.32,UPI,Cancelled,4.6,None,Kochi,Honda City,Petrol,1
T00640,2025-10-10,V022,Sedan,D147,Driver_147,4.5,R002,Visakhapatnam,Hyderabad,51.2,115,3.93,410.56,0.0,92.88,393.32,896.76,106.36,Card,Cancelled,4.2,None,Visakhapatnam,Honda City,Petrol,1
T00641,2025-10-20,V051,Truck,D041,Driver_041,4.5,R052,Kochi,Delhi,58.7,92,8.12,861.49,0.0,260.17,520.88,1642.54,2999.74,Cash,Completed,3.6,None,Kochi,BharatBenz 1015,Diesel,10
T00642,2025-05-09,V063,SUV,D064,Driver_064,3.8,R026,Delhi,Visakhapatnam,46.0,92,3.51,380.78,0.0,183.33,374.88,938.99,1634.25,Net Banking,Completed,4.3,Repair,Delhi,Toyota Innova,Diesel,11
T00643,2025-02-23,V086,Van,D148,Driver_148,4.3,R073,Kochi,Visakhapatnam,45.6,79,4.45,457.17,1083.16,144.93,249.84,1935.1,1798.83,Cash,Completed,4.1,None,Kochi,Tata Winger,Diesel,1
T00644,2025-04-27,V009,SUV,D145,Driver_145,4.1,R027,Visakhapatnam,Chennai,47.9,133,3.89,404.67,0.0,87.53,506.64,998.84,1908.0,Card,Completed,3.7,Repair,Visakhapatnam,Kia Seltos,Diesel,10
T00645,2025-11-21,V085,Sedan,D076,Driver_076,4.7,R057,Bengaluru,Pune,12.0,50,0.81,80.36,0.0,32.33,196.97,309.66,373.97,Net Banking,Completed,5.0,None,Bengaluru,Honda City,Petrol,12
T00646,2025-09-08,V034,Truck,D092,Driver_092,4.1,R075,Visakhapatnam,Hyderabad,70.3,193,10.42,1083.39,0.0,241.28,606.28,1930.95,797.3,Net Banking,completed,4.6,None,Visakhapatnam,Ashok Leyland Dost,Diesel,4
T00647,2025-12-27,V088,Sedan,D068,Driver_068,4.1,R004,Hyderabad,Bengaluru,45.9,87,3.35,342.84,0.0,214.1,276.84,833.78,1258.7,COD,Completed,3.4,Repair,Hyderabad,Honda City,Petrol,12
T00648,2025-10-31,V086,Sedan,D096,Driver_096,4.3,R017,Mumbai,Pune,76.1,140,5.06,538.92,8500.37,172.4,633.87,9845.56,416.39,Net Banking,Cancelled,3.2,Repair,Mumbai,Honda City,Petrol,9
T00649,2025-03-19,V097,Van,D102,Driver_102,4.3,R020,Bengaluru,Kochi,43.6,100,5.25,555.97,0.0,102.59,383.0,1041.56,412.63,Card,Cancelled,3.9,None,Bengaluru,Force Traveller,Diesel,3
T00650,2025-03-26,V036,Van,D078,Driver_078,3.7,R080,Mumbai,Delhi,63.4,219,7.29,765.44,0.0,211.47,1174.13,2151.04,2768.46,Net Banking,Completed,4.1,Repair,Mumbai,Maruti Eeco,Diesel,10
T00651,2025-04-10,V031,Sedan,D059,Driver_059,3.6,R001,Pune,Kochi,29.2,77,1.93,203.29,0.0,70.49,314.36,588.14,826.28,COD,Completed,4.2,None,Pune,Honda City,Petrol,12
T00652,2025-02-06,V052,SUV,D129,Driver_129,4.2,R055,Delhi,Bengaluru,29.4,70,2.9,290.39,0.0,77.51,232.0,599.9,1393.4,Net Banking,Completed,4.1,None,Delhi,Toyota Innova,Diesel,11
T00653,2025-09-30,V001,SUV,D029,Driver_029,3.8,R025,Kochi,Chennai,36.8,124,3.32,338.79,0.0,171.24,539.89,1049.92,22.13,Cash,Cancelled,3.9,None,Kochi,Toyota Innova,Diesel,5
T00654,2025-08-16,V047,Van,D141,Driver_141,3.8,R054,Kochi,Visakhapatnam,103.8,179,11.89,1203.73,0.0,387.02,942.31,2533.06,3949.44,Net Banking,Completed,4.1,None,Kochi,Maruti Eeco,Diesel,9
T00655,2025-11-25,V037,Sedan,D005,Driver_005,4.1,R035,Bengaluru,Pune,25.1,88,1.6,169.59,0.0,64.93,274.88,509.4,140.47,COD,Cancelled,,None,Bengaluru,Hyundai Verna,Petrol,4
T00656,2025-04-11,V096,Truck,D020,Driver_020,4.2,R044,Delhi,Mumbai,8.0,24,1.16,114.05,6872.74,33.74,150.0,7170.53,662.78,Net Banking,Completed,3.9,None,Delhi,Ashok Leyland Dost,Diesel,1
T00657,2025-04-01,V060,Van,D090,Driver_090,,R077,Bengaluru,Kochi,53.8,108,5.7,608.24,0.0,247.45,429.27,1284.96,2289.0,Card,Completed,3.9,None,Bengaluru,Force Traveller,Diesel,6
T00658,2025-11-19,V015,Sedan,D050,Driver_050,4.0,R004,Pune,Bengaluru,66.0,172,4.86,462.1,0.0,110.12,806.88,1379.1,1919.83,Cash,Completed,5.0,None,Pune,Hyundai Verna,Petrol,7
T00659,2025-10-22,V004,Sedan,D120,Driver_120,4.2,R064,Visakhapatnam,Kochi,94.6,142,6.35,690.92,0.0,237.44,641.54,1569.9,2616.59,Cash,Completed,4.1,None,Visakhapatnam,Maruti Dzire,Petrol,12
T00660,2025-04-07,V024,Truck,D141,Driver_141,4.5,R078,Delhi,Chennai,108.7,361,17.1,1788.83,0.0,372.43,1364.22,3525.48,4892.29,Card,Completed,5.0,None,Delhi,BharatBenz 1015,Diesel,4
T00661,2025-06-14,V042,Sedan,D018,Driver_018,4.2,R041,Kochi,Chennai,18.1,36,1.38,146.15,0.0,46.38,196.49,389.02,91.39,Cash,Cancelled,3.8,Inspection,Kochi,Maruti Dzire,Petrol,4
T00662,2025-03-26,V079,SUV,D150,Driver_150,3.4,R080,Chennai,Bengaluru,29.9,79,2.51,268.35,8251.48,137.45,412.16,9069.44,293.36,Cash,Cancelled,5.0,Service,Chennai,Hyundai Creta,Diesel,2
T00663,2025-10-17,V026,Sedan,D070,Driver_070,4.7,R050,Visakhapatnam,Chennai,42.9,158,3.37,342.72,0.0,72.66,807.14,1222.52,1324.98,UPI,Completed,4.4,Service,Visakhapatnam,Honda City,Petrol,7
T00664,2025-07-12,V008,Truck,D130,Driver_130,4.4,R060,Mumbai,Visakhapatnam,57.9,98,8.11,798.02,0.0,78.31,305.64,1181.97,381.78,COD,Cancelled,4.2,Service,Mumbai,BharatBenz 1015,Diesel,7
T00665,2025-04-18,V083,Van,D026,Driver_026,3.4,R032,Delhi,Bengaluru,76.1,134,7.63,727.77,0.0,192.91,577.76,1498.44,3059.26,Card,Completed,3.7,None,Delhi,Force Traveller,Diesel,7
T00666,2025-12-01,V049,Van,D042,Driver_042,3.7,R043,Pune,Visakhapatnam,81.3,182,8.11,776.92,0.0,169.93,790.12,1736.97,3209.85,Net Banking,Completed,3.8,None,Pune,Force Traveller,Diesel,11
T00667,2025-03-13,V017,Truck,D134,Driver_134,4.2,R056,Bengaluru,Kochi,36.6,74,4.86,526.22,0.0,81.63,362.44,970.29,290.99,Cash,Cancelled,5.0,None,Bengaluru,Ashok Leyland Dost,Diesel,11
T00668,2025-12-10,V073,SUV,D119,Driver_119,3.3,R045,Kochi,Delhi,114.2,213,10.95,1185.97,0.0,490.09,1037.98,2714.04,64.39,UPI,Cancelled,4.1,Repair,Kochi,Toyota Innova,Diesel,6
T00669,2025-05-23,V074,Sedan,D109,Driver_109,5.0,R079,Hyderabad,Delhi,13.4,30,1.06,102.15,0.0,53.13,150.0,305.28,636.4,Cash,Completed,2.9,None,Hyderabad,Hyundai Verna,Petrol,3
T00670,2025-03-03,V081,Van,D013,Driver_013,,R027,Chennai,Delhi,23.5,50,2.82,306.58,3246.69,77.57,177.46,3808.3,1273.01,Card,Completed,4.8,Repair,Chennai,Tata Winger,Diesel,12
T00671,2025-02-20,V061,Sedan,D025,Driver_025,4.7,R065,Visakhapatnam,Pune,,121,4.76,464.92,7141.54,129.6,368.79,8104.85,1783.01,Net Banking,Completed,4.1,None,Visakhapatnam,Honda City,Petrol,10
T00672,2025-04-22,V061,SUV,D093,Driver_093,4.6,R023,Mumbai,Chennai,11.5,47,0.98,106.07,3457.02,53.43,190.39,3806.91,615.66,Card,Completed,3.8,None,Mumbai,Toyota Innova,Diesel,10
T00673,2025-11-04,V093,Sedan,D010,Driver_010,4.9,R079,Visakhapatnam,Bengaluru,81.6,164,5.42,519.55,0.0,324.75,818.17,1662.47,2241.11,UPI,Completed,3.7,Inspection,Visakhapatnam,Hyundai Verna,Petrol,10
T00674,2025-08-24,V083,Sedan,D028,Driver_028,4.2,R072,Kochi,Mumbai,41.3,137,3.15,304.88,0.0,188.44,657.48,1150.8,1089.09,Card,Completed,4.5,None,Kochi,Maruti Dzire,Petrol,8
T00675,2025-11-13,V001,Van,D067,Driver_067,,R077,Hyderabad,Kochi,30.0,127,2.81,269.08,0.0,92.61,622.24,983.93,1287.57,COD,Completed,3.5,None,Hyderabad,Tata Winger,Diesel,12
T00676,2025-01-26,V015,Sedan,D048,Driver_048,4.5,R057,Visakhapatnam,Pune,15.3,43,1.04,106.5,0.0,57.11,150.0,313.61,581.98,UPI,Completed,4.1,None,Visakhapatnam,Maruti Dzire,Petrol,12
T00677,2025-03-25,V046,Sedan,D036,Driver_036,5.0,R021,Visakhapatnam,Chennai,27.7,49,2.17,216.01,6823.05,73.85,250.35,7363.26,36.24,Net Banking,Cancelled,3.1,Inspection,Visakhapatnam,Maruti Dzire,Petrol,9
T00678,2025-07-13,V072,SUV,D096,Driver_096,3.8,R044,Pune,Delhi,38.9,122,3.33,347.24,0.0,115.47,657.14,1119.85,1307.45,Card,Completed,4.8,Inspection,Pune,Kia Seltos,Diesel,1
T00679,2025-10-01,V058,Sedan,D136,Driver_136,4.8,R062,Visakhapatnam,Kochi,66.4,165,4.53,465.97,0.0,188.05,622.97,1276.99,1684.15,Cash,Completed,4.4,None,Visakhapatnam,Honda City,Petrol,9
T00680,2025-10-23,V038,SUV,D135,Driver_135,4.7,R018,Hyderabad,Mumbai,55.5,140,4.32,454.59,0.0,233.79,428.56,1116.94,1929.61,UPI,Completed,4.0,Repair,Hyderabad,Hyundai Creta,Diesel,2
T00681,2025-11-26,V093,Sedan,D131,Driver_131,3.9,R041,Hyderabad,Visakhapatnam,19.1,71,1.4,136.41,0.0,64.62,383.65,584.68,733.32,Net Banking,Completed,4.1,Inspection,Hyderabad,Maruti Dzire,Petrol,6
T00682,2025-05-10,V066,Sedan,D075,Driver_075,4.0,R040,Chennai,Pune,12.9,28,1.04,104.42,0.0,56.08,150.0,310.5,813.88,COD,Completed,4.6,None,Chennai,Honda City,Petrol,10
T00683,2025-05-24,V010,Van,D109,Driver_109,3.2,R045,Bengaluru,Pune,97.1,207,10.96,1065.39,2699.93,222.02,929.16,4916.5,3687.97,COD,Completed,4.4,Inspection,Bengaluru,Tata Winger,Diesel,5
T00684,2025-07-26,V021,Van,D046,Driver_046,3.5,R012,Bengaluru,Chennai,95.3,223,9.85,937.08,8003.72,430.31,713.25,10084.36,3436.27,Card,Completed,3.6,None,Bengaluru,Maruti Eeco,Diesel,10
T00685,2025-04-02,V034,Sedan,D126,Driver_126,4.4,R001,Kochi,Visakhapatnam,98.5,176,6.44,630.43,0.0,302.37,782.43,1715.23,2616.86,COD,Completed,3.6,,Kochi,Honda City,Petrol,7
T00686,2025-06-29,V031,Truck,D146,Driver_146,4.7,R048,Hyderabad,Delhi,52.4,142,8.77,902.61,0.0,223.84,552.2,1678.65,2360.29,,Completed,4.2,None,Hyderabad,Ashok Leyland Dost,Diesel,2
T00687,2025-02-25,V054,Sedan,D095,Driver_095,3.8,R053,Mumbai,Pune,24.3,59,1.55,155.92,0.0,102.94,182.79,441.65,894.77,UPI,Completed,5.0,Inspection,Mumbai,Honda City,Petrol,2
T00688,2025-04-24,V086,SUV,D134,Driver_134,4.0,R002,Chennai,Hyderabad,7.7,17,0.64,70.11,0.0,24.88,150.0,244.99,479.58,COD,Completed,4.1,None,Chennai,Kia Seltos,Diesel,7
T00689,2025-09-30,V053,Sedan,D149,Driver_149,3.8,R077,Bengaluru,Pune,20.0,56,1.24,124.57,0.0,88.08,199.93,412.58,726.2,Card,Completed,3.3,Repair,Bengaluru,Hyundai Verna,Petrol,6
T00690,2025-11-28,V010,SUV,D126,Driver_126,3.3,R021,Chennai,Kochi,182.1,424,15.58,1535.47,0.0,290.35,1666.03,3491.85,5870.48,Cash,Completed,4.7,None,Chennai,Hyundai Creta,Diesel,9
T00691,2025-11-24,V059,Sedan,D083,Driver_083,3.7,R044,Chennai,Visakhapatnam,46.8,90,3.07,333.64,0.0,64.48,322.08,720.2,174.22,Cash,Cancelled,4.2,None,Chennai,Honda City,Petrol,5
T00692,2025-01-05,V055,Sedan,D077,Driver_077,4.5,R034,Pune,Mumbai,64.9,209,4.12,393.94,0.0,144.73,899.31,1437.98,1873.85,Card,Completed,4.5,None,Pune,Honda City,Petrol,1
T00693,2025-04-30,V014,Van,D112,Driver_112,3.9,R012,Kochi,Hyderabad,114.0,170,13.77,1432.57,5994.95,446.58,698.98,8573.08,4164.55,Cash,Completed,4.3,,Kochi,Maruti Eeco,Diesel,9
T00694,2025-06-10,V042,Van,D086,Driver_086,3.8,R056,Kochi,Visakhapatnam,20.0,58,1.83,195.37,0.0,41.7,241.62,478.69,837.76,Cash,Completed,3.4,Repair,Kochi,Maruti Eeco,Diesel,1
T00695,2025-05-11,V087,Sedan,D080,Driver_080,4.7,R065,Chennai,Delhi,31.9,61,2.16,226.52,0.0,142.01,284.8,653.33,1185.06,COD,Completed,3.6,None,Chennai,Honda City,Petrol,1
T00696,2025-03-16,V065,Sedan,D120,Driver_120,,R002,Hyderabad,Bengaluru,37.1,123,2.81,304.8,0.0,140.59,612.08,1057.47,158.28,UPI,Cancelled,4.2,Repair,Hyderabad,Honda City,Petrol,1
T00697,2025-10-07,V022,Truck,D144,Driver_144,4.5,R043,Hyderabad,Delhi,38.7,76,5.22,556.68,9230.43,172.6,372.71,10332.42,153.98,Cash,Cancelled,4.2,None,Hyderabad,Ashok Leyland Dost,Diesel,3
T00698,2025-09-12,V094,Truck,D088,Driver_088,4.0,R009,Chennai,Kochi,38.4,94,5.02,514.58,0.0,53.05,478.73,1046.36,347.34,UPI,Cancelled,4.2,Service,Chennai,Tata 407,Diesel,1
T00699,2025-05-30,V003,SUV,D039,Driver_039,4.8,R017,Bengaluru,Visakhapatnam,38.6,110,3.28,337.03,0.0,133.8,631.98,1102.81,287.21,Card,Cancelled,3.9,Inspection,Bengaluru,Hyundai Creta,Diesel,8
T00700,2025-05-05,V043,Sedan,D057,Driver_057,4.1,R080,Hyderabad,Pune,62.3,186,4.67,496.25,0.0,198.51,824.17,1518.93,1587.81,Card,Completed,4.1,None,Hyderabad,Hyundai Verna,Petrol,12
T00701,2025-03-02,V022,Van,D109,Driver_109,5.0,R030,Kochi,Pune,45.6,95,5.28,538.05,0.0,145.44,343.08,1026.57,1878.3,COD,Completed,4.6,None,Kochi,Maruti Eeco,Diesel,8
T00702,2025-10-13,V045,Van,D116,Driver_116,4.2,R010,Mumbai,Bengaluru,19.9,50,2.38,235.12,0.0,90.67,158.44,484.23,943.87,Card,Completed,4.8,Repair,Mumbai,Maruti Eeco,Diesel,11
T00703,2025-03-19,V032,Sedan,D123,Driver_123,4.9,R044,Hyderabad,Chennai,31.0,95,1.94,193.91,0.0,131.62,391.15,716.68,86.22,Card,Cancelled,3.6,None,Hyderabad,Hyundai Verna,Petrol,11
T00704,2025-07-06,V099,Sedan,D105,Driver_105,4.2,R059,Hyderabad,Kochi,47.9,132,2.93,293.03,0.0,127.34,731.51,1151.88,1148.37,Card,Completed,3.4,None,Hyderabad,Hyundai Verna,Petrol,3
T00705,2025-08-10,V096,SUV,D039,Driver_039,4.7,R036,Delhi,Pune,136.6,435,12.39,1207.43,0.0,240.59,1568.91,3016.93,4570.27,COD,Completed,4.3,None,Delhi,Hyundai Creta,Diesel,8
T00706,2025-06-09,V023,Truck,D037,Driver_037,4.3,R011,Delhi,Pune,25.9,68,3.44,350.35,0.0,88.83,218.94,658.12,101.42,COD,Cancelled,4.0,Repair,Delhi,BharatBenz 1015,Diesel,8
T00707,2025-07-19,V044,SUV,D058,Driver_058,3.8,R051,Mumbai,Chennai,48.8,166,4.9,476.28,0.0,107.68,774.98,1358.94,1803.38,UPI,Completed,4.0,Repair,Mumbai,Kia Seltos,Diesel,10
T00708,2025-06-07,V071,Sedan,D038,Driver_038,4.4,R025,Chennai,Delhi,83.2,174,5.43,523.02,0.0,379.88,627.91,1530.81,2354.02,Card,Completed,3.7,None,Chennai,Honda City,Petrol,1
T00709,2025-06-03,V003,SUV,D017,Driver_017,4.4,R019,Kochi,Pune,64.5,131,5.93,619.11,0.0,128.66,410.19,1157.96,2353.45,COD,Completed,3.3,None,Kochi,Toyota Innova,Diesel,3
T00710,2025-09-20,V028,Truck,D136,Driver_136,4.7,R045,Hyderabad,Mumbai,37.5,110,5.67,560.63,6390.8,85.47,578.39,7615.29,1655.62,COD,Completed,4.6,Inspection,Hyderabad,Tata 407,Diesel,10
T00711,2025-02-04,V058,Sedan,D116,Driver_116,4.4,R037,Kochi,Visakhapatnam,31.2,68,2.19,239.78,0.0,132.07,360.07,731.92,286.18,Net Banking,Cancelled,3.1,None,Kochi,Honda City,Petrol,1
T00712,2025-04-15,V028,Truck,D074,Driver_074,4.2,R077,Bengaluru,Pune,89.0,224,12.51,1290.06,4803.96,275.05,1019.7,7388.77,3836.2,Cash,Completed,3.6,Inspection,Bengaluru,BharatBenz 1015,Diesel,3
T00713,2025-09-21,V069,Sedan,D099,Driver_099,4.1,R028,Chennai,Kochi,42.5,93,2.55,262.66,0.0,70.27,467.44,800.37,1277.95,Card,Completed,3.9,Repair,Chennai,Maruti Dzire,Petrol,6
T00714,2025-11-30,V032,Truck,D060,Driver_060,3.4,R054,Bengaluru,Delhi,33.6,109,4.3,441.9,0.0,114.42,632.86,1189.18,270.38,UPI,Cancelled,4.4,None,Bengaluru,Tata 407,Diesel,3
T00715,2025-09-20,V014,Sedan,D050,Driver_050,4.3,R059,Visakhapatnam,Mumbai,121.5,363,9.7,961.5,0.0,358.94,1343.21,2663.65,910.85,Card,Cancelled,3.8,None,Visakhapatnam,Hyundai Verna,Petrol,12
T00716,2025-10-30,V070,Truck,D040,Driver_040,3.6,R003,Chennai,Kochi,24.0,65,3.38,334.47,0.0,89.82,287.88,712.17,1364.6,Cash,Completed,4.2,None,Chennai,BharatBenz 1015,Diesel,1
T00717,2025-07-25,V095,Van,D007,Driver_007,4.4,R008,Mumbai,Hyderabad,59.5,143,7.17,682.47,0.0,92.09,812.45,1587.01,2432.93,Cash,Completed,5.0,Inspection,Mumbai,Maruti Eeco,Diesel,7
T00718,2025-04-30,V031,SUV,D094,Driver_094,4.6,R028,Mumbai,Bengaluru,42.1,80,3.14,323.77,0.0,163.89,427.18,914.84,1746.18,Card,Completed,4.6,Repair,Mumbai,Hyundai Creta,Diesel,9
T00719,2025-02-10,V060,SUV,D056,Driver_056,3.3,R016,Kochi,Hyderabad,64.2,148,,637.51,0.0,86.99,624.34,1348.84,2090.29,Cash,Completed,3.9,None,Kochi,Toyota Innova,Diesel,5
T00720,2025-09-29,V069,SUV,D105,Driver_105,4.5,R016,Visakhapatnam,Hyderabad,41.5,103,3.77,360.9,5414.43,105.04,506.86,6387.23,1498.49,UPI,Completed,4.6,Repair,Visakhapatnam,Toyota Innova,Diesel,5
T00721,2025-11-18,V008,Sedan,D067,Driver_067,3.7,R013,Bengaluru,Pune,63.8,168,4.7,468.3,0.0,89.49,672.22,1230.01,1537.31,Net Banking,Completed,3.9,Service,Bengaluru,Hyundai Verna,Petrol,1
T00722,2025-02-19,V048,Sedan,D086,Driver_086,4.2,R073,Visakhapatnam,Pune,68.4,113,4.13,416.74,0.0,122.45,419.5,958.69,1625.48,Cash,Completed,,None,Visakhapatnam,Hyundai Verna,Petrol,4
T00723,2025-08-03,V090,Van,D078,Driver_078,4.6,R031,Mumbai,Chennai,36.1,53,3.32,320.83,1821.72,67.29,273.56,2483.4,121.86,Card,Cancelled,,Repair,Mumbai,Tata Winger,Diesel,5
T00724,2025-12-15,V035,SUV,D024,Driver_024,3.8,R071,Mumbai,Chennai,26.9,64,2.25,224.96,6312.53,51.24,299.86,6888.59,1063.5,COD,Completed,4.1,None,Mumbai,Toyota Innova,Diesel,11
T00725,2025-02-08,V046,Sedan,D040,Driver_040,4.2,R006,Delhi,Mumbai,18.4,60,1.49,160.99,0.0,52.88,343.55,557.42,67.13,UPI,Cancelled,3.8,None,Delhi,Maruti Dzire,Petrol,3
T00726,2025-04-12,V093,Sedan,D019,Driver_019,4.0,R016,Delhi,Hyderabad,37.8,119,2.78,284.53,0.0,79.5,568.24,932.27,1199.98,Cash,Completed,3.1,None,Delhi,Honda City,Petrol,9
T00727,2025-01-18,V084,Sedan,D012,Driver_012,4.4,R053,Visakhapatnam,Chennai,30.9,109,2.12,206.6,6201.48,142.67,442.21,6992.96,1077.96,COD,Completed,4.6,None,Visakhapatnam,Hyundai Verna,Petrol,7
T00728,2025-09-07,V031,SUV,D068,Driver_068,4.6,R023,Kochi,Mumbai,204.7,511,15.98,1660.53,0.0,342.21,2596.59,4599.33,1355.01,Net Banking,Cancelled,3.8,None,Kochi,Hyundai Creta,Diesel,6
T00729,2025-05-30,V048,SUV,D067,Driver_067,4.6,R059,Chennai,Bengaluru,23.3,94,2.35,239.48,0.0,104.7,535.47,879.65,834.0,Net Banking,Completed,3.6,None,Chennai,Kia Seltos,Diesel,2
T00730,2025-09-06,V090,SUV,D093,Driver_093,4.1,R016,Kochi,Pune,10.7,24,0.85,87.81,0.0,23.21,150.0,261.02,92.58,Net Banking,Cancelled,3.3,Inspection,Kochi,Kia Seltos,Diesel,10
T00731,2025-11-25,V088,Sedan,D064,Driver_064,4.1,R016,Delhi,Bengaluru,30.9,78,1.86,177.55,0.0,102.16,293.89,573.6,1190.78,Card,Completed,4.0,None,Delhi,Honda City,Petrol,4
T00732,2025-04-06,V087,Sedan,D041,Driver_041,4.5,R078,Delhi,Chennai,18.4,58,1.23,118.14,0.0,69.5,182.45,370.09,44.03,COD,Cancelled,4.0,None,Delhi,Hyundai Verna,Petrol,10
T00733,2025-08-18,V042,Sedan,D029,Driver_029,4.9,R046,Mumbai,Delhi,26.1,73,2.08,212.77,0.0,78.69,284.78,576.24,715.61,Net Banking,Completed,3.6,Repair,Mumbai,Hyundai Verna,Petrol,4
T00734,2025-02-16,V028,Sedan,D111,Driver_111,4.8,R050,Delhi,Hyderabad,43.7,79,3.17,320.29,0.0,129.65,397.7,847.64,1471.29,upi,Completed,3.0,Service,Delhi,Maruti Dzire,Petrol,11
T00735,2025-07-29,V005,Sedan,D073,Driver_073,3.7,R031,Hyderabad,Mumbai,39.4,138,2.94,296.91,0.0,135.07,448.11,880.09,65.27,Card,Cancelled,4.5,Inspection,Hyderabad,Honda City,Petrol,2
T00736,2025-05-07,V072,SUV,D005,Driver_005,4.0,R076,Pune,Bengaluru,77.4,145,6.57,625.02,0.0,132.43,668.98,1426.43,2448.41,Card,Completed,5.0,Repair,Pune,Toyota Innova,Diesel,9
T00737,2025-02-18,V081,Sedan,D130,Driver_130,4.0,R033,Chennai,Hyderabad,20.2,49,1.5,152.65,0.0,87.69,247.01,487.35,152.5,Cash,Cancelled,4.2,Service,Chennai,Hyundai Verna,Petrol,9
T00738,2025-12-18,V050,Truck,D140,Driver_140,3.7,R072,Chennai,Visakhapatnam,80.5,219,11.45,1202.29,0.0,201.84,1063.43,2467.56,3807.22,Card,Completed,3.6,None,Chennai,Ashok Leyland Dost,Diesel,7
T00739,2025-09-29,V054,Van,D056,Driver_056,3.8,R041,Chennai,Mumbai,46.7,132,5.25,511.18,0.0,165.28,657.32,1333.78,2117.98,UPI,Completed,3.8,Service,Chennai,Maruti Eeco,Diesel,3
T00740,2025-06-07,V045,Sedan,D052,Driver_052,4.3,R067,Delhi,Bengaluru,59.5,187,4.27,454.53,0.0,135.88,1090.51,1680.92,1402.35,Net Banking,Completed,3.2,Inspection,Delhi,Honda City,Petrol,3
T00741,2025-04-24,V081,Van,D021,Driver_021,4.8,R059,Mumbai,Hyderabad,53.3,170,6.3,622.44,0.0,204.36,690.9,1517.7,2116.78,Net Banking,Completed,4.0,Repair,Mumbai,Force Traveller,Diesel,9
T00742,2025-07-20,V067,Truck,D134,Driver_134,3.9,R076,Pune,Visakhapatnam,33.5,109,4.52,492.77,9025.78,68.66,529.79,10117.0,1808.77,UPI,Completed,4.7,Service,Pune,Ashok Leyland Dost,Diesel,4
T00743,2025-10-22,V022,Sedan,D120,Driver_120,3.4,R017,Kochi,Pune,60.7,166,3.96,376.43,0.0,238.36,812.14,1426.93,31.0,Card,Cancelled,3.7,None,Kochi,Maruti Dzire,Petrol,12
T00744,2025-05-19,V008,SUV ,D051,Driver_051,4.0,R041,Pune,Kochi,89.6,220,5.97,607.62,0.0,217.84,1183.48,2008.94,2411.72,COD,Completed,3.7,None,Pune,Maruti Dzire,Petrol,7
T00745,2025-06-08,V017,Sedan,D061,Driver_061,4.6,R063,Chennai,Kochi,35.8,84,2.78,264.18,1582.84,64.13,272.69,2183.84,1315.34,Cash,Completed,3.5,Repair,Chennai,Hyundai Verna,Petrol,4
T00746,2025-09-24,V030,SUV,D026,Driver_026,3.4,R060,Mumbai,Chennai,60.3,132,5.66,621.3,0.0,266.9,534.64,1422.84,664.73,Net Banking,Cancelled,3.8,None,Mumbai,Toyota Innova,Diesel,1
T00747,2025-05-19,V049,Truck,D150,Driver_150,5.0,R042,Hyderabad,Pune,36.5,65,5.5,523.91,0.0,71.26,208.7,803.87,569.07,Cash,Cancelled,4.3,Service,Hyderabad,Tata 407,Diesel,6
T00748,2025-01-07,V098,SUV,D045,Driver_045,3.9,R050,Pune,Kochi,85.3,133,8.24,829.94,0.0,158.85,455.08,1443.87,3072.2,Cash,Completed,3.6,Inspection,Pune,Kia Seltos,Diesel,3
T00749,2025-12-13,V022,Sedan,D128,Driver_128,4.5,R040,Chennai,Kochi,71.5,193,4.86,472.71,0.0,125.85,692.65,1291.21,2066.53,,Completed,4.4,Inspection,Chennai,Maruti Dzire,Petrol,9
T00750,2025-09-15,V087,Truck,D064,Driver_064,4.0,R010,Visakhapatnam,Bengaluru,28.0,31,4.41,423.06,0.0,53.65,150.0,626.71,1652.95,Cash,Completed,4.0,Service,Visakhapatnam,Ashok Leyland Dost,Diesel,12
T00751,2025-10-26,V017,Sedan,D072,Driver_072,4.7,R004,Delhi,Chennai,60.1,118,4.52,462.56,0.0,220.23,583.87,1266.66,1803.4,COD,Completed,5.0,None,Delhi,Honda City,Petrol,10
T00752,2025-12-12,V020,Truck,D091,Driver_091,4.1,R033,Delhi,Visakhapatnam,26.9,87,4.35,478.41,0.0,85.39,303.75,867.55,1293.19,Card,Completed,4.1,None,Delhi,Ashok Leyland Dost,Diesel,10
T00753,2025-09-17,V092,SUV,D011,Driver_011,3.2,R074,Bengaluru,Kochi,,55,2.19,213.56,0.0,85.36,211.3,510.22,988.24,Net Banking,Completed,4.1,None,Bengaluru,Toyota Innova,Diesel,10
T00754,2025-12-17,V006,Sedan,D002,Driver_002,4.0,R010,Bengaluru,Visakhapatnam,17.2,33,1.16,116.09,0.0,51.45,175.52,343.06,786.41,COD,Completed,4.2,None,Bengaluru,Honda City,Petrol,9
T00755,2025-07-19,V016,Truck,D012,Driver_012,3.7,R016,Hyderabad,Kochi,19.0,49,2.73,292.18,0.0,55.87,229.05,577.1,1309.74,Card,Completed,5.0,None,Hyderabad,Ashok Leyland Dost,Diesel,12
T00756,2025-10-14,V034,SUV,D098,Driver_098,4.7,R057,Hyderabad,Delhi,42.1,79,3.69,389.95,3559.69,184.2,405.15,4538.99,1435.13,Card,Completed,4.2,None,Hyderabad,Hyundai Creta,Diesel,6
T00757,2025-03-02,V047,SUV,D055,Driver_055,3.5,R007,Bengaluru,Hyderabad,,175,6.76,715.58,0.0,360.93,929.39,2005.9,95.23,Card,Cancelled,4.8,None,Bengaluru,Toyota Innova,Diesel,11
T00758,2025-01-10,V056,Sedan,D126,Driver_126,3.6,R064,Kochi,Visakhapatnam,25.7,57,1.69,179.3,0.0,64.03,291.97,535.3,786.34,UPI,Completed,3.3,Service,Kochi,Maruti Dzire,Petrol,9
T00759,2025-09-02,V053,Van,D104,Driver_104,4.1,R051,Delhi,Kochi,105.1,357,10.35,1069.7,0.0,295.69,1944.82,3310.21,4050.11,Net Banking,Completed,4.5,Service,Delhi,Force Traveller,Diesel,10
T00760,2025-03-27,V026,SUV,D081,Driver_081,3.4,R014,Pune,Mumbai,21.9,49,1.84,197.65,0.0,97.12,231.69,526.46,739.69,Net Banking,Completed,4.7,None,Pune,Hyundai Creta,Diesel,11
T00761,2025-02-25,V062,Sedan,D057,Driver_057,3.2,R015,Kochi,Chennai,72.9,205,5.1,490.46,0.0,284.36,1068.94,1843.76,2116.08,COD,Completed,4.4,None,Kochi,Hyundai Verna,Petrol,9
T00762,2025-03-24,V017,SUV,D053,Driver_053,5.0,R076,Bengaluru,Mumbai,49.2,166,4.24,431.06,0.0,205.86,633.85,1270.77,1849.66,Cash,Completed,,Service,Bengaluru,Kia Seltos,Diesel,8
T00763,2025-05-21,V021,SUV ,D020,Driver_020,4.9,R007,Bengaluru,Kochi,60.6,127,10.33,1105.73,7696.87,209.63,740.28,9752.51,2656.8,UPI,Completed,3.9,None,Bengaluru,Ashok Leyland Dost,Diesel,2
T00764,2025-03-05,V050,Truck,D089,Driver_089,3.9,R048,Delhi,Bengaluru,18.1,44,3.03,288.45,0.0,54.5,150.0,492.95,204.3,Net Banking,Cancelled,4.9,Repair,Delhi,BharatBenz 1015,Diesel,12
T00765,2025-04-10,V074,Van,D011,Driver_011,4.0,R047,Mumbai,Hyderabad,28.5,79,3.42,353.18,0.0,49.49,272.73,675.4,1128.22,UPI,Completed,3.8,Inspection,Mumbai,Force Traveller,Diesel,9
T00766,2025-11-08,V059,Van,D005,Driver_005,4.8,R013,Visakhapatnam,Pune,28.2,80,3.31,354.99,0.0,96.33,297.26,748.58,1331.13,Cash,Completed,,None,Visakhapatnam,Tata Winger,Diesel,8
T00767,2025-06-21,V054,Sedan,D027,Driver_027,4.8,R068,Pune,Visakhapatnam,13.3,47,1.06,,0.0,26.01,207.43,341.55,98.9,Card,Cancelled,4.5,None,Pune,Hyundai Verna,Petrol,12
T00768,2025-01-30,V058,SUV,D030,Driver_030,4.4,R029,Hyderabad,Visakhapatnam,122.0,193,11.58,1101.45,0.0,530.86,849.78,2482.09,429.2,Card,Cancelled,4.7,None,Hyderabad,Kia Seltos,Diesel,3
T00769,2025-02-03,V076,Sedan,D106,Driver_106,4.0,R001,Hyderabad,Visakhapatnam,75.6,244,5.57,571.14,4174.83,182.48,996.47,5924.92,1797.06,COD,Completed,4.1,Repair,Hyderabad,Hyundai Verna,Petrol,6
T00770,2025-06-18,V003,Truck,D090,Driver_090,3.8,R032,Mumbai,Delhi,16.9,20,2.94,306.92,2945.8,53.89,150.0,3456.61,937.1,UPI,Completed,4.0,Inspection,Mumbai,Tata 407,Diesel,1
T00771,2025-08-04,V041,Van,D069,Driver_069,4.6,R035,Delhi,Hyderabad,23.9,93,2.9,309.89,5476.86,46.77,305.31,6138.83,982.5,COD,Completed,4.1,Service,Delhi,Force Traveller,Diesel,1
T00772,2025-04-25,V010,Van,D046,Driver_046,4.8,R043,Pune,Chennai,84.3,285,8.09,836.53,0.0,357.37,1332.12,2526.02,3424.59,COD,Completed,3.4,Repair,Pune,Maruti Eeco,Diesel,1
T00773,2025-10-03,V048,Van,D084,Driver_084,4.3,R074,Pune,Delhi,27.9,83,2.74,290.45,0.0,78.03,267.6,636.08,34.21,Cash,Cancelled,4.8,Inspection,Pune,Force Traveller,Diesel,1
T00774,2025-02-22,V095,SUV,D140,Driver_140,4.2,R027,Chennai,Mumbai,70.8,211,6.11,645.72,0.0,213.93,1182.72,2042.37,2658.62,Cash,Completed,4.0,None,Chennai,Hyundai Creta,Diesel,12
T00775,2025-01-07,V048,Sedan,D100,Driver_100,3.9,R043,Kochi,Visakhapatnam,42.0,81,2.89,288.78,4993.91,184.92,399.73,5867.34,1087.79,Card,Completed,3.5,Inspection,Kochi,Hyundai Verna,Petrol,6
T00776,2025-04-11,V024,Van,D120,Driver_120,4.2,R047,Bengaluru,Chennai,17.4,59,1.87,185.45,0.0,54.72,316.48,556.65,853.15,COD,Completed,3.9,None,Bengaluru,Tata Winger,Diesel,10
T00777,2025-08-02,V073,Sedan,D135,Driver_135,4.1,R036,Visakhapatnam,Mumbai,11.9,46,0.79,79.95,4024.03,39.66,150.0,4293.64,762.87,Card,Completed,4.5,Service,Visakhapatnam,Maruti Dzire,Petrol,1
T00778,2025-09-04,V074,SUV,D125,Driver_125,4.5,R045,Visakhapatnam,Mumbai,73.5,176,6.85,688.69,0.0,111.85,897.65,1698.19,2715.9,Card,Completed,3.7,None,Visakhapatnam,Hyundai Creta,Diesel,1
T00779,2025-04-27,V054,Sedan,D118,Driver_118,4.2,R065,Kochi,Pune,70.9,142,5.15,545.03,0.0,266.99,530.55,1342.57,1873.38,Net Banking,Completed,4.5,Repair,Kochi,Maruti Dzire,Petrol,12
T00780,2025-08-31,V063,Van,D022,Driver_022,4.2,R019,Delhi,Mumbai,37.4,89,3.91,379.1,0.0,119.27,321.01,819.38,50.39,UPI,Cancelled,4.0,Repair,Delhi,Maruti Eeco,Diesel,6
T00781,2025-06-17,V056,Van,D013,Driver_013,4.5,R076,Pune,Hyderabad,39.6,140,3.89,369.77,0.0,115.43,570.75,1055.95,323.42,,Cancelled,4.7,None,Pune,Maruti Eeco,Diesel,2
T00782,2025-04-21,V060,Truck,D045,Driver_045,,R031,Mumbai,Pune,85.3,135,13.92,1404.18,0.0,143.16,487.4,2034.74,902.09,COD,Cancelled,3.4,None,Mumbai,BharatBenz 1015,Diesel,3
T00783,2025-03-23,V079,SUV,D097,Driver_097,4.1,R030,Mumbai,Visakhapatnam,71.2,217,6.58,656.89,0.0,173.51,870.39,1700.79,262.0,COD,Cancelled,4.4,None,Mumbai,Kia Seltos,Diesel,12
T00784,2025-08-19,V087,Sedan,D140,Driver_140,4.2,R050,Chennai,Bengaluru,-53.8,128,3.45,338.47,0.0,177.73,398.9,915.1,1309.49,COD,Completed,4.7,None,Chennai,Hyundai Verna,Petrol,2
T00785,2025-02-03,V001,SUV,D021,Driver_021,4.5,R055,Pune,Delhi,42.8,85,3.69,393.22,1719.96,58.94,392.4,2564.52,62.28,COD,Cancelled,4.2,None,Pune,Kia Seltos,Diesel,6
T00786,2025-03-13,V055,SUV,D129,Driver_129,4.3,R039,Bengaluru,Pune,67.1,115,5.89,603.36,4259.65,255.65,608.31,5726.97,133.41,UPI,Cancelled,2.8,Inspection,Bengaluru,Toyota Innova,Diesel,8
T00787,2025-10-31,V039,Sedan,D097,Driver_097,4.7,R041,Pune,Kochi,20.4,67,1.37,131.96,0.0,38.4,273.93,444.29,597.81,COD,Completed,4.1,None,Pune,Maruti Dzire,Petrol,6
T00788,2025-04-11,V068,Sedan,D148,Driver_148,4.0,R027,Visakhapatnam,Chennai,37.9,94,2.93,289.03,0.0,168.9,380.57,838.5,1103.36,UPI,Completed,5.0,Service,Visakhapatnam,Maruti Dzire,Petrol,4
T00789,2025-06-14,V058,SUV,D097,Driver_097,4.6,R012,Hyderabad,Pune,12.2,43,0.98,101.22,0.0,51.38,194.62,347.22,771.68,Net Banking,Completed,4.1,None,Hyderabad,Hyundai Creta,Diesel,1
T00790,2025-09-15,V076,Van,D084,Driver_084,4.4,R073,Chennai,Kochi,21.8,72,2.26,246.49,,64.93,418.28,729.7,993.24,Cash,Completed,3.1,None,Chennai,Force Traveller,Diesel,12
T00791,2025-07-06,V027,Sedan,D008,Driver_008,4.4,R077,Hyderabad,Bengaluru,69.9,164,4.88,487.87,0.0,111.89,601.98,1201.74,1860.16,COD,Completed,4.5,Inspection,Hyderabad,Honda City,Petrol,8
T00792,2025-12-07,V069,SUV,D079,Driver_079,5.0,R039,Pune,Hyderabad,16.3,31,1.41,136.24,0.0,41.58,150.0,327.82,193.47,Net Banking,Cancelled,3.9,None,Pune,Hyundai Creta,Diesel,11
T00793,2025-07-29,V067,Truck,D002,Driver_002,3.6,R038,Pune,Mumbai,95.5,275,13.41,1284.38,0.0,300.18,974.38,2558.94,4339.27,COD,Completed,3.9,None,Pune,Tata 407,Diesel,3
T00794,2025-03-16,V004,Sedan,D025,Driver_025,3.9,R072,Mumbai,Hyderabad,87.6,240,5.33,574.2,0.0,179.85,1055.08,1809.13,2263.36,UPI,Completed,3.6,None,Mumbai,Maruti Dzire,Petrol,6
T00795,2025-08-13,V039,SUV,D031,Driver_031,4.5,R017,Delhi,Chennai,14.5,32,1.26,121.31,3032.35,34.7,150.0,3338.36,777.07,Net Banking,Completed,3.8,Inspection,Delhi,Hyundai Creta,Diesel,6
T00796,2025-01-07,V024,SUV,D026,Driver_026,4.5,R077,Chennai,Bengaluru,10.3,29,0.84,91.62,3104.9,33.82,150.0,3380.34,769.2,Net Banking,Completed,4.4,Repair,Chennai,Toyota Innova,Diesel,6
T00797,2025-02-23,V042,Van,D052,Driver_052,4.4,R019,Hyderabad,Visakhapatnam,34.7,83,4.06,400.24,0.0,68.83,334.74,803.81,1403.43,UPI,Completed,3.9,Repair,Hyderabad,Tata Winger,Diesel,9
T00798,2025-04-19,V033,Sedan,D115,Driver_115,3.4,R077,Delhi,Kochi,21.4,78,1.73,182.19,0.0,86.16,421.8,690.15,105.34,UPI,Cancelled,3.5,Repair,Delhi,Honda City,Petrol,1
T00799,2025-06-02,V022,Sedan,D023,Driver_023,,R057,Chennai,Kochi,58.0,115,3.66,393.54,0.0,160.91,427.83,982.28,1553.8,Net Banking,Completed,4.6,Repair,Chennai,Hyundai Verna,Petrol,2
T00800,2025-08-29,V002,Van,D106,Driver_106,4.0,R067,Kochi,Hyderabad,78.5,239,7.93,833.45,5789.69,258.33,1007.87,7889.34,3296.72,Net Banking,Completed,4.4,None,Kochi,Maruti Eeco,Diesel,9
T00801,2025-11-23,V091,Sedan,D065,Driver_065,3.9,R070,Delhi,Kochi,8.1,37,0.61,65.09,0.0,21.38,150.0,236.47,700.04,COD,Completed,3.5,Service,Delhi,Honda City,Petrol,1
T00802,2025-09-28,V074,SUV,D041,Driver_041,3.9,R044,Kochi,Delhi,61.2,184,4.66,501.32,4742.62,198.9,683.13,6125.97,1938.33,Net Banking,Completed,4.4,Service,Kochi,Kia Seltos,Diesel,4
T00803,2025-02-10,V007,Van,D026,Driver_026,3.9,R074,Delhi,Visakhapatnam,101.4,299,9.63,955.66,6892.26,389.95,1100.0,9337.87,3649.18,Cash,Completed,4.0,None,Delhi,Maruti Eeco,Diesel,9
T00804,2025-02-10,V046,Truck,D121,Driver_121,4.1,R035,Bengaluru,Chennai,59.6,163,8.12,862.42,0.0,111.46,842.93,1816.81,2817.6,COD,Completed,4.5,Service,Bengaluru,Ashok Leyland Dost,Diesel,10
T00805,2025-02-22,V019,Sedan,D099,Driver_099,4.5,R013,Hyderabad,Bengaluru,67.0,207,5.03,542.98,4713.42,114.86,919.91,6291.17,1975.87,COD,Completed,4.8,None,Hyderabad,Honda City,Petrol,12
T00806,2025-01-19,V025,Truck,D133,Driver_133,3.3,R030,Chennai,Mumbai,102.2,334,15.45,1647.23,0.0,403.73,1385.88,3436.84,4677.88,Card,Completed,4.1,None,Chennai,Tata 407,Diesel,12
T00807,2025-11-28,V060,SUV,D109,Driver_109,3.5,R010,Kochi,Bengaluru,30.1,64,2.41,245.64,0.0,126.05,317.34,689.03,1120.45,Cash,Completed,4.7,Service,Kochi,Toyota Innova,Diesel,1
T00808,2025-02-09,V082,Sedan,D063,Driver_063,4.6,R003,Kochi,Delhi,17.1,63,1.09,111.55,0.0,27.65,363.62,502.82,67.42,Card,Cancelled,4.2,None,Kochi,Hyundai Verna,Petrol,4
T00809,2025-02-23,V092,SUV,D020,Driver_020,3.9,R024,Chennai,Delhi,14.0,45,1.39,150.86,0.0,41.61,157.2,349.67,25.13,COD,Cancelled,4.0,Repair,Chennai,Hyundai Creta,Diesel,7
T00810,2025-02-06,V045,Truck,D119,Driver_119,4.3,R045,Bengaluru,Delhi,24.5,55,3.69,402.68,2241.9,104.82,293.2,3042.6,1403.9,Card,Completed,3.9,None,Bengaluru,Tata 407,Diesel,11
T00811,2025-11-09,V073,SUV,D083,Driver_083,4.3,R065,Hyderabad,Kochi,39.3,83,3.17,343.67,0.0,178.62,382.75,905.04,1670.17,COD,Completed,4.1,Service,Hyderabad,Hyundai Creta,Diesel,2
T00812,2025-12-31,V053,Sedan,D002,Driver_002,3.7,R006,Delhi,Visakhapatnam,40.8,158,2.43,246.86,0.0,116.8,727.14,1090.8,995.24,Cash,Completed,5.0,Service,Delhi,Honda City,Petrol,4
T00813,2025-02-06,V007,Van,D136,Driver_136,3.6,R009,Hyderabad,Pune,31.5,70,3.09,337.64,0.0,107.3,280.13,725.07,103.74,UPI,Cancelled,3.2,None,Hyderabad,Force Traveller,Diesel,6
T00814,2025-01-10,V068,SUV,D117,Driver_117,3.5,R028,Mumbai,Kochi,65.4,106,5.51,568.52,0.0,175.14,577.76,1321.42,2150.82,COD,Completed,4.1,None,Mumbai,Kia Seltos,Diesel,3
T00815,2025-11-08,V014,Sedan,D041,Driver_041,4.4,R002,Delhi,Bengaluru,47.3,161,3.22,323.6,0.0,128.61,580.61,1032.82,1215.49,Card,Completed,4.8,Inspection,Delhi,Maruti Dzire,Petrol,4
T00816,2025-01-13,V037,Sedan,D127,Driver_127,4.2,R057,Visakhapatnam,Delhi,14.7,20,1.11,110.05,4114.53,29.77,150.0,4404.35,105.35,Cash,Cancelled,4.6,Repair,Visakhapatnam,Maruti Dzire,Petrol,11
T00817,2025-03-11,V047,Van,D013,Driver_013,3.4,R049,Delhi,Mumbai,19.8,71,2.3,237.05,3199.92,41.36,324.53,3802.86,778.42,Cash,Completed,2.9,Repair,Delhi,Maruti Eeco,Diesel,3
T00818,2025-11-09,V091,Sedan,D039,Driver_039,4.2,R066,Bengaluru,Kochi,14.9,26,1.03,110.07,1225.84,37.86,150.62,1524.39,85.51,UPI,Cancelled,4.5,Service,Bengaluru,Honda City,Petrol,6
T00819,2025-04-27,V070,SUV,D002,Driver_002,3.3,R002,Pune,Chennai,31.4,87,2.84,275.41,0.0,70.9,309.46,655.77,1308.57,COD,Completed,4.9,None,Pune,Hyundai Creta,Diesel,7
T00820,2025-07-21,V063,Truck,D102,Driver_102,4.7,R072,Mumbai,Kochi,49.4,141,6.47,625.09,9995.49,162.92,658.43,11441.93,2366.21,UPI,Completed,3.8,Inspection,Mumbai,Tata 407,Diesel,7
T00821,2025-04-12,V083,Sedan,D054,Driver_054,4.5,R051,Delhi,Hyderabad,,114,2.36,250.3,0.0,100.02,432.91,783.23,834.72,Card,Completed,4.9,None,Delhi,Maruti Dzire,Petrol,6
T00822,2025-03-28,V066,Sedan,D095,Driver_095,4.5,R067,Chennai,Bengaluru,11.5,47,0.8,80.76,6243.0,19.52,208.87,6552.15,566.0,COD,Completed,3.1,Service,Chennai,Hyundai Verna,Petrol,11
T00823,2025-03-14,V086,Van,D057,Driver_057,4.5,R013,Bengaluru,Kochi,28.0,75,3.12,322.82,0.0,71.87,248.17,642.86,1127.24,UPI,Completed,2.4,Service,Bengaluru,Force Traveller,Diesel,3
T00824,2025-09-05,V087,Van,D124,Driver_124,3.3,R050,Pune,Hyderabad,8.7,19,0.86,87.62,0.0,21.87,150.0,259.49,687.41,UPI,Completed,4.2,None,Pune,Maruti Eeco,Diesel,7
T00825,2025-11-27,V057,SUV,D049,Driver_049,4.7,R045,Hyderabad,Pune,100.2,140,9.99,1082.77,5772.15,383.13,528.98,7767.03,3292.39,UPI,Completed,3.8,Service,Hyderabad,Hyundai Creta,Diesel,8
T00826,2025-08-17,V095,Truck,D114,Driver_114,4.3,R054,Hyderabad,Bengaluru,99.9,228,14.98,1567.53,6269.61,226.41,1241.63,9305.18,4622.26,Net Banking,Completed,4.6,None,Hyderabad,BharatBenz 1015,Diesel,3
T00827,2025-04-09,V026,Truck,D079,Driver_079,3.9,R030,Pune,Visakhapatnam,31.2,69,4.81,475.25,0.0,66.57,260.49,802.31,1749.18,Net Banking,Completed,4.2,None,Pune,Ashok Leyland Dost,Diesel,4
T00828,2025-01-27,V070,Sedan,D004,Driver_004,2.9,R024,Hyderabad,Bengaluru,25.3,91,1.87,184.47,0.0,45.01,459.02,688.5,96.4,Net Banking,Cancelled,3.7,Repair,Hyderabad,Maruti Dzire,Petrol,8
T00829,2025-04-04,V038,Sedan,D093,Driver_093,4.0,R066,Kochi,Delhi,38.0,108,2.93,280.18,0.0,116.48,352.29,748.95,1263.27,COD,Completed,4.4,Repair,Kochi,Maruti Dzire,Petrol,6
T00830,2025-12-18,V064,Sedan,D109,Driver_109,3.8,R025,Hyderabad,Mumbai,106.0,243,8.51,922.4,0.0,214.4,1170.98,2307.78,2806.22,COD,Completed,5.0,Inspection,Hyderabad,Hyundai Verna,Petrol,7
T00831,2025-07-30,V013,Van,D141,Driver_141,2.8,R069,Hyderabad,Delhi,48.1,67,4.45,437.34,0.0,132.48,249.42,819.24,2136.77,COD,Completed,4.8,None,Hyderabad,Tata Winger,Diesel,2
T00832,2025-02-07,V044,Truck,D148,Driver_148,3.0,R022,Pune,Kochi,13.8,30,2.03,221.91,0.0,25.52,165.2,412.63,242.55,Net Banking,Cancelled,4.6,None,Pune,BharatBenz 1015,Diesel,12
T00833,2025-04-07,V029,Sedan,D103,Driver_103,4.6,R013,Bengaluru,Hyderabad,66.6,187,4.85,532.42,0.0,227.46,761.19,1521.07,1577.13,Card,Completed,3.6,None,Bengaluru,Maruti Dzire,Petrol,12
T00834,2025-12-08,V031,SUV,D042,Driver_042,4.5,R025,Pune,Mumbai,35.4,104,3.52,338.19,5455.66,54.02,440.14,6288.01,1407.32,Cash,Completed,3.8,Repair,Pune,Hyundai Creta,Diesel,2
T00835,2025-12-07,V095,SUV,D074,Driver_074,4.4,R003,Bengaluru,Delhi,72.8,250,5.96,625.31,9376.1,186.87,1132.96,11321.24,2699.98,COD,Completed,3.9,Repair,Bengaluru,Toyota Innova,Diesel,4
T00836,2025-03-04,V049,SUV,D087,Driver_087,3.6,R007,Bengaluru,Hyderabad,14.1,50,1.27,127.19,0.0,57.4,232.3,416.89,796.74,Card,Completed,3.5,Service,Bengaluru,Hyundai Creta,Diesel,10
T00837,2025-08-15,V011,Van,D060,Driver_060,3.7,R007,Visakhapatnam,Chennai,98.3,294,8.9,894.77,0.0,360.3,1688.01,2943.08,3551.86,Cash,Completed,4.5,Repair,Visakhapatnam,Force Traveller,Diesel,1
T00838,2025-07-22,V088,SUV,D084,Driver_084,4.4,R056,Hyderabad,Visakhapatnam,20.8,48,2.0,193.96,0.0,55.01,170.7,419.67,1001.46,UPI,Completed,4.0,None,Hyderabad,Hyundai Creta,Diesel,9
T00839,2025-02-16,V094,Sedan,D053,Driver_053,4.7,R080,Mumbai,Visakhapatnam,57.3,118,3.75,362.84,0.0,210.2,450.66,1023.7,1792.03,Cash,Completed,4.1,None,Mumbai,Hyundai Verna,Petrol,10
T00840,2025-09-01,V066,Sedan,D071,Driver_071,3.8,R071,Bengaluru,Hyderabad,52.2,141,,344.08,5139.01,85.21,683.63,6251.93,297.24,Net Banking,Cancelled,3.8,None,Bengaluru,Maruti Dzire,Petrol,4
T00841,2025-11-09,V087,Van,D090,Driver_090,3.0,R052,Bengaluru,Delhi,37.6,95,3.76,377.2,0.0,115.55,476.64,969.39,1773.85,Net Banking,Completed,3.8,None,Bengaluru,Maruti Eeco,Diesel,3
T00842,2025-02-23,V069,Truck,D112,Driver_112,3.6,R011,Visakhapatnam,Bengaluru,66.9,189,10.31,1056.9,1027.14,157.38,1073.84,3315.26,3206.98,Net Banking,Completed,3.5,Repair,Visakhapatnam,Tata 407,Diesel,12
T00843,2025-11-26,V074,SUV,D080,Driver_080,4.2,R007,Hyderabad,Visakhapatnam,35.0,69,3.04,326.4,0.0,83.42,364.89,774.71,168.49,UPI,Cancelled,5.0,None,Hyderabad,Hyundai Creta,Diesel,3
T00844,2025-03-21,V093,Sedan,D047,Driver_047,4.3,R028,Kochi,Bengaluru,34.0,123,2.59,280.5,0.0,129.24,657.62,1067.36,944.09,Card,Completed,4.3,None,Kochi,Maruti Dzire,Petrol,10
T00845,2025-11-11,V049,SUV ,D059,Driver_059,3.2,R035,Pune,Visakhapatnam,25.2,65,2.29,219.51,0.0,106.98,300.54,627.03,1202.07,Net Banking,Completed,3.2,Repair,Pune,Tata Winger,Diesel,4
T00846,2025-11-02,V017,SUV,D037,Driver_037,,R039,Delhi,Hyderabad,48.6,147,4.11,411.28,0.0,92.9,842.34,1346.52,1738.08,COD,Completed,3.7,Inspection,Delhi,Toyota Innova,Diesel,12
T00847,2025-04-18,V100,Sedan,D110,Driver_110,3.7,R036,Visakhapatnam,Delhi,34.2,108,2.68,255.79,9348.96,84.95,536.97,10226.67,1094.34,Cash,Completed,4.7,,Visakhapatnam,Honda City,Petrol,6
T00848,2025-05-11,V020,Van,D136,Driver_136,3.9,R062,Delhi,Visakhapatnam,18.4,53,2.08,205.65,,71.38,171.55,448.58,1059.02,UPI,Completed,4.3,None,Delhi,Maruti Eeco,Diesel,8
T00849,2025-03-24,V025,Van,D010,Driver_010,3.8,R048,Chennai,Mumbai,47.6,77,4.27,428.3,0.0,160.41,396.64,985.35,2110.3,COD,Completed,4.5,Repair,Chennai,Maruti Eeco,Diesel,9
T00850,2025-04-06,V027,SUV,D002,Driver_002,5.0,R068,Delhi,Pune,18.9,42,1.76,186.1,9131.76,49.0,198.43,9565.29,1116.03,Cash,Completed,3.9,Inspection,Delhi,Hyundai Creta,Diesel,11
T00851,2025-08-26,V014,SUV,D010,Driver_010,3.9,R049,Delhi,Mumbai,19.9,47,1.63,176.93,7886.95,70.01,193.27,8327.16,1061.19,Cash,Completed,4.0,Inspection,Delhi,Toyota Innova,Diesel,3
T00852,2025-12-27,V045,SUV,D072,Driver_072,4.3,R057,Bengaluru,Kochi,27.2,103,2.59,268.09,0.0,98.58,480.17,846.84,985.81,COD,Completed,3.3,Service,Bengaluru,Toyota Innova,Diesel,4
T00853,2025-09-23,V071,Van,D138,Driver_138,4.8,R021,Chennai,Kochi,39.2,87,3.99,395.04,0.0,143.52,364.43,902.99,1552.65,Cash,Completed,6.0,Repair,Chennai,Maruti Eeco,Diesel,5
T00854,2025-03-08,V064,Sedan,D074,Driver_074,4.3,R016,Visakhapatnam,Kochi,33.6,63,2.59,281.71,0.0,74.8,350.21,706.72,1236.39,COD,Completed,4.0,Service,Visakhapatnam,Honda City,Petrol,2
T00855,2025-06-07,V095,Sedan,D146,Driver_146,3.6,R059,Visakhapatnam,Mumbai,11.1,39,0.75,79.07,0.0,36.6,150.0,265.67,112.01,upi,Cancelled,4.0,None,Visakhapatnam,Honda City,Petrol,10
T00856,2025-03-17,V066,Van,D090,Driver_090,4.0,R060,Visakhapatnam,Kochi,20.0,77,1.92,199.27,769.24,40.6,443.53,1452.64,1024.54,UPI,Completed,3.5,None,Visakhapatnam,Tata Winger,Diesel,11
T00857,2025-03-16,V052,Truck,D052,Driver_052,4.0,R039,Visakhapatnam,Mumbai,27.1,51,4.72,518.97,0.0,81.4,283.99,884.36,212.45,Cash,Cancelled,4.2,Service,Visakhapatnam,BharatBenz 1015,Diesel,1
T00858,2025-01-05,V093,Truck,D093,Driver_093,4.0,R003,Kochi,Chennai,32.3,73,4.17,446.0,0.0,126.07,408.71,980.78,1489.86,Net Banking,Completed,4.1,Inspection,Kochi,BharatBenz 1015,Diesel,1
T00859,2025-10-26,V082,SUV,D145,Driver_145,4.7,R044,Kochi,Hyderabad,104.6,249,9.69,1049.93,7908.98,209.1,873.2,10041.21,3609.2,COD,Completed,3.3,None,Kochi,Kia Seltos,Diesel,6
T00860,2025-03-15,V052,Sedan,D113,Driver_113,4.2,R030,Chennai,Delhi,32.2,100,1.95,205.7,0.0,115.86,405.3,726.86,1255.48,UPI,Completed,3.2,None,Chennai,Maruti Dzire,Petrol,6
T00861,2025-06-14,V042,Truck,D090,Driver_090,4.5,R059,Mumbai,Visakhapatnam,33.3,64,4.43,481.34,2153.78,108.1,254.52,2997.74,1728.7,Net Banking,Completed,3.0,None,Mumbai,Tata 407,Diesel,7
T00862,2025-04-10,V023,SUV,D122,Driver_122,4.4,R066,Delhi,Bengaluru,26.1,56,2.41,238.45,1305.17,60.8,277.06,1881.48,1212.5,COD,Completed,5.0,Inspection,Delhi,Kia Seltos,Diesel,3
T00863,2025-04-14,V066,Sedan,D137,Driver_137,3.2,R015,Chennai,Mumbai,37.4,120,2.47,253.25,656.54,81.43,679.49,1670.71,1208.43,Card,Completed,3.8,Inspection,Chennai,Maruti Dzire,Petrol,6
T00864,2025-10-15,V032,SUV,D135,Driver_135,3.3,R065,Bengaluru,Chennai,63.9,141,4.87,495.33,0.0,147.08,668.36,1310.77,2140.93,UPI,Completed,3.9,Inspection,Bengaluru,Toyota Innova,Diesel,12
T00865,2025-06-27,V052,Van,D068,Driver_068,4.2,R046,Delhi,Hyderabad,23.8,56,2.4,231.6,1009.7,90.2,206.49,1537.99,1129.33,COD,Completed,4.0,Repair,Delhi,Force Traveller,Diesel,8
T00866,2025-03-23,V071,SUV,D106,Driver_106,4.1,R051,Delhi,Bengaluru,54.1,117,4.44,436.4,0.0,131.74,370.2,938.34,162.74,UPI,Cancelled,3.2,None,Delhi,Kia Seltos,Diesel,3
T00867,2025-09-21,V068,SUV,D097,Driver_097,4.0,R045,Mumbai,Pune,39.2,118,3.29,312.58,0.0,180.04,393.47,886.09,1577.87,COD,Completed,3.7,None,Mumbai,Toyota Innova,Diesel,8
T00868,2025-06-01,V054,Sedan,D068,Driver_068,4.5,R021,Chennai,Visakhapatnam,51.3,105,3.67,386.03,3984.26,82.99,431.52,4884.8,1241.16,Net Banking,Completed,4.3,None,Chennai,Maruti Dzire,Petrol,10
T00869,2025-04-04,V091,Van,D044,Driver_044,4.1,R022,Delhi,Mumbai,20.0,53,2.02,192.26,0.0,67.0,242.01,501.27,945.34,UPI,Completed,5.0,Service,Delhi,Maruti Eeco,Diesel,6
T00870,2025-05-20,V018,Sedan,D010,Driver_010,3.5,R032,Visakhapatnam,Hyderabad,21.1,66,1.65,176.07,0.0,70.71,248.64,495.42,783.8,Card,Completed,2.9,Service,Visakhapatnam,Maruti Dzire,Petrol,12
T00871,2025-02-01,V007,Truck,D067,Driver_067,3.3,R050,Kochi,Bengaluru,61.0,172,8.58,845.94,0.0,189.59,708.09,1743.62,2971.82,COD,Completed,3.7,Service,Kochi,Ashok Leyland Dost,Diesel,8
T00872,2025-02-06,V045,Truck,D009,Driver_009,3.9,R039,Bengaluru,Visakhapatnam,50.4,124,6.84,660.09,1636.41,157.31,708.19,3162.0,2476.15,UPI,Completed,3.6,None,Bengaluru,Tata 407,Diesel,4
T00873,2025-01-14,V010,Sedan,D017,Driver_017,3.5,R029,Chennai,Hyderabad,23.9,69,1.59,152.49,7581.72,60.32,291.27,8085.8,919.95,Cash,Completed,4.4,None,Chennai,Hyundai Verna,Petrol,4
T00874,2025-02-22,V056,Sedan,D082,Driver_082,3.1,R037,Pune,Hyderabad,65.4,167,4.47,428.46,0.0,226.32,944.2,1598.98,1565.02,UPI,Completed,4.6,Inspection,Pune,Maruti Dzire,Petrol,9
T00875,2025-06-26,V061,Sedan,D009,Driver_009,4.2,R057,Visakhapatnam,Mumbai,46.1,118,3.06,302.3,0.0,68.38,363.5,734.18,143.8,Card,Cancelled,4.9,Service,Visakhapatnam,Hyundai Verna,Petrol,4
T00876,2025-01-05,V008,Truck,D068,Driver_068,3.9,R074,Hyderabad,Mumbai,39.4,102,6.32,625.39,0.0,129.62,399.02,1154.03,60.81,UPI,Cancelled,4.0,None,Hyderabad,Tata 407,Diesel,6
T00877,2025-07-09,V066,Van,D081,Driver_081,3.9,R042,Pune,Delhi,103.7,224,9.82,1074.97,6419.78,213.36,789.04,8497.15,1006.02,,Cancelled,4.0,None,Pune,Tata Winger,Diesel,6
T00878,2025-02-07,V048,Sedan,D014,Driver_014,3.7,R042,Chennai,Hyderabad,29.8,76,2.26,216.27,0.0,60.4,392.63,669.3,827.27,Cash,Completed,4.6,None,Chennai,Hyundai Verna,Petrol,11
T00879,2025-11-08,V009,SUV,D135,Driver_135,4.4,R062,Kochi,Visakhapatnam,31.8,101,2.63,257.73,0.0,119.82,437.46,815.01,1245.3,UPI,Completed,3.5,Service,Kochi,Kia Seltos,Diesel,2
T00880,2025-06-03,V060,Sedan,D030,Driver_030,3.9,R055,Mumbai,Kochi,47.8,159,3.2,326.28,5117.28,217.35,822.66,6483.57,1553.33,Card,Completed,4.6,None,Mumbai,Maruti Dzire,Petrol,6
T00881,2025-05-15,V067,Sedan,D117,Driver_117,3.9,R078,Chennai,Visakhapatnam,27.0,71,1.76,168.49,0.0,122.54,357.1,648.13,824.29,Net Banking,Completed,4.3,Service,Chennai,Honda City,Petrol,8
T00882,2025-11-21,V029,Truck,D048,Driver_048,4.4,R049,Kochi,Chennai,11.8,35,1.83,188.17,0.0,18.64,150.0,356.81,807.65,UPI,Completed,3.9,Repair,Kochi,Tata 407,Diesel,4
T00883,2025-05-02,V082,Sedan,D099,Driver_099,3.7,R073,Pune,Delhi,24.2,75,1.51,157.51,0.0,50.27,397.66,605.44,654.1,Card,Completed,3.2,None,Pune,Hyundai Verna,Petrol,5
T00884,2025-11-19,V074,Sedan,D147,Driver_147,3.3,R016,Bengaluru,Mumbai,43.1,109,3.32,354.37,4071.85,184.38,592.53,5203.13,1369.03,Cash,Completed,3.8,Inspection,Bengaluru,Hyundai Verna,Petrol,5
T00885,2025-01-11,V057,Van,D001,Driver_001,3.5,R004,Bengaluru,Kochi,10.5,17,0.99,100.36,1928.76,17.92,150.0,2197.04,800.53,COD,Completed,3.8,None,Bengaluru,Force Traveller,Diesel,2
T00886,2025-10-26,V021,SUV,D109,Driver_109,4.5,R046,Mumbai,Visakhapatnam,72.1,215,7.15,760.8,2987.77,260.04,1057.5,5066.11,729.11,Net Banking,Cancelled,4.8,Service,Mumbai,Kia Seltos,Diesel,7
T00887,2025-05-04,V091,Sedan,D117,Driver_117,3.7,R025,Kochi,Mumbai,30.7,53,2.49,237.33,0.0,135.81,195.41,568.55,1035.88,COD,Completed,4.3,Inspection,Kochi,Hyundai Verna,Petrol,11
T00888,2025-12-24,V053,SUV,D055,Driver_055,4.5,R049,Pune,Kochi,44.6,152,3.68,383.89,0.0,84.2,690.58,1158.67,1840.19,Card,Completed,4.0,Repair,Pune,Toyota Innova,Diesel,11
T00889,2025-10-12,V037,Truck,D119,Driver_119,4.0,R078,Delhi,Pune,23.7,64,3.22,310.26,0.0,88.84,328.75,727.85,1110.57,Card,Completed,4.7,Service,Delhi,BharatBenz 1015,Diesel,12
T00890,2025-09-03,V096,Sedan,D106,Driver_106,4.3,R033,Delhi,Pune,15.0,51,0.92,88.74,7994.22,33.0,223.84,8339.8,565.03,Cash,Completed,3.9,None,Delhi,Maruti Dzire,Petrol,4
T00891,2025-12-02,V053,Van,D079,Driver_079,3.7,R001,Chennai,Visakhapatnam,52.0,110,5.82,595.32,0.0,149.43,543.05,1287.8,140.57,UPI,Cancelled,2.9,None,Chennai,Tata Winger,Diesel,9
T00892,2025-07-08,V078,SUV,D134,Driver_134,4.0,R005,Pune,Kochi,50.4,94,3.98,395.17,0.0,140.37,544.91,1080.45,1711.21,UPI,Completed,4.9,Inspection,Pune,Toyota Innova,Diesel,6
T00893,2025-10-22,V042,SUV,D045,Driver_045,3.9,R004,Chennai,Mumbai,16.2,33,1.59,164.47,0.0,29.22,150.0,343.69,270.63,Cash,Cancelled,3.9,None,Chennai,Kia Seltos,Diesel,7
T00894,2025-06-05,V011,Sedan,D143,Driver_143,4.5,R039,Chennai,Delhi,123.6,224,9.47,1006.79,0.0,221.06,1012.35,2240.2,851.72,,Cancelled,3.9,None,Chennai,Maruti Dzire,Petrol,5
T00895,2025-12-10,V003,Sedan,D073,Driver_073,4.4,R068,Visakhapatnam,Mumbai,22.4,44,1.47,155.32,0.0,45.94,211.01,412.27,93.0,Net Banking,Cancelled,4.1,None,Visakhapatnam,Hyundai Verna,Petrol,11
T00896,2025-07-08,V070,SUV,D031,Driver_031,4.6,R062,Bengaluru,Visakhapatnam,47.8,112,4.06,398.12,9642.93,110.38,455.79,10607.22,1901.85,Net Banking,Completed,4.2,Service,Bengaluru,Toyota Innova,Diesel,8
T00897,2025-01-18,V060,Sedan,D068,Driver_068,4.0,R029,Pune,Mumbai,27.0,57,1.81,186.02,995.59,62.92,231.46,1475.99,314.2,UPI,Cancelled,4.2,None,Pune,Maruti Dzire,Petrol,11
T00898,2025-08-08,V034,Sedan,D030,Driver_030,5.0,R061,Kochi,Delhi,46.4,122,2.8,287.53,7903.73,180.07,524.47,8895.8,1502.81,COD,Completed,4.2,None,Kochi,Maruti Dzire,Petrol,9
T00899,2025-08-06,V069,Truck,D033,Driver_033,3.8,R009,Mumbai,Chennai,77.0,133,12.19,1310.86,5116.49,256.2,545.15,7228.7,3605.65,Net Banking,Completed,3.3,Inspection,Mumbai,Tata 407,Diesel,6
T00900,2025-02-25,V068,SUV,D109,Driver_109,4.3,R031,Chennai,Mumbai,12.0,46,0.91,89.98,0.0,53.69,191.05,334.72,597.91,COD,Completed,4.1,Inspection,Chennai,Kia Seltos,Diesel,2
T00901,2025-04-10,V044,Truck,D060,Driver_060,4.1,R030,Visakhapatnam,Bengaluru,20.6,47,2.68,263.61,0.0,96.02,274.15,633.78,1242.59,UPI,Completed,4.4,None,Visakhapatnam,BharatBenz 1015,Diesel,2
T00902,2025-12-26,V021,Sedan,D051,Driver_051,4.2,R032,Hyderabad,Mumbai,56.6,120,3.56,361.85,0.0,110.17,383.98,856.0,1644.6,Net Banking,Completed,4.6,Inspection,Hyderabad,Hyundai Verna,Petrol,6
T00903,2025-03-03,V052,Truck,D078,Driver_078,3.2,R031,Hyderabad,Delhi,63.3,176,8.33,890.86,0.0,204.02,819.93,1914.81,162.97,COD,Cancelled,3.3,None,Hyderabad,Tata 407,Diesel,9
T00904,2025-02-04,V005,Sedan,D062,Driver_062,4.8,R051,Pune,Hyderabad,22.9,66,1.62,158.88,0.0,96.99,379.39,635.26,1022.74,Card,Completed,5.0,Inspection,Pune,Maruti Dzire,Petrol,2
T00905,2025-05-08,V065,Truck,D013,Driver_013,4.1,R045,Bengaluru,Pune,24.9,57,4.07,405.09,0.0,71.91,248.89,725.89,1472.5,Cash,Completed,3.9,Service,Bengaluru,Tata 407,Diesel,11
T00906,2025-08-12,V079,Sedan,D053,Driver_053,4.0,R033,Visakhapatnam,Hyderabad,29.6,104,1.84,190.48,5307.71,80.4,376.03,5954.62,1060.38,Net Banking,Completed,5.0,None,Visakhapatnam,Hyundai Verna,Petrol,4
T00907,2025-06-02,V039,Truck,D147,Driver_147,4.3,R035,Kochi,Pune,80.9,193,11.89,1258.93,0.0,279.78,603.67,2142.38,3616.93,Card,Completed,5.0,Service,Kochi,Ashok Leyland Dost,Diesel,2
T00908,2025-03-09,V010,Van,D144,Driver_144,4.9,R030,Delhi,Hyderabad,93.6,215,8.37,798.57,0.0,384.41,877.77,2060.75,3442.06,UPI,Completed,3.9,None,Delhi,Tata Winger,Diesel,3
T00909,2025-07-08,V010,SUV,D019,Driver_019,3.8,R044,Bengaluru,Hyderabad,105.5,340,9.0,981.76,0.0,472.5,1685.91,3140.17,3356.79,Cash,Completed,5.0,Inspection,Bengaluru,Hyundai Creta,Diesel,5
T00910,2025-08-23,V002,Van,D029,Driver_029,4.1,R046,Bengaluru,Chennai,23.8,73,2.74,280.36,0.0,75.57,240.76,596.69,1078.1,UPI,Completed,3.3,None,Bengaluru,Tata Winger,Diesel,3
T00911,2025-10-16,V001,SUV,D004,Driver_004,,R062,Kochi,Bengaluru,72.2,190,6.55,715.27,0.0,115.91,898.07,1729.25,2328.03,UPI,Completed,4.9,Inspection,Kochi,Toyota Innova,Diesel,12
T00912,2025-10-11,V045,Van,D093,Driver_093,4.8,R042,Bengaluru,Visakhapatnam,21.1,47,2.04,197.31,0.0,98.21,245.35,540.87,1070.58,UPI,Completed,3.9,None,Bengaluru,Force Traveller,Diesel,9
T00913,2025-01-15,V065,SUV,D091,Driver_091,4.3,R008,Pune,Bengaluru,21.1,47,1.6,161.99,0.0,94.52,150.0,406.51,48.51,UPI,Cancelled,4.4,None,Pune,Hyundai Creta,Diesel,2
T00914,2025-08-02,V020,Van,D123,Driver_123,4.7,R025,Visakhapatnam,Kochi,66.6,194,6.55,661.9,3048.8,190.8,722.06,4623.56,2745.95,Net Banking,Completed,,None,Visakhapatnam,Tata Winger,Diesel,1
T00915,2025-12-28,V100,SUV,D041,Driver_041,3.4,R074,Delhi,Hyderabad,28.6,63,2.31,222.95,1222.3,84.9,255.17,1785.32,1318.26,Card,Completed,3.8,Service,Delhi,Hyundai Creta,Diesel,10
T00916,2025-03-29,V069,Sedan,D004,Driver_004,3.6,R012,Bengaluru,Visakhapatnam,23.7,53,1.51,158.74,0.0,78.67,185.62,423.03,124.62,COD,Cancelled,3.8,None,Bengaluru,Maruti Dzire,Petrol,12
T00917,2025-02-20,V056,Truck,D114,Driver_114,4.0,R073,Hyderabad,Mumbai,37.3,83,6.27,651.12,0.0,96.62,329.64,1077.38,2023.57,,Completed,4.2,None,Hyderabad,Tata 407,Diesel,9
T00918,2025-10-30,V064,Van,D147,Driver_147,4.6,R004,Kochi,Visakhapatnam,12.7,25,1.16,123.41,0.0,44.95,150.0,318.36,940.22,COD,Completed,4.7,Inspection,Kochi,Tata Winger,Diesel,9
T00919,2025-05-30,V043,Truck,D123,Driver_123,3.3,R003,Visakhapatnam,Bengaluru,44.0,118,7.34,758.94,0.0,192.38,503.01,1454.33,260.0,Card,Cancelled,4.3,Service,Visakhapatnam,Ashok Leyland Dost,Diesel,11
T00920,2025-01-19,V088,Truck,D060,Driver_060,5.0,R067,Bengaluru,Pune,47.4,98,6.57,629.06,0.0,67.1,439.36,1135.52,2089.4,COD,Completed,4.6,Service,Bengaluru,Ashok Leyland Dost,Diesel,9
T00921,2025-04-24,V022,SUV,D104,Driver_104,3.5,R029,Delhi,Bengaluru,,137,3.4,340.04,0.0,120.32,461.26,921.62,329.64,UPI,Cancelled,4.0,None,Delhi,Toyota Innova,Diesel,5
T00922,2025-11-26,V034,SUV,D145,Driver_145,3.9,R046,Bengaluru,Visakhapatnam,7.1,31,0.57,60.29,0.0,19.17,150.0,229.46,445.1,COD,Completed,4.2,None,Bengaluru,Toyota Innova,Diesel,12
T00923,2025-07-26,V032,Sedan,D019,Driver_019,4.0,R080,Chennai,Visakhapatnam,24.9,73,1.68,173.29,0.0,88.17,270.15,531.61,700.97,UPI,Completed,2.8,Service,Chennai,Maruti Dzire,Petrol,6
T00924,2025-06-05,V045,Van,D128,Driver_128,3.1,R072,Bengaluru,Mumbai,14.2,49,1.55,153.62,0.0,21.72,151.94,327.28,653.61,COD,Completed,3.9,Inspection,Bengaluru,Tata Winger,Diesel,6
T00925,2025-11-23,V093,SUV,D060,Driver_060,4.0,R074,Kochi,Mumbai,14.7,68,1.22,119.26,0.0,39.2,263.96,422.42,970.71,Card,Completed,4.9,None,Kochi,Toyota Innova,Diesel,4
T00926,2025-04-06,V085,Van,D115,Driver_115,4.0,R006,Hyderabad,Mumbai,58.2,118,5.68,595.65,0.0,107.11,381.22,1083.98,617.09,Card,Cancelled,3.9,Inspection,Hyderabad,Force Traveller,Diesel,2
T00927,2025-05-27,V056,Van,D142,Driver_142,3.9,R079,Chennai,Visakhapatnam,47.9,85,5.14,514.7,0.0,143.66,390.13,1048.49,181.4,COD,Cancelled,4.0,None,Chennai,Tata Winger,Diesel,2
T00928,2025-01-16,V027,Sedan,D126,Driver_126,3.5,R015,Mumbai,Delhi,165.3,428,12.37,1238.09,0.0,736.71,1938.23,3913.03,3769.22,Net Banking,Completed,4.1,None,Mumbai,Hyundai Verna,Petrol,4
T00929,2025-11-16,V054,SUV,D009,Driver_009,4.4,R051,Bengaluru,Hyderabad,26.6,99,2.39,239.08,0.0,71.92,458.22,769.22,1272.57,COD,Completed,4.9,None,Bengaluru,Hyundai Creta,Diesel,10
T00930,2025-10-13,V057,SUV,D115,Driver_115,4.0,R005,Visakhapatnam,Pune,93.9,278,9.5,1014.05,0.0,235.62,1141.95,2391.62,2903.77,Net Banking,completed,3.8,Service,Visakhapatnam,Kia Seltos,Diesel,3
T00931,2025-09-01,V005,Truck,D101,Driver_101,4.9,R004,Mumbai,Pune,11.8,28,2.02,212.28,0.0,31.64,150.0,393.92,2.26,COD,Cancelled,4.5,Inspection,Mumbai,BharatBenz 1015,Diesel,10
T00932,2025-11-03,V032,Sedan,D002,Driver_002,3.6,R011,Pune,Hyderabad,89.9,224,6.42,625.94,3568.18,298.12,682.99,5175.23,6.83,UPI,Cancelled,3.3,None,Pune,Hyundai Verna,Petrol,12
T00933,2025-11-16,V084,Sedan,D039,Driver_039,4.2,R032,Kochi,Hyderabad,38.0,97,2.76,301.08,0.0,90.18,456.65,847.91,292.14,UPI,Cancelled,4.5,Inspection,Kochi,Hyundai Verna,Petrol,6
T00934,2025-07-01,V089,Sedan,D115,Driver_115,3.6,R017,Pune,Hyderabad,33.9,56,2.49,257.49,0.0,149.59,179.85,586.93,1284.04,COD,Completed,4.2,Inspection,Pune,Honda City,Petrol,1
T00935,2025-08-03,V072,Sedan,D081,Driver_081,3.7,R058,Chennai,Hyderabad,65.9,174,4.12,393.14,0.0,133.86,989.92,1516.92,1864.08,UPI,Completed,2.5,Repair,Chennai,Honda City,Petrol,9
T00936,2025-06-14,V096,Sedan,D033,Driver_033,3.8,R027,Bengaluru,Chennai,39.9,96,2.66,273.23,0.0,175.41,359.47,808.11,1073.0,UPI,Completed,6.0,Service,Bengaluru,Hyundai Verna,Petrol,4
T00937,2025-04-30,V033,Sedan,D052,Driver_052,3.3,R050,Visakhapatnam,Hyderabad,94.2,221,6.98,689.44,8499.45,307.83,1164.82,10661.54,2583.28,Net Banking,Completed,3.9,Service,Visakhapatnam,Honda City,Petrol,4
T00938,2025-01-27,V084,SUV,D038,Driver_038,3.4,R043,Pune,Bengaluru,15.0,58,1.25,133.28,2616.22,57.13,232.83,3039.46,956.68,COD,Completed,3.6,None,Pune,Kia Seltos,Diesel,3
T00939,2025-03-19,V026,SUV,D056,Driver_056,3.5,R043,Kochi,Delhi,52.4,138,4.2,408.71,1165.26,133.07,757.36,2464.4,2066.16,Card,Completed,4.4,Service,Kochi,Hyundai Creta,Diesel,3
T00940,2025-01-22,V038,Truck,D029,Driver_029,3.1,R076,Chennai,Kochi,32.5,88,4.69,447.7,0.0,66.35,419.6,933.65,1704.88,Cash,Completed,4.9,None,Chennai,Ashok Leyland Dost,Diesel,12
T00941,2025-09-09,V055,Van,D075,Driver_075,3.2,R013,Visakhapatnam,Kochi,46.4,129,4.74,473.14,1554.73,131.35,520.45,2679.67,1738.86,Cash,Completed,4.2,None,Visakhapatnam,Force Traveller,Diesel,12
T00942,2025-05-12,V013,SUV ,D062,Driver_062,3.8,R077,Kochi,Mumbai,74.7,220,5.16,556.21,0.0,248.95,733.54,1538.7,1792.24,UPI,Completed,4.1,None,Kochi,Hyundai Verna,Petrol,2
T00943,2025-03-02,V058,Van,D095,Driver_095,3.6,R078,Hyderabad,Bengaluru,122.3,315,,1143.54,0.0,339.86,1071.95,2555.35,4454.24,Cash,Completed,4.0,Inspection,Hyderabad,Tata Winger,Diesel,5
T00944,2025-08-26,V002,Truck,D049,Driver_049,4.1,R074,Hyderabad,Mumbai,33.3,45,4.53,463.61,0.0,64.74,221.7,750.05,317.77,Net Banking,Cancelled,4.1,None,Hyderabad,Tata 407,Diesel,7
T00945,2025-03-08,V053,Van,D037,Driver_037,3.7,R012,Delhi,Visakhapatnam,9.0,27,1.03,102.88,0.0,36.08,150.0,288.96,145.7,UPI,Cancelled,3.3,None,Delhi,Maruti Eeco,Diesel,5
T00946,2025-11-05,V097,Sedan,D007,Driver_007,4.1,R056,Chennai,Visakhapatnam,36.2,96,2.4,251.51,7556.49,98.95,438.95,8345.9,1033.87,Net Banking,Completed,3.0,None,Chennai,Honda City,Petrol,5
T00947,2025-09-17,V006,SUV,D117,Driver_117,4.4,R071,Mumbai,Bengaluru,24.5,81,2.29,224.92,3975.66,93.15,421.14,4714.87,954.22,COD,Completed,3.4,None,Mumbai,Kia Seltos,Diesel,8
T00948,2025-10-08,V058,Sedan,D125,Driver_125,4.2,R050,Hyderabad,Mumbai,59.6,170,4.6,458.01,0.0,186.27,685.82,1330.1,161.31,Net Banking,Cancelled,3.5,None,Hyderabad,Honda City,Petrol,7
T00949,2025-03-12,V035,SUV,D084,Driver_084,4.8,R046,Delhi,Mumbai,73.1,130,6.04,650.39,8586.49,131.67,691.72,10060.27,612.03,Net Banking,Cancelled,4.8,Repair,Delhi,Kia Seltos,Diesel,4
T00950,2025-04-06,V060,Truck,D056,Driver_056,4.4,R001,Chennai,Pune,124.7,380,19.34,1983.89,5573.88,232.77,1182.02,8972.56,5573.86,Net Banking,Completed,3.4,None,Chennai,Ashok Leyland Dost,Diesel,1
T00951,2025-12-11,V028,Sedan,D081,Driver_081,3.6,R027,Hyderabad,Kochi,116.8,277,7.57,736.3,0.0,362.2,1382.21,2480.71,523.69,UPI,Cancelled,3.8,Service,Hyderabad,Honda City,Petrol,8
T00952,2025-02-02,V028,Sedan,D026,Driver_026,4.4,R055,Hyderabad,Delhi,20.6,71,1.23,128.51,0.0,83.82,281.51,493.84,953.33,Cash,Completed,4.7,None,Hyderabad,Hyundai Verna,Petrol,11
T00953,2025-06-20,V009,Van,D011,Driver_011,3.6,R047,Visakhapatnam,Chennai,27.9,45,3.05,300.08,8525.29,54.53,156.83,9036.73,84.68,Cash,Cancelled,4.0,Inspection,Visakhapatnam,Maruti Eeco,Diesel,12
T00954,2025-02-18,V021,Sedan,D149,Driver_149,4.0,R074,Mumbai,Chennai,95.3,218,6.64,651.14,0.0,136.93,1133.52,1921.59,2565.85,UPI,Completed,4.8,Repair,Mumbai,Hyundai Verna,Petrol,2
T00955,2025-11-06,V080,SUV,D135,Driver_135,3.9,R027,Kochi,Bengaluru,46.2,137,3.59,365.04,0.0,111.49,517.57,994.1,148.42,Card,Cancelled,3.8,Repair,Kochi,Toyota Innova,Diesel,8
T00956,2025-01-20,V006,Truck,D061,Driver_061,,R062,Visakhapatnam,Mumbai,37.8,128,5.41,535.44,0.0,105.52,574.39,1215.35,1808.63,COD,Completed,3.3,None,Visakhapatnam,Ashok Leyland Dost,Diesel,9
T00957,2025-02-06,V005,SUV,D023,Driver_023,2.9,R074,Delhi,Hyderabad,40.5,85,3.58,377.27,6292.81,154.57,263.66,7088.31,1372.08,Card,Completed,4.6,Inspection,Delhi,Toyota Innova,Diesel,4
T00958,2025-10-20,V057,Van,D001,Driver_001,4.4,R019,Bengaluru,Chennai,18.7,25,2.27,226.94,0.0,82.85,150.0,459.79,142.13,Net Banking,Cancelled,3.4,Repair,Bengaluru,Maruti Eeco,Diesel,9
T00959,2025-09-14,V016,Sedan,D148,Driver_148,4.4,R080,Pune,Hyderabad,,26,0.75,73.44,0.0,31.72,150.0,255.16,369.81,Cash,Completed,3.7,None,Pune,Honda City,Petrol,3
T00960,2025-01-07,V069,SUV,D031,Driver_031,3.9,R057,Delhi,Chennai,56.8,136,5.02,537.4,0.0,203.23,565.69,1306.32,2076.09,Card,Completed,4.4,Inspection,Delhi,Toyota Innova,Diesel,3
T00961,2025-05-19,V029,Sedan,D137,Driver_137,3.5,R020,Mumbai,Pune,26.1,70,1.83,186.5,0.0,36.09,406.41,629.0,990.21,Net Banking,Completed,3.7,Inspection,Mumbai,Honda City,Petrol,5
T00962,2025-09-18,V054,Van,D107,Driver_107,5.0,R062,Chennai,Visakhapatnam,26.0,70,2.46,242.64,0.0,66.25,257.09,565.98,1226.23,COD,Completed,4.6,Service,Chennai,Force Traveller,Diesel,1
T00963,2025-11-17,V081,SUV,D014,Driver_014,5.0,R043,Kochi,Chennai,23.0,68,1.78,187.45,0.0,75.42,240.0,502.87,43.77,Cash,Cancelled,3.7,None,Kochi,Toyota Innova,Diesel,10
T00964,2025-09-17,V045,Sedan,D053,Driver_053,4.5,R002,Mumbai,Chennai,24.0,90,1.65,178.09,0.0,45.8,319.82,543.71,144.39,Cash,Cancelled,3.2,Service,Mumbai,Maruti Dzire,Petrol,10
T00965,2025-04-06,V075,Van,D076,Driver_076,3.5,R048,Mumbai,Hyderabad,22.4,41,2.4,258.67,7228.48,40.93,150.0,7678.08,933.34,COD,Completed,5.0,Inspection,Mumbai,Force Traveller,Diesel,5
T00966,2025-02-27,V056,SUV,D128,Driver_128,4.9,R007,Pune,Delhi,31.1,56,2.68,272.74,8131.75,50.47,289.41,8744.37,299.62,UPI,Cancelled,4.7,Repair,Pune,Kia Seltos,Diesel,9
T00967,2025-06-19,V005,Van,D129,Driver_129,4.1,R049,Visakhapatnam,Bengaluru,55.4,178,5.61,574.43,8943.76,82.83,880.81,10481.83,2437.38,Cash,Completed,4.5,None,Visakhapatnam,Tata Winger,Diesel,8
T00968,2025-04-13,V012,Sedan,D107,Driver_107,4.2,R054,Pune,Delhi,73.1,131,4.97,473.46,0.0,258.0,626.07,1357.53,358.73,Net Banking,Cancelled,3.6,None,Pune,Maruti Dzire,Petrol,6
T00969,2025-02-09,V003,Truck,D025,Driver_025,4.6,R040,Kochi,Hyderabad,44.0,141,6.89,704.12,710.86,105.87,574.38,2095.23,2238.09,Card,Completed,3.4,None,Kochi,Tata 407,Diesel,1
T00970,2025-11-11,V095,SUV,D039,Driver_039,3.7,R065,Hyderabad,Chennai,37.0,124,3.5,363.38,6489.55,157.19,677.62,7687.74,225.92,Net Banking,Cancelled,4.2,Service,Hyderabad,Hyundai Creta,Diesel,6
T00971,2025-03-26,V064,Sedan,D077,Driver_077,4.9,R042,Delhi,Pune,127.4,274,7.61,767.87,5657.99,386.62,1528.49,8340.97,3214.22,UPI,Completed,4.5,Service,Delhi,Hyundai Verna,Petrol,11
T00972,2025-05-16,V052,Sedan,D006,Driver_006,3.7,R021,Pune,Delhi,57.1,173,4.41,471.27,0.0,145.62,903.0,1519.89,1399.47,Net Banking,Completed,3.1,None,Pune,Maruti Dzire,Petrol,9
T00973,2025-09-21,V074,Sedan,D084,Driver_084,4.4,R072,Chennai,Mumbai,29.9,91,2.42,246.92,0.0,66.97,440.57,754.46,1167.49,Net Banking,Completed,4.4,Repair,Chennai,Honda City,Petrol,12
T00974,2025-01-29,V049,Truck,D010,Driver_010,3.4,R020,Mumbai,Hyderabad,71.5,198,9.49,912.08,0.0,142.37,912.16,1966.61,3551.04,COD,Completed,3.7,None,Mumbai,Ashok Leyland Dost,Diesel,9
T00975,2025-12-12,V078,SUV,D145,Driver_145,3.6,R072,Pune,Kochi,24.6,75,2.4,241.72,0.0,65.94,435.83,743.49,966.82,COD,Completed,4.3,Repair,Pune,Toyota Innova,Diesel,10
T00976,2025-11-27,V048,SUV,D046,Driver_046,5.0,R003,Bengaluru,Visakhapatnam,79.7,228,6.8,741.37,0.0,266.87,889.52,1897.76,2918.0,Card,Completed,3.3,None,Bengaluru,Hyundai Creta,Diesel,8
T00977,2025-06-25,V092,Van,D043,Driver_043,3.7,R004,Delhi,Mumbai,30.6,68,2.83,302.01,0.0,84.19,246.29,632.49,1361.41,COD,Completed,4.2,None,Delhi,Tata Winger,Diesel,1
T00978,2025-03-21,V022,SUV,D148,Driver_148,4.4,R028,Visakhapatnam,Delhi,19.7,50,1.79,180.89,0.0,71.6,284.45,536.94,964.33,Card,Completed,4.4,None,Visakhapatnam,Toyota Innova,Diesel,4
T00979,2025-11-20,V085,Sedan,D083,Driver_083,3.6,R043,Chennai,Kochi,22.4,83,1.58,163.87,3836.36,41.16,266.0,4307.39,871.19,Cash,Completed,3.3,Repair,Chennai,Maruti Dzire,Petrol,3
T00980,2025-08-04,V087,Truck,D105,Driver_105,5.0,R043,Kochi,Visakhapatnam,50.7,153,7.65,775.77,0.0,116.99,856.22,1748.98,2304.87,Cash,Completed,3.6,Inspection,Kochi,Tata 407,Diesel,12
T00981,2025-09-25,V021,Van,D006,Driver_006,3.7,R051,Mumbai,Chennai,69.7,176,6.86,730.66,0.0,112.38,538.47,1381.51,2798.88,COD,Completed,4.7,Inspection,Mumbai,Tata Winger,Diesel,2
T00982,2025-08-07,V092,Sedan,D117,Driver_117,4.3,R011,Delhi,Bengaluru,22.9,70,1.74,186.42,953.3,58.9,325.77,1524.39,736.38,COD,Completed,3.4,None,Delhi,Honda City,Petrol,3
T00983,2025-05-17,V009,Van,D145,Driver_145,4.0,R033,Mumbai,Bengaluru,42.1,112,3.97,397.03,0.0,116.35,439.33,952.71,279.97,COD,Cancelled,4.3,Service,Mumbai,Maruti Eeco,Diesel,1
T00984,2025-01-16,V022,Sedan,D035,Driver_035,4.4,R043,Kochi,Mumbai,77.5,221,5.63,603.33,2761.51,336.01,720.94,4421.79,1956.15,Card,Completed,3.1,Service,Kochi,Hyundai Verna,Petrol,4
T00985,2025-03-27,V057,Sedan,D082,Driver_082,4.8,R023,Kochi,Chennai,21.9,85,1.44,147.2,0.0,99.78,381.76,628.74,944.74,COD,Completed,4.3,Repair,Kochi,Maruti Dzire,Petrol,9
T00986,2025-12-26,V075,SUV,D091,Driver_091,4.2,R067,Kochi,Mumbai,17.3,43,1.55,158.84,0.0,46.56,150.0,355.4,1019.92,Card,Completed,4.4,None,Kochi,Toyota Innova,Diesel,5
T00987,2025-02-09,V008,SUV,D103,Driver_103,3.5,R037,Bengaluru,Mumbai,9.2,35,0.69,73.4,0.0,17.48,150.0,240.88,744.46,Net Banking,Completed,3.2,Service,Bengaluru,Kia Seltos,Diesel,8
T00988,2025-12-08,V059,Van,D115,Driver_115,4.3,R065,Chennai,Mumbai,22.1,59,2.62,279.42,0.0,88.58,315.48,683.48,1184.01,Card,Completed,3.9,Inspection,Chennai,Tata Winger,Diesel,10
T00989,2025-09-25,V062,SUV,D040,Driver_040,4.8,R062,Bengaluru,Pune,52.3,170,4.05,426.63,0.0,117.64,820.96,1365.23,1677.94,UPI,Completed,3.9,None,Bengaluru,Toyota Innova,Diesel,10
T00990,2025-10-02,V016,Sedan,D065,Driver_065,3.4,R005,Mumbai,Bengaluru,27.8,46,1.79,181.44,1522.02,84.46,205.83,1993.75,809.1,Card,Completed,3.8,Inspection,Mumbai,Maruti Dzire,Petrol,1
T00991,2025-04-04,V097,Sedan,D014,Driver_014,3.5,R020,Chennai,Kochi,21.5,50,1.35,139.91,0.0,92.01,186.41,418.33,16.45,COD,Cancelled,4.8,Repair,Chennai,Honda City,Petrol,3
T00992,2025-09-03,V091,Sedan,D065,Driver_065,4.3,R080,Kochi,Visakhapatnam,60.6,120,4.67,458.59,0.0,260.13,652.01,1370.73,1727.09,Cash,Completed,4.5,None,Kochi,Hyundai Verna,Petrol,1
T00993,2025-08-27,V092,Sedan,D034,Driver_034,3.5,R004,Visakhapatnam,Mumbai,74.0,180,4.41,450.2,0.0,259.83,649.17,1359.2,1864.31,Net Banking,Completed,4.3,Inspection,Visakhapatnam,Maruti Dzire,Petrol,1
T00994,2025-01-14,V060,Truck,D076,Driver_076,4.7,R066,Kochi,Hyderabad,67.9,201,9.15,906.19,0.0,125.82,749.28,1781.29,3022.7,UPI,Completed,4.1,None,Kochi,Tata 407,Diesel,6
T00995,2025-05-02,V074,Sedan,D020,Driver_020,3.8,R065,Pune,Mumbai,39.4,113,2.77,281.1,0.0,138.42,408.23,827.75,,COD,Completed,3.4,None,Pune,Honda City,Petrol,7
T00996,2025-10-06,V062,Sedan,D079,Driver_079,3.6,R013,Delhi,Kochi,22.9,84,1.38,137.47,4263.33,53.84,469.07,4923.71,138.41,UPI,Cancelled,4.3,None,Delhi,Hyundai Verna,Petrol,6
T00997,2025-07-14,V059,SUV,D121,Driver_121,4.1,R013,Bengaluru,Delhi,37.5,102,3.18,306.6,0.0,56.03,415.78,778.41,1395.2,Cash,Completed,4.7,None,Bengaluru,Toyota Innova,Diesel,8
T00998,2025-03-29,V064,Sedan,D092,Driver_092,,R009,Delhi,Hyderabad,24.8,64,1.93,210.86,8600.82,96.58,361.74,9270.0,1062.63,Cash,Completed,4.4,None,Delhi,Honda City,Petrol,12
T00999,2025-01-11,V053,Sedan,D047,Driver_047,3.8,R046,Bengaluru,Visakhapatnam,18.3,64,1.27,137.93,0.0,38.62,361.2,537.75,609.25,Cash,Completed,4.9,None,Bengaluru,Honda City,Petrol,8
T01000,2025-07-23,V041,Sedan,D111,Driver_111,4.8,R054,Hyderabad,Pune,43.4,68,2.89,304.14,4665.74,128.49,306.29,5404.66,120.54,Cash,Cancelled,4.5,None,Hyderabad,Maruti Dzire,Petrol,11
T01001,2025-11-02,V063,Sedan,D125,Driver_125,4.4,R012,Chennai,Hyderabad,73.4,136,4.7,493.12,8460.95,200.71,437.3,9592.08,2031.53,UPI,Completed,3.5,None,Chennai,Honda City,Petrol,4
T01002,2025-04-13,V035,Van,D045,Driver_045,4.4,R016,Kochi,Hyderabad,46.7,93,4.4,452.03,0.0,141.98,451.51,1045.52,1775.79,upi,Completed,4.1,None,Kochi,Maruti Eeco,Diesel,11
T01003,2025-01-05,V027,Sedan,D092,Driver_092,3.9,R019,Visakhapatnam,Mumbai,61.2,136,4.54,465.79,0.0,178.1,506.54,1150.43,1815.45,UPI,Completed,3.6,None,Visakhapatnam,Maruti Dzire,Petrol,6
T01004,2025-10-16,V093,Truck,D116,Driver_116,3.9,R065,Pune,Kochi,75.9,230,10.41,1069.41,0.0,188.06,1223.01,2480.48,3564.11,Cash,Completed,4.1,None,Pune,Tata 407,Diesel,11
T01005,2025-12-05,V044,Sedan,D103,Driver_103,4.1,R002,Chennai,Visakhapatnam,15.7,55,1.22,128.9,0.0,30.06,269.72,428.68,827.31,Card,Completed,3.6,Inspection,Chennai,Honda City,Petrol,5
T01006,2025-01-21,V058,Truck,D118,Driver_118,3.5,R032,Pune,Chennai,19.2,19,2.5,246.9,0.0,44.47,150.0,441.37,1067.75,Cash,Completed,4.6,None,Pune,Tata 407,Diesel,4
T01007,2025-05-25,V094,Truck,D098,Driver_098,4.2,R025,Mumbai,Visakhapatnam,66.9,193,10.59,1105.36,0.0,196.06,628.91,1930.33,3355.39,Card,Completed,4.5,Service,Mumbai,Ashok Leyland Dost,Diesel,7
T01008,2025-04-14,V057,Sedan,D084,Driver_084,3.5,R006,Bengaluru,Hyderabad,20.5,74,1.34,142.46,0.0,95.05,262.39,499.9,606.17,Cash,Completed,4.6,Service,Bengaluru,Hyundai Verna,Petrol,10
T01009,2025-04-20,V080,SUV,D063,Driver_063,4.3,R012,Chennai,Bengaluru,42.7,131,3.48,337.43,8910.76,195.71,627.87,10071.77,1644.69,Card,Completed,3.6,Service,Chennai,Kia Seltos,Diesel,2
T01010,2025-12-27,V093,Sedan,D018,Driver_018,5.0,R032,Mumbai,Hyderabad,67.0,213,4.87,472.48,0.0,165.17,969.6,1607.25,1838.05,COD,Completed,4.1,None,Mumbai,Maruti Dzire,Petrol,6
T01011,2025-12-10,V021,Van,D002,Driver_002,4.5,R039,Kochi,Mumbai,52.9,184,5.07,512.59,9753.23,89.5,996.77,11352.09,2172.24,UPI,Completed,5.0,,Kochi,Force Traveller,Diesel,3
T01012,2025-12-26,V033,Truck,D140,Driver_140,3.0,R043,Bengaluru,Visakhapatnam,62.9,136,10.51,1135.73,0.0,199.62,463.08,1798.43,2783.77,Net Banking,Completed,5.0,None,Bengaluru,Ashok Leyland Dost,Diesel,8
T01013,2025-03-15,V072,Truck,D019,Driver_019,4.5,R052,Hyderabad,Visakhapatnam,28.6,57,4.81,463.41,3349.02,73.03,198.19,4083.65,479.48,Cash,Cancelled,3.5,None,Hyderabad,Tata 407,Diesel,4
T01014,2025-11-14,V023,SUV,D128,Driver_128,4.0,R057,Hyderabad,Visakhapatnam,71.4,234,5.66,602.04,4617.08,242.97,1306.82,6768.91,2603.66,Cash,Completed,3.6,None,Hyderabad,Kia Seltos,Diesel,6
T01015,2025-04-27,V032,SUV,D031,Driver_031,4.6,R011,Visakhapatnam,Bengaluru,17.7,43,1.7,166.8,4300.49,66.79,237.95,4772.03,731.84,Card,Completed,4.3,,Visakhapatnam,Hyundai Creta,Diesel,12
T01016,2025-08-22,V041,SUV,D117,Driver_117,5.0,R039,Hyderabad,Delhi,33.3,104,2.53,249.02,0.0,105.68,449.93,804.63,24.35,Card,Cancelled,4.1,None,Hyderabad,Hyundai Creta,Diesel,4
T01017,2025-05-04,V095,Sedan,D046,Driver_046,3.9,R040,Mumbai,Delhi,19.0,66,1.17,112.14,0.0,81.03,323.73,516.9,705.3,COD,Completed,3.2,Inspection,Mumbai,Honda City,Petrol,5
T01018,2025-09-16,V045,Van,D047,Driver_047,2.6,R025,Mumbai,Bengaluru,80.5,206,8.29,885.63,7585.95,160.1,1051.07,9682.75,3181.63,Card,Completed,4.1,None,Mumbai,Force Traveller,Diesel,2
T01019,2025-04-30,V019,SUV,D117,Driver_117,4.5,R058,Kochi,Bengaluru,83.2,210,7.66,735.48,0.0,347.6,666.91,1749.99,2592.32,Card,Completed,3.8,None,Kochi,Toyota Innova,Diesel,4
T01020,2025-09-15,V074,Sedan,D065,Driver_065,4.4,R078,Visakhapatnam,Pune,13.2,59,0.98,105.09,2074.7,34.06,272.39,2486.24,454.74,Card,Completed,4.1,None,Visakhapatnam,Honda City,Petrol,4
T01021,2025-07-12,V050,Sedan,D132,Driver_132,4.4,R064,Chennai,Delhi,28.2,79,2.24,238.12,0.0,119.35,263.48,620.95,748.82,Card,Completed,3.9,Repair,Chennai,Hyundai Verna,Petrol,2
T01022,2025-10-06,V071,Sedan,D113,Driver_113,3.7,R052,Kochi,Visakhapatnam,11.1,15,0.75,71.56,7791.71,20.1,150.0,8033.37,435.72,Net Banking,Completed,4.6,None,Kochi,Hyundai Verna,Petrol,11
T01023,2025-11-25,V024,SUV,D045,Driver_045,4.0,R020,Pune,Bengaluru,24.1,49,2.07,223.79,3598.38,95.7,228.06,4145.93,1146.29,Card,Completed,4.3,Inspection,Pune,Hyundai Creta,Diesel,4
T01024,2025-09-01,V012,Van,D072,Driver_072,4.3,R023,Chennai,Visakhapatnam,40.6,100,4.56,470.74,3525.1,177.94,429.38,4603.16,1636.76,Cash,Completed,2.8,Repair,Chennai,Tata Winger,Diesel,9
T01025,2025-02-22,V059,SUV,D010,Driver_010,4.1,R049,Mumbai,Pune,33.5,57,2.94,287.34,9735.62,58.62,332.42,10414.0,1091.15,Cash,Completed,3.7,Service,Mumbai,Hyundai Creta,Diesel,5
T01026,2025-02-23,V038,Van,D011,Driver_011,3.6,R053,Pune,Mumbai,39.2,79,4.77,497.67,0.0,180.45,329.6,1007.72,1472.66,Card,Completed,4.4,None,Pune,Tata Winger,Diesel,11
T01027,2025-10-13,V063,Sedan,D133,Driver_133,4.0,R074,Pune,Kochi,11.2,15,0.77,82.37,0.0,22.93,150.0,255.3,700.27,UPI,Completed,3.3,None,Pune,Hyundai Verna,Petrol,1
T01028,2025-06-07,V048,SUV,D007,Driver_007,5.0,R047,Mumbai,Hyderabad,22.5,75,1.96,192.07,0.0,77.79,434.32,704.18,1061.5,COD,Completed,3.0,None,Mumbai,Toyota Innova,Diesel,2
T01029,2025-09-02,V012,Van,D016,Driver_016,4.1,R006,Mumbai,Pune,29.3,79,3.43,358.16,0.0,55.45,428.57,842.18,378.31,COD,Cancelled,3.4,Service,Mumbai,Force Traveller,Diesel,12
T01030,2025-05-07,V037,Truck,D006,Driver_006,4.6,R027,Delhi,Kochi,17.1,67,2.44,251.21,0.0,51.94,281.45,584.6,913.8,UPI,Completed,3.5,None,Delhi,Ashok Leyland Dost,Diesel,9
T01031,2025-11-21,V015,Van,D086,Driver_086,3.5,R080,Delhi,Kochi,26.4,94,3.13,342.47,0.0,53.05,450.78,846.3,1266.42,Cash,Completed,3.5,None,Delhi,Tata Winger,Diesel,9
T01032,2025-08-13,V097,Truck,D100,Driver_100,4.8,R017,Kochi,Chennai,17.7,63,2.7,265.23,0.0,79.73,219.94,564.9,950.19,UPI,Completed,4.9,Repair,Kochi,Tata 407,Diesel,4
T01033,2025-04-11,V070,Sedan,D048,Driver_048,4.1,R049,Pune,Visakhapatnam,99.4,317,7.24,789.94,0.0,288.3,987.11,2065.35,2575.98,Net Banking,Completed,,Repair,Pune,Hyundai Verna,Petrol,3
T01034,2025-01-25,V058,Sedan,D027,Driver_027,4.2,R066,Chennai,Pune,38.2,76,2.96,292.08,0.0,107.44,228.5,628.02,1128.49,Cash,Completed,3.8,None,Chennai,Maruti Dzire,Petrol,12
T01035,2025-08-21,V020,Sedan,D012,Driver_012,3.5,R042,Bengaluru,Hyderabad,32.3,121,2.61,284.42,0.0,150.66,606.99,1042.07,999.85,Card,Completed,,Repair,Bengaluru,Maruti Dzire,Petrol,11
T01036,2025-06-21,V091,SUV,D058,Driver_058,3.7,R079,Kochi,Bengaluru,44.2,119,3.71,394.69,0.0,94.49,374.14,863.32,150.5,UPI,Cancelled,4.8,None,Kochi,Kia Seltos,Diesel,4
T01037,2025-02-01,V053,Van,D106,Driver_106,3.1,R007,Chennai,Pune,20.8,65,1.89,181.7,0.0,54.05,283.73,519.48,1137.84,Net Banking,Completed,4.8,None,Chennai,Force Traveller,Diesel,10
T01038,2025-08-11,V022,SUV,D148,Driver_148,4.3,R010,Kochi,Hyderabad,46.6,172,4.11,421.85,5440.53,189.13,726.61,6778.12,1859.68,UPI,Completed,4.6,Inspection,Kochi,Kia Seltos,Diesel,10
T01039,2025-05-22,V004,Truck,D117,Driver_117,4.3,R078,Delhi,Kochi,28.3,68,3.84,374.16,0.0,43.67,352.3,770.13,1587.9,Cash,Completed,3.6,Inspection,Delhi,Ashok Leyland Dost,Diesel,11
T01040,2025-05-28,V069,Sedan,D042,Driver_042,3.7,R014,Kochi,Pune,52.4,96,4.18,409.42,0.0,92.39,516.07,1017.88,1616.48,Card,Completed,4.7,None,Kochi,Maruti Dzire,Petrol,5
T01041,2025-12-06,V090,Sedan,D069,Driver_069,3.8,R070,Kochi,Mumbai,48.9,101,3.05,290.75,0.0,80.81,479.29,850.85,1565.95,UPI,Completed,4.2,Service,Kochi,Maruti Dzire,Petrol,11
T01042,2025-08-08,V044,SUV,D093,Driver_093,4.0,R038,Hyderabad,Chennai,28.7,43,2.31,225.36,0.0,122.45,211.81,559.62,122.3,Card,Cancelled,3.8,None,Hyderabad,Toyota Innova,Diesel,10
T01043,2025-11-14,V046,Truck,D105,Driver_105,3.4,R058,Pune,Bengaluru,99.6,281,13.67,1414.64,0.0,170.0,1468.86,3053.5,4623.68,Net Banking,Completed,4.6,Inspection,Pune,Ashok Leyland Dost,Diesel,2
T01044,2025-11-05,V041,Van,D053,Driver_053,4.4,R037,Visakhapatnam,Bengaluru,31.1,109,3.68,365.22,8094.92,82.56,446.76,8989.46,1415.25,COD,Completed,3.5,Repair,Visakhapatnam,Tata Winger,Diesel,2
T01045,2025-04-15,V009,SUV,D126,Driver_126,4.8,R017,Delhi,Visakhapatnam,54.5,132,4.48,426.15,0.0,209.03,484.25,1119.43,2164.46,Cash,Completed,4.6,Repair,Delhi,Toyota Innova,Diesel,5
T01046,2025-10-31,V029,Truck,D021,Driver_021,3.8,R066,Visakhapatnam,Delhi,110.7,305,14.24,1384.19,6577.21,402.06,1092.4,9455.86,671.81,Card,Cancelled,5.0,None,Visakhapatnam,BharatBenz 1015,Diesel,3
T01047,2025-08-24,V100,Van,D053,Driver_053,,R011,Visakhapatnam,Hyderabad,7.8,26,0.74,71.07,0.0,10.46,150.0,231.53,759.64,Cash,Completed,5.0,Service,Visakhapatnam,Maruti Eeco,Diesel,2
T01048,2025-11-30,V011,Van,D044,Driver_044,,R021,Bengaluru,Chennai,43.4,134,4.86,524.75,8594.46,97.12,760.09,9976.42,1923.97,Cash,Completed,2.9,Inspection,Bengaluru,Force Traveller,Diesel,5
T01049,2025-02-15,V064,SUV,D063,Driver_063,4.4,R024,Chennai,Mumbai,89.6,220,6.7,714.16,0.0,224.5,800.42,1739.08,488.99,Net Banking,Cancelled,5.0,Inspection,Chennai,Hyundai Creta,Diesel,11
T01050,2025-02-01,V051,Sedan,D091,Driver_091,3.3,R020,Bengaluru,Kochi,78.2,182,4.71,450.34,0.0,220.58,642.29,1313.21,1986.58,Card,Completed,4.2,Repair,Bengaluru,Hyundai Verna,Petrol,9
T01051,2025-06-05,V060,Van,D028,Driver_028,3.6,R080,Chennai,Visakhapatnam,28.5,91,3.18,326.29,0.0,58.83,394.35,779.47,1187.22,UPI,Completed,4.6,None,Chennai,Maruti Eeco,Diesel,11
T01052,2025-12-03,V008,SUV,D122,Driver_122,4.6,R057,Mumbai,Bengaluru,72.0,160,5.94,612.86,0.0,127.36,915.49,1655.71,2460.29,Net Banking,Completed,3.4,Inspection,Mumbai,Kia Seltos,Diesel,7
T01053,2025-12-04,V031,SUV,D016,Driver_016,4.4,R059,Visakhapatnam,Hyderabad,63.7,186,5.53,576.7,0.0,260.95,743.73,1581.38,2243.01,Card,Completed,4.6,None,Visakhapatnam,Toyota Innova,Diesel,4
T01054,2025-11-29,V083,SUV,D148,Driver_148,4.6,R070,Mumbai,Visakhapatnam,59.2,105,5.31,526.52,0.0,117.77,381.0,1025.29,2228.37,Cash,Completed,4.4,None,Mumbai,Hyundai Creta,Diesel,7
T01055,2025-06-01,V029,Sedan,D040,Driver_040,4.3,R028,Pune,Mumbai,34.4,110,2.26,225.44,0.0,138.75,624.65,988.84,1090.92,UPI,Completed,4.0,Service,Pune,Honda City,Petrol,8
T01056,2025-05-23,V007,Sedan,D071,Driver_071,4.0,R002,Hyderabad,Delhi,46.0,88,2.79,277.09,0.0,87.06,418.7,782.85,1148.75,Cash,Completed,4.4,None,Hyderabad,Honda City,Petrol,10
T01057,2025-10-21,V053,Sedan,D011,Driver_011,4.5,R022,Mumbai,Chennai,62.1,112,4.13,429.75,0.0,132.89,490.54,1053.18,1782.13,COD,Completed,4.6,None,Mumbai,Honda City,Petrol,12
T01058,2025-03-27,V034,Sedan,D144,Driver_144,3.3,R019,Delhi,,24.8,48,1.63,173.54,0.0,108.96,211.25,493.75,165.87,Net Banking,Cancelled,3.3,None,Delhi,Maruti Dzire,Petrol,9
T01059,2025-07-19,V065,Truck,D081,Driver_081,4.3,R075,Hyderabad,Delhi,31.2,41,5.07,537.38,0.0,86.86,182.02,806.26,1689.4,Cash,Completed,5.0,None,Hyderabad,Ashok Leyland Dost,Diesel,7
T01060,2025-09-08,V095,Van,D066,Driver_066,3.9,R055,Delhi,Bengaluru,12.9,30,1.28,138.88,0.0,49.28,169.64,357.8,712.78,UPI,Completed,3.7,None,Delhi,Maruti Eeco,Diesel,4
T01061,2025-12-03,V013,Sedan,D075,Driver_075,3.9,R017,Chennai,Kochi,50.3,134,3.64,384.35,0.0,140.98,650.2,1175.53,1465.82,UPI,Completed,3.9,None,Chennai,Maruti Dzire,Petrol,10
T01062,2025-12-01,V056,Van,D085,Driver_085,3.5,R011,Kochi,Hyderabad,12.6,41,1.16,126.43,0.0,23.93,160.47,310.83,568.93,Net Banking,Completed,3.5,None,Kochi,Tata Winger,Diesel,4
T01063,2025-01-10,V057,Sedan,D019,Driver_019,3.8,R034,Delhi,Hyderabad,31.9,73,2.29,230.31,4415.19,82.05,323.08,5050.63,832.0,Cash,Completed,4.2,Service,Delhi,Hyundai Verna,Petrol,6
T01064,2025-07-13,V073,Truck,D147,Driver_147,5.0,R036,Kochi,,38.0,99,5.84,610.02,0.0,73.97,457.6,1141.59,1859.56,COD,Completed,4.6,None,Kochi,Ashok Leyland Dost,Diesel,6
T01065,2025-04-11,V032,Van,D042,Driver_042,4.5,R079,Visakhapatnam,Hyderabad,59.9,99,6.08,607.66,1221.39,107.82,524.49,2461.36,2271.55,Cash,Completed,3.7,None,Visakhapatnam,Tata Winger,Diesel,12
T01066,2025-02-01,V006,Sedan,D100,Driver_100,4.4,R077,Bengaluru,Chennai,22.2,72,1.62,175.7,5090.78,73.91,341.05,5681.44,1005.22,COD,Completed,4.5,None,Bengaluru,Maruti Dzire,Petrol,1
T01067,2025-08-10,V073,Truck,D128,Driver_128,3.6,R077,Mumbai,Hyderabad,31.2,84,4.76,486.49,0.0,85.2,343.5,915.19,1392.71,UPI,Completed,,None,Mumbai,Tata 407,Diesel,3
T01068,2025-02-22,V037,Van,D003,Driver_003,4.5,R029,Chennai,Delhi,11.7,48,1.22,130.48,9652.86,39.05,234.61,10057.0,740.49,COD,Completed,2.6,None,Chennai,Force Traveller,Diesel,2
T01069,2025-08-21,V032,SUV,D011,Driver_011,4.3,R019,Delhi,Hyderabad,57.4,142,5.66,547.13,0.0,250.44,569.0,1366.57,2144.81,UPI,Completed,3.7,None,Delhi,Kia Seltos,Diesel,3
T01070,2025-10-22,V037,Sedan,D009,Driver_009,4.0,R001,Pune,Delhi,40.6,81,2.79,275.56,0.0,185.24,418.41,879.21,1221.94,Net Banking,Completed,4.4,Service,Pune,Maruti Dzire,Petrol,7
T01071,2025-01-09,V020,SUV,D051,Driver_051,4.2,R071,Pune,Delhi,24.3,66,2.21,221.14,0.0,105.17,357.4,683.71,331.88,Cash,Cancelled,3.9,Repair,Pune,Hyundai Creta,Diesel,2
T01072,2025-08-19,V050,Sedan,D134,Driver_134,4.9,R015,Delhi,Chennai,44.1,106,3.01,316.17,0.0,88.73,357.88,762.78,1365.5,Net Banking,Completed,4.6,Inspection,Delhi,Hyundai Verna,Petrol,4
T01073,2025-11-19,V099,Van,D089,Driver_089,3.5,R007,Bengaluru,Kochi,41.5,87,4.03,419.62,0.0,164.95,465.51,1050.08,1735.82,Card,Completed,4.0,None,Bengaluru,Tata Winger,Diesel,2
T01074,2025-11-16,V048,Sedan,D104,Driver_104,3.6,R036,Kochi,Chennai,17.7,60,1.41,154.68,0.0,42.33,326.0,523.01,890.72,Net Banking,Completed,4.8,None,Kochi,Hyundai Verna,Petrol,4
T01075,2025-08-02,V012,Sedan,D035,Driver_035,3.8,R035,Chennai,Delhi,74.9,180,5.47,542.09,0.0,221.75,923.72,1687.56,2096.78,UPI,Completed,4.0,None,Chennai,Maruti Dzire,Petrol,2
T01076,2025-08-23,V066,SUV,D142,Driver_142,3.5,R060,Bengaluru,Chennai,24.4,67,2.41,259.23,0.0,66.71,332.98,658.92,815.29,UPI,Completed,4.3,Repair,Bengaluru,Kia Seltos,Diesel,12
T01077,2025-03-18,V092,Truck,D004,Driver_004,4.6,R046,Kochi,Chennai,13.6,43,2.03,222.88,0.0,49.13,162.93,434.94,790.32,Card,Completed,3.7,Service,Kochi,BharatBenz 1015,Diesel,12
T01078,2025-06-07,V097,Sedan,D021,Driver_021,3.5,R025,Delhi,Hyderabad,9.9,34,0.71,77.78,4972.89,33.99,150.0,5234.66,700.72,Card,Completed,4.3,None,Delhi,Hyundai Verna,Petrol,10
T01079,2025-10-10,V097,Sedan,D092,Driver_092,4.1,R065,Hyderabad,Pune,15.3,24,1.04,104.34,0.0,62.16,150.0,316.5,495.55,Card,Completed,4.7,Service,Hyderabad,Maruti Dzire,Petrol,6
T01080,2025-06-24,V065,Sedan,D082,Driver_082,4.0,R002,Chennai,Hyderabad,37.4,65,2.33,255.36,0.0,170.63,281.59,707.58,1161.04,Net Banking,Completed,3.3,Service,Chennai,Honda City,Petrol,10
T01081,2025-09-29,V030,Truck,D134,Driver_134,4.3,R008,Delhi,Chennai,117.2,330,19.71,2129.23,0.0,235.2,1345.45,3709.88,5378.79,Card,Completed,4.3,Service,Delhi,Ashok Leyland Dost,Diesel,6
T01082,2025-02-24,V054,Van,D137,Driver_137,3.3,R071,Kochi,Pune,67.9,160,6.66,676.27,0.0,208.7,664.08,1549.05,2917.75,Cash,Completed,4.0,Inspection,Kochi,Maruti Eeco,Diesel,7
T01083,2025-02-22,V080,Sedan,D089,Driver_089,4.7,R003,Chennai,Kochi,59.0,211,4.47,456.64,6624.72,126.57,1090.87,8298.8,1399.21,,Completed,3.9,Service,Chennai,Honda City,Petrol,12
T01084,2025-12-17,V017,Van,D083,Driver_083,3.2,R020,Hyderabad,Mumbai,43.5,103,4.66,491.32,0.0,60.75,321.46,873.53,1902.82,Net Banking,Completed,5.0,Repair,Hyderabad,Maruti Eeco,Diesel,8
T01085,2025-08-10,V056,Sedan,D079,Driver_079,3.6,R044,Visakhapatnam,Delhi,35.0,77,2.55,276.96,0.0,97.94,352.58,727.48,1056.03,Card,Completed,4.7,Repair,Visakhapatnam,Hyundai Verna,Petrol,8
T01086,2025-05-17,V020,Sedan,D086,Driver_086,4.5,R049,Chennai,Bengaluru,20.0,68,1.32,136.02,0.0,38.06,299.55,473.63,806.92,Net Banking,Completed,3.8,Inspection,Chennai,Honda City,Petrol,9
T01087,2025-12-10,V031,Truck,D096,Driver_096,4.6,R057,Bengaluru,Hyderabad,51.7,101,8.71,830.92,0.0,112.15,434.1,1377.17,2325.76,COD,Completed,4.1,Service,Bengaluru,BharatBenz 1015,Diesel,3
T01088,2025-03-23,V044,SUV,D059,Driver_059,3.6,R001,Chennai,Visakhapatnam,46.3,137,3.74,370.46,0.0,94.86,649.01,1114.33,1601.14,COD,Completed,3.9,None,Chennai,Kia Seltos,Diesel,10
T01089,2025-04-30,V079,SUV,D132,Driver_132,5.0,R015,Bengaluru,Delhi,34.1,70,3.03,308.09,0.0,83.35,371.94,763.38,271.68,UPI,Cancelled,5.0,Repair,Bengaluru,Hyundai Creta,Diesel,3
T01090,2025-03-06,V057,SUV,D043,Driver_043,4.6,R030,Delhi,Visakhapatnam,54.9,126,4.64,443.79,4356.85,141.98,463.08,5405.7,1897.17,Net Banking,Completed,2.7,Inspection,Delhi,Toyota Innova,Diesel,6
T01091,2025-11-23,V099,SUV,D132,Driver_132,3.5,R015,Kochi,Pune,20.0,46,1.52,162.06,0.0,78.4,197.76,438.22,962.38,Net Banking,Completed,3.7,None,Kochi,Hyundai Creta,Diesel,1
T01092,2025-02-06,V013,Sedan,D029,Driver_029,4.0,R050,Mumbai,Kochi,95.6,216,7.62,776.01,0.0,283.85,1126.46,2186.32,2562.71,Card,Completed,4.1,None,Mumbai,Maruti Dzire,Petrol,4
T01093,2025-11-09,V076,Sedan,D137,Driver_137,4.2,R051,Mumbai,Pune,72.9,151,4.99,483.72,0.0,187.33,786.28,1457.33,1895.27,Net Banking,Completed,4.2,Inspection,Mumbai,Maruti Dzire,Petrol,11
T01094,2025-11-12,V050,Sedan,D063,Driver_063,4.0,R010,Mumbai,Kochi,25.3,63,1.58,155.42,8445.91,94.43,271.7,8967.46,977.11,Cash,Completed,,Inspection,Mumbai,Honda City,Petrol,5
T01095,2025-05-08,V021,Sedan,D044,Driver_044,3.9,R045,Kochi,Delhi,63.9,138,4.71,479.86,7139.46,179.87,543.67,8342.86,1713.05,Card,Completed,4.1,None,Kochi,Honda City,Petrol,2
T01096,2025-07-31,V081,Truck,D075,Driver_075,3.1,R032,Visakhapatnam,Pune,23.8,57,3.51,365.25,0.0,79.17,331.56,775.98,1383.12,Cash,Completed,3.7,Inspection,Visakhapatnam,Tata 407,Diesel,3
T01097,2025-07-29,V100,Truck,D001,Driver_001,3.3,R005,Pune,Visakhapatnam,25.3,74,3.62,366.28,8446.21,59.94,253.07,9125.5,1532.34,Card,Completed,4.5,None,Pune,BharatBenz 1015,Diesel,3
T01098,2025-07-24,V052,Sedan,D020,Driver_020,3.9,R056,Kochi,Mumbai,30.1,54,2.28,243.34,0.0,131.41,287.04,661.79,1105.75,Net Banking,Completed,3.2,Inspection,Kochi,Honda City,Petrol,8
T01099,2025-08-01,V045,Sedan,D114,Driver_114,4.0,R022,Hyderabad,Chennai,10.3,35,0.79,84.43,1527.84,39.84,162.9,1815.01,314.9,,Completed,4.2,Repair,Hyderabad,Honda City,Petrol,10
T01100,2025-03-24,V021,Truck,D075,Driver_075,4.5,R057,Delhi,Hyderabad,13.7,40,2.07,216.98,3572.92,18.3,177.9,3986.1,65.76,Card,Cancelled,2.5,None,Delhi,Ashok Leyland Dost,Diesel,10
T01101,2025-03-19,V091,Truck,D079,Driver_079,4.4,R058,Hyderabad,Pune,96.1,216,13.58,1470.59,0.0,250.21,886.82,2607.62,4297.3,Net Banking,Completed,3.1,None,Hyderabad,BharatBenz 1015,Diesel,11
T01102,2025-04-08,V017,SUV,D132,Driver_132,3.4,R010,Hyderabad,Chennai,18.8,56,1.89,183.26,0.0,54.56,281.39,519.21,35.99,Card,Cancelled,4.9,Service,Hyderabad,Kia Seltos,Diesel,2
T01103,2025-03-29,V094,Sedan,D060,Driver_060,4.2,R045,Mumbai,Kochi,26.5,81,1.86,182.09,5259.14,112.54,255.56,5809.33,718.62,Net Banking,Completed,3.9,Repair,Mumbai,Honda City,Petrol,4
T01104,2025-06-03,V092,SUV,D093,Driver_093,2.9,R053,Kochi,Hyderabad,24.1,56,,197.58,0.0,44.67,283.77,526.02,1073.11,UPI,Completed,3.9,None,Kochi,Hyundai Creta,Diesel,1
T01105,2025-02-02,V029,Sedan,D038,Driver_038,4.5,R027,Pune,Delhi,15.7,74,1.12,109.02,0.0,44.43,239.52,392.97,766.76,Card,Completed,5.0,Service,Pune,Hyundai Verna,Petrol,2
T01106,2025-02-12,V093,Sedan,D074,Driver_074,5.0,R008,Chennai,Delhi,18.5,49,1.14,110.88,0.0,64.89,250.06,425.83,510.01,Card,Completed,3.4,Service,Chennai,Hyundai Verna,Petrol,10
T01107,2025-08-13,V098,Truck,D024,Driver_024,2.7,R003,Delhi,Kochi,55.9,102,7.77,841.47,0.0,153.87,450.05,1445.39,2763.68,Cash,Completed,4.7,None,Delhi,Tata 407,Diesel,3
T01108,2025-12-20,V072,Sedan,D070,Driver_070,,R079,Kochi,Mumbai,46.9,148,3.6,383.51,5480.17,79.28,646.84,6589.8,349.38,Card,Cancelled,4.2,Inspection,Kochi,Honda City,Petrol,11
T01109,2025-09-23,V019,Sedan,D101,Driver_101,4.1,R069,Kochi,Chennai,68.1,129,5.21,522.32,0.0,259.69,398.99,1181.0,170.37,COD,Cancelled,3.4,Service,Kochi,Hyundai Verna,Petrol,7
T01110,2025-04-23,V016,Truck,D078,Driver_078,4.4,R078,Chennai,Pune,34.8,77,5.3,508.22,0.0,89.18,385.97,983.37,1830.45,UPI,Completed,4.2,Service,Chennai,Ashok Leyland Dost,Diesel,5
T01111,2025-01-19,V015,Sedan,D093,Driver_093,3.8,R044,Kochi,Hyderabad,8.2,32,0.64,63.02,1806.59,20.45,150.0,2040.06,78.85,Net Banking,Cancelled,2.6,Service,Kochi,Hyundai Verna,Petrol,6
T01112,2025-08-25,V066,SUV,D136,Driver_136,3.5,R006,Mumbai,Visakhapatnam,29.6,104,2.79,266.01,0.0,126.17,569.8,961.98,1169.07,Cash,Completed,3.2,Service,Mumbai,Hyundai Creta,Diesel,12
T01113,2025-08-30,V067,Sedan,D081,Driver_081,3.9,R066,Bengaluru,Pune,36.0,112,2.34,256.28,0.0,164.64,625.73,1046.65,1325.47,UPI,Completed,4.6,None,Bengaluru,Honda City,Petrol,10
T01114,2025-08-18,V009,Sedan,D067,Driver_067,3.7,R030,Visakhapatnam,Pune,104.0,300,6.94,723.48,6407.77,443.11,1091.59,8665.95,709.33,Net Banking,Cancelled,3.2,None,Visakhapatnam,Hyundai Verna,Petrol,1
T01115,2025-11-28,V062,Van,D080,Driver_080,3.6,R037,Delhi,Pune,33.1,88,2.98,303.73,0.0,67.49,267.96,639.18,1579.72,Card,Completed,3.4,Service,Delhi,Maruti Eeco,Diesel,10
T01116,2025-07-06,V010,Van,D148,Driver_148,4.4,R044,Kochi,Chennai,73.3,168,7.48,794.92,0.0,118.53,677.82,1591.27,2950.37,Net Banking,Completed,4.5,None,Kochi,Maruti Eeco,Diesel,3
T01117,2025-06-29,V004,Van,D049,Driver_049,3.9,R005,Delhi,Pune,10.3,29,1.06,104.37,3948.25,28.7,150.0,4231.32,67.91,UPI,Cancelled,4.0,None,Delhi,Tata Winger,Diesel,2
T01118,2025-10-06,V003,Sedan,D084,Driver_084,4.0,R078,Pune,Delhi,31.8,95,2.52,276.62,0.0,141.82,488.18,906.62,926.6,Card,Completed,5.0,Inspection,Pune,Honda City,Petrol,3
T01119,2025-04-26,V036,Sedan,D139,Driver_139,4.2,R047,Visakhapatnam,Bengaluru,23.9,60,1.52,166.85,0.0,45.51,296.86,509.22,11.29,COD,Cancelled,4.2,None,Visakhapatnam,Hyundai Verna,Petrol,4
T01120,2025-08-27,V069,SUV,D051,Driver_051,4.1,R049,Pune,Delhi,-36.7,128,2.94,281.78,1412.01,107.87,483.77,2285.43,1416.73,Cash,Completed,3.8,None,Pune,Toyota Innova,Diesel,11
T01121,2025-09-20,V063,Van,D113,Driver_113,4.3,R046,Pune,Visakhapatnam,63.5,178,6.75,666.13,0.0,125.47,767.54,1559.14,2409.92,Cash,Completed,5.0,Inspection,Pune,Force Traveller,Diesel,2
T01122,2025-06-18,V036,Truck,D103,Driver_103,4.5,R030,Visakhapatnam,Bengaluru,94.0,165,12.67,1324.13,0.0,178.38,832.77,2335.28,4102.57,Card,Completed,3.8,None,Visakhapatnam,Tata 407,Diesel,7
T01123,2025-09-01,V011,Van,D068,Driver_068,4.1,R065,Kochi,Visakhapatnam,37.3,78,3.72,380.81,0.0,102.19,411.67,894.67,1853.15,Card,Completed,4.1,Inspection,Kochi,Tata Winger,Diesel,10
T01124,2025-09-29,V082,Sedan,D001,Driver_001,4.6,R060,Pune,Chennai,33.7,91,2.08,204.83,0.0,75.51,304.09,584.43,995.18,Net Banking,Completed,4.5,Repair,Pune,Hyundai Verna,Petrol,11
T01125,2025-06-13,V024,Sedan,D035,Driver_035,3.1,R021,Bengaluru,Hyderabad,37.3,101,2.66,269.91,0.0,124.13,548.16,942.2,19.81,Cash,Cancelled,3.8,None,Bengaluru,Hyundai Verna,Petrol,4
T01126,2025-01-27,V001,Sedan,D127,Driver_127,3.5,R052,Bengaluru,Chennai,48.2,102,3.76,379.19,5888.38,196.21,434.11,6897.89,1478.83,Card,Completed,4.9,Inspection,Bengaluru,Maruti Dzire,Petrol,7
T01127,2025-09-20,V009,Sedan,D146,Driver_146,,R014,Chennai,Hyderabad,21.9,61,1.5,164.77,0.0,99.25,204.69,468.71,916.46,UPI,Completed,4.4,Inspection,Chennai,Hyundai Verna,Petrol,10
T01128,2025-01-29,V096,SUV,D052,Driver_052,4.1,R031,Hyderabad,Kochi,94.1,163,9.45,952.52,0.0,142.57,706.45,1801.54,2950.12,Cash,Completed,4.6,None,Hyderabad,Toyota Innova,Diesel,12
T01129,2025-12-22,V034,Truck,D044,Driver_044,4.5,R043,Delhi,Bengaluru,41.9,116,6.02,626.72,1909.63,67.22,634.44,3238.01,1897.58,UPI,Completed,2.7,None,Delhi,Tata 407,Diesel,2
T01130,2025-06-22,V075,Sedan,D015,Driver_015,3.8,R001,Hyderabad,Pune,8.8,28,0.64,66.06,7026.21,32.35,150.0,7274.62,730.44,Cash,Completed,3.2,Repair,Hyderabad,Honda City,Petrol,5
T01131,2025-12-28,V037,SUV,D052,Driver_052,3.9,R075,Visakhapatnam,Mumbai,33.2,46,2.57,267.35,0.0,55.61,188.18,511.14,259.36,Cash,Cancelled,2.9,None,Visakhapatnam,Toyota Innova,Diesel,10
T01132,2025-06-04,V004,Truck,D106,Driver_106,4.2,R056,Visakhapatnam,Kochi,43.7,139,6.69,666.94,0.0,139.4,640.45,1446.79,2109.64,UPI,Completed,3.1,None,Visakhapatnam,BharatBenz 1015,Diesel,6
T01133,2025-11-26,V081,Sedan,D080,Driver_080,4.7,R010,Mumbai,Bengaluru,21.1,72,1.55,164.47,0.0,78.31,419.99,662.77,100.24,COD,Cancelled,4.0,None,Mumbai,Hyundai Verna,Petrol,8
T01134,2025-05-09,V035,SUV,D037,Driver_037,3.2,R042,Chennai,Delhi,163.6,539,15.51,1703.58,0.0,506.39,1803.09,4013.06,5113.71,UPI,Completed,3.5,Inspection,Chennai,Kia Seltos,Diesel,6
T01135,2025-11-21,V061,Sedan,D070,Driver_070,4.3,R026,Pune,Kochi,91.4,248,6.21,620.63,9981.91,199.31,1293.55,12095.4,2174.67,UPI,Completed,3.5,Repair,Pune,Hyundai Verna,Petrol,4
T01136,2025-04-15,V050,Van,D065,Driver_065,4.1,R018,Delhi,Mumbai,44.8,140,4.19,430.38,0.0,117.27,736.39,1284.04,1916.46,Cash,Completed,3.4,Inspection,Delhi,Tata Winger,Diesel,2
T01137,2025-11-02,V075,SUV,D113,Driver_113,5.0,R021,Hyderabad,Kochi,44.1,114,4.04,422.78,9561.11,69.91,568.44,10622.24,411.95,UPI,Cancelled,3.7,None,Hyderabad,Hyundai Creta,Diesel,1
T01138,2025-03-26,V056,Van,D096,Driver_096,3.9,R070,Visakhapatnam,Bengaluru,21.0,59,2.35,229.8,0.0,70.8,208.06,508.66,159.24,Card,Cancelled,4.2,Service,Visakhapatnam,Maruti Eeco,Diesel,9
T01139,2025-07-23,V044,SUV,D074,Driver_074,4.4,R034,Mumbai,Bengaluru,47.5,100,4.18,409.91,1121.53,188.01,314.55,2034.0,1794.2,Card,Completed,3.5,None,Mumbai,Toyota Innova,Diesel,8
T01140,2025-11-15,V035,SUV,D106,Driver_106,4.4,R018,Visakhapatnam,Pune,34.7,67,2.74,279.53,0.0,63.0,332.71,675.24,400.18,Net Banking,Cancelled,2.8,Service,Visakhapatnam,Hyundai Creta,Diesel,11
T01141,2025-08-12,V097,Sedan,D078,Driver_078,4.6,R029,Hyderabad,Visakhapatnam,27.3,40,1.66,176.53,0.0,37.56,179.16,393.25,703.79,Net Banking,Completed,3.7,None,Hyderabad,Honda City,Petrol,7
T01142,2025-12-14,V073,SUV,D031,Driver_031,4.4,R037,Chennai,Hyderabad,60.1,117,-4.54,453.8,9897.86,219.27,477.88,11048.81,2001.1,UPI,Completed,4.7,Repair,Chennai,Toyota Innova,Diesel,9
T01143,2025-07-12,V052,Sedan,D017,Driver_017,3.9,R066,Pune,Chennai,18.7,46,1.2,127.97,3388.0,25.47,260.43,3801.87,892.17,COD,Completed,3.3,None,Pune,Maruti Dzire,Petrol,6
T01144,2025-06-27,V095,SUV,D117,Driver_117,3.2,R076,Hyderabad,Bengaluru,33.5,84,3.16,314.54,0.0,141.31,355.81,811.66,1459.52,COD,Completed,4.2,Inspection,Hyderabad,Kia Seltos,Diesel,8
T01145,2025-07-01,V098,Truck,D028,Driver_028,3.9,R002,Mumbai,Delhi,19.5,95,3.2,329.53,0.0,89.66,335.56,754.75,1148.87,COD,Completed,2.6,Repair,Mumbai,Ashok Leyland Dost,Diesel,8
T01146,2025-08-17,V059,Sedan,D009,Driver_009,4.1,R033,Delhi,Chennai,10.7,46,0.74,74.43,7502.02,33.19,167.28,7776.92,704.42,Cash,Completed,4.9,None,Delhi,Hyundai Verna,Petrol,10
T01147,2025-08-11,V035,Van,D136,Driver_136,3.7,R018,Kochi,Pune,25.0,65,,242.36,4428.35,97.16,295.02,5062.89,1416.46,Card,Completed,3.1,Repair,Kochi,Tata Winger,Diesel,6
T01148,2025-06-27,V039,SUV,D055,Driver_055,4.5,R043,Mumbai,Delhi,35.1,108,2.74,275.44,1685.02,90.42,627.53,2678.41,1159.09,COD,Completed,4.3,Repair,Mumbai,Toyota Innova,Diesel,8
T01149,2025-04-21,V029,Sedan,D082,Driver_082,4.0,R007,Mumbai,Chennai,116.5,201,8.56,816.46,1717.81,373.47,744.73,3652.47,516.03,COD,Cancelled,3.9,Inspection,Mumbai,Hyundai Verna,Petrol,7
T01150,2025-03-13,V035,Truck,D041,Driver_041,4.1,R028,Delhi,Chennai,36.2,81,5.77,552.51,7004.95,102.13,244.25,7903.84,487.12,Card,Cancelled,3.7,None,Delhi,Ashok Leyland Dost,Diesel,11
T01151,2025-11-07,V022,Sedan,D148,Driver_148,4.3,R020,Delhi,,77.0,172,5.42,593.85,0.0,247.91,797.79,1639.55,1857.73,Net Banking,Completed,3.9,None,Delhi,Honda City,Petrol,3
T01152,2025-12-06,V064,Truck,D047,Driver_047,4.1,R009,Hyderabad,Delhi,42.7,120,5.78,564.85,0.0,153.68,469.64,1188.17,1990.75,UPI,Completed,4.1,None,Hyderabad,BharatBenz 1015,Diesel,5
T01153,2025-06-25,V047,Sedan,D117,Driver_117,3.9,R045,Mumbai,Pune,114.4,313,7.98,777.68,0.0,393.25,1812.07,2983.0,2651.86,Card,Completed,3.1,Repair,Mumbai,Maruti Dzire,Petrol,1
T01154,2025-02-09,V059,Van,D049,Driver_049,3.8,R005,Visakhapatnam,Bengaluru,71.2,237,6.76,705.27,9672.93,252.15,1009.06,11639.41,513.61,UPI,Cancelled,3.0,None,Visakhapatnam,Maruti Eeco,Diesel,7
T01155,2025-08-07,V080,Truck,D123,Driver_123,4.8,R043,Delhi,Hyderabad,18.8,35,3.21,351.88,0.0,49.3,179.0,580.18,309.91,Card,Cancelled,3.7,Service,Delhi,BharatBenz 1015,Diesel,7
T01156,2025-01-25,V081,SUV,D120,Driver_120,4.3,R072,Mumbai,Visakhapatnam,55.8,125,5.41,528.19,0.0,205.18,451.63,1185.0,2057.63,Net Banking,Completed,2.7,None,Mumbai,Toyota Innova,Diesel,3
T01157,2025-01-22,V079,SUV,D083,Driver_083,3.9,R054,Bengaluru,Chennai,18.6,56,1.42,135.59,3891.68,70.47,231.34,4329.08,657.34,UPI,Completed,4.6,None,Bengaluru,Toyota Innova,Diesel,10
T01158,2025-05-25,V080,Sedan,D085,Driver_085,4.4,R046,Pune,Bengaluru,87.5,233,6.13,663.08,0.0,394.54,856.04,1913.66,2026.7,COD,Completed,4.1,Service,Pune,Honda City,Petrol,8
T01159,2025-06-11,V034,Truck,D003,Driver_003,3.9,R079,Hyderabad,Visakhapatnam,28.4,65,4.7,482.4,0.0,43.95,199.19,725.54,1602.75,Net Banking,Completed,3.4,None,Hyderabad,BharatBenz 1015,Diesel,9
T01160,2025-01-08,V049,Truck,D030,Driver_030,3.9,R016,Hyderabad,Mumbai,33.0,136,5.19,557.42,0.0,95.99,702.53,1355.94,1579.4,COD,Completed,4.6,None,Hyderabad,Tata 407,Diesel,2
T01161,2025-04-24,V039,Sedan,D070,Driver_070,5.0,R008,Bengaluru,Pune,29.4,86,2.06,223.54,0.0,111.08,388.25,722.87,854.96,Net Banking,Completed,3.8,None,Bengaluru,Hyundai Verna,Petrol,5
T01162,2025-08-12,V017,SUV,D101,Driver_101,4.3,R059,Kochi,Delhi,30.6,67,2.36,231.01,8646.6,95.53,340.27,9313.41,1109.43,COD,Completed,3.8,None,Kochi,Hyundai Creta,Diesel,6
T01163,2025-09-27,V087,Sedan,D135,Driver_135,4.4,R073,Delhi,Bengaluru,28.9,82,1.93,193.78,0.0,98.99,315.14,607.91,880.25,Net Banking,Completed,2.9,Inspection,Delhi,Hyundai Verna,Petrol,10
T01164,2025-05-04,V037,SUV,D148,Driver_148,4.0,R014,Pune,Mumbai,137.9,390,11.24,1093.6,0.0,624.06,1403.47,3121.13,4337.33,Card,Completed,3.7,None,Pune,Toyota Innova,Diesel,5
T01165,2025-03-08,V069,Sedan,D114,Driver_114,4.2,R063,Pune,Hyderabad,12.4,40,0.83,86.26,1054.9,29.42,212.74,1383.32,540.35,COD,Completed,4.5,None,Pune,Honda City,Petrol,7
T01166,2025-05-18,V065,Sedan,D147,Driver_147,3.3,R065,Delhi,Hyderabad,33.5,76,2.36,248.61,0.0,148.92,274.47,672.0,260.77,Cash,Cancelled,3.5,None,Delhi,Hyundai Verna,Petrol,12
T01167,2025-07-17,V047,Truck,D001,Driver_001,4.7,R073,Chennai,Mumbai,12.0,42,2.02,193.73,0.0,50.87,237.03,481.63,843.71,COD,Completed,3.8,None,Chennai,Ashok Leyland Dost,Diesel,10
T01168,2025-07-18,V030,Sedan,D146,Driver_146,4.2,R078,Bengaluru,Hyderabad,67.5,223,4.17,402.36,0.0,96.21,1045.61,1544.18,1721.64,Net Banking,Completed,5.0,None,Bengaluru,Hyundai Verna,Petrol,1
T01169,2025-06-14,V062,Van,D045,Driver_045,4.9,R074,Chennai,Delhi,54.8,163,6.6,634.0,0.0,102.65,891.04,1627.69,2442.8,UPI,Completed,4.0,None,Chennai,Maruti Eeco,Diesel,4
T01170,2025-12-03,V095,Truck,D008,Driver_008,4.5,R025,Chennai,Hyderabad,28.6,63,4.35,457.5,8108.57,52.22,206.66,8824.95,1353.58,Cash,Completed,4.3,Repair,Chennai,Tata 407,Diesel,6
T01171,2025-01-25,V001,Sedan,D077,Driver_077,3.6,R036,Chennai,Kochi,44.5,107,2.8,266.6,0.0,199.59,595.73,1061.92,1194.98,Cash,Completed,4.1,None,Chennai,Maruti Dzire,Petrol,2
T01172,2025-03-26,V096,Truck,D002,Driver_002,4.5,R058,Visakhapatnam,Hyderabad,49.8,127,7.59,812.46,5579.02,207.85,729.51,7328.84,2487.63,COD,Completed,4.6,None,Visakhapatnam,Tata 407,Diesel,5
T01173,2025-11-01,V003,Sedan,D117,Driver_117,,R048,Delhi,Visakhapatnam,11.8,32,0.82,81.19,0.0,34.37,150.0,265.56,180.19,UPI,Cancelled,4.4,None,Delhi,Maruti Dzire,Petrol,10
T01174,2025-07-02,V071,Van,D013,Driver_013,3.4,R079,Delhi,Hyderabad,72.2,201,,781.89,0.0,260.33,703.53,1745.75,178.98,Card,Cancelled,4.6,Inspection,Delhi,Maruti Eeco,Diesel,6
T01175,2025-02-08,V072,Truck,D059,Driver_059,5.0,R046,Pune,Mumbai,58.3,167,7.86,853.01,0.0,189.11,920.83,1962.95,2672.98,Cash,Completed,3.8,None,Pune,Tata 407,Diesel,12
T01176,2025-04-01,V096,Van,D026,Driver_026,3.8,R041,Pune,Delhi,25.4,53,2.55,260.85,0.0,85.0,163.32,509.17,1376.7,COD,Completed,3.2,Inspection,Pune,Force Traveller,Diesel,10
T01177,2025-01-03,V020,SUV,D034,Driver_034,4.2,R011,Visakhapatnam,Mumbai,103.8,156,9.33,913.38,0.0,383.11,634.09,1930.58,3661.57,UPI,Completed,2.8,None,Visakhapatnam,Toyota Innova,Diesel,10
T01178,2025-10-20,V022,Sedan,D104,Driver_104,4.0,R057,Mumbai,Pune,45.5,113,2.75,301.84,0.0,131.02,532.33,965.19,1289.72,Card,Completed,4.4,Service,Mumbai,Hyundai Verna,Petrol,3
T01179,2025-05-15,V061,Sedan,D077,Driver_077,4.4,R037,Visakhapatnam,Kochi,17.6,31,1.12,108.15,0.0,64.58,150.0,322.73,738.64,UPI,Completed,3.6,Service,Visakhapatnam,Hyundai Verna,Petrol,4
T01180,2025-11-07,V043,Sedan,D056,Driver_056,4.2,R038,Visakhapatnam,Delhi,29.1,87,2.2,217.1,0.0,88.98,444.05,750.13,928.6,UPI,Completed,4.7,Inspection,Visakhapatnam,Honda City,Petrol,7
T01181,2025-05-24,V081,SUV,D055,Driver_055,4.5,R080,Delhi,Chennai,69.5,206,5.72,616.16,0.0,197.78,623.57,1437.51,2175.36,Net Banking,Completed,2.7,Inspection,Delhi,Toyota Innova,Diesel,8
T01182,2025-02-21,V097,Truck,D100,Driver_100,4.4,R020,Pune,Visakhapatnam,81.8,143,10.85,1161.93,4419.22,357.4,737.27,6675.82,3926.77,Cash,Completed,3.9,Repair,Pune,Ashok Leyland Dost,Diesel,8
T01183,2025-08-11,V059,Sedan,D033,Driver_033,5.0,R003,Delhi,Kochi,46.7,83,3.51,343.21,0.0,216.89,431.41,991.51,1397.31,Net Banking,Completed,3.7,None,Delhi,Hyundai Verna,Petrol,3
T01184,2025-02-17,V060,Van,D053,Driver_053,3.4,R029,Delhi,Hyderabad,11.0,35,1.29,122.7,0.0,36.87,150.0,309.57,776.52,Card,Completed,3.7,None,Delhi,Force Traveller,Diesel,4
T01185,2025-02-20,V098,Sedan,D034,Driver_034,,R029,Mumbai,Bengaluru,17.7,29,1.06,111.33,6372.78,51.99,150.0,6686.1,775.01,COD,Completed,4.3,Service,Mumbai,Honda City,Petrol,7
T01186,2025-01-14,V058,Truck,D074,Driver_074,3.6,R002,Bengaluru,Pune,18.4,67,2.42,238.65,0.0,53.71,240.52,532.88,256.16,UPI,Cancelled,4.1,None,Bengaluru,BharatBenz 1015,Diesel,8
T01187,2025-09-10,V023,Sedan,D097,Driver_097,4.3,R047,Bengaluru,Delhi,46.8,161,3.66,361.0,0.0,157.31,735.98,1254.29,1534.15,Card,Completed,3.8,None,Bengaluru,Hyundai Verna,Petrol,9
T01188,2025-04-06,V081,SUV,D042,Driver_042,3.5,R028,Delhi,Visakhapatnam,24.1,59,2.02,207.99,5508.13,95.22,276.34,6087.68,1129.14,COD,Completed,4.7,None,Delhi,Hyundai Creta,Diesel,11
T01189,2025-01-22,V023,Truck,D136,Driver_136,3.7,R001,Hyderabad,Kochi,25.3,80,3.37,344.98,0.0,85.13,304.11,734.22,1327.2,UPI,Completed,4.0,None,Hyderabad,Ashok Leyland Dost,Diesel,1
T01190,2025-04-02,V066,SUV,D051,Driver_051,4.6,R006,Hyderabad,Mumbai,49.4,119,4.53,455.95,4156.55,161.45,508.78,5282.73,1868.7,Net Banking,Completed,3.9,Repair,Hyderabad,Kia Seltos,Diesel,10
T01191,2025-06-05,V072,SUV,D116,Driver_116,4.3,R005,Hyderabad,Pune,25.0,71,2.25,230.46,0.0,50.35,343.33,624.14,1296.95,Net Banking,Completed,3.4,None,Hyderabad,Kia Seltos,Diesel,12
T01192,2025-03-05,V040,Van,D104,Driver_104,4.3,R078,Visakhapatnam,Chennai,23.2,77,2.21,213.41,0.0,73.15,317.84,604.4,1059.55,Cash,Completed,4.2,None,Visakhapatnam,Maruti Eeco,Diesel,12
T01193,2025-10-11,V078,Sedan,D012,Driver_012,4.3,R007,Mumbai,Delhi,21.9,59,1.42,144.67,0.0,77.76,229.04,451.47,855.14,COD,Completed,3.7,Repair,Mumbai,Honda City,Petrol,2
T01194,2025-09-24,V054,Sedan,D005,Driver_005,4.2,R009,Kochi,Visakhapatnam,80.0,226,6.36,633.16,0.0,282.71,895.3,1811.17,1945.8,Cash,Completed,3.1,None,Kochi,Maruti Dzire,Petrol,6
T01195,2025-05-04,V094,SUV,D033,Driver_033,3.9,R039,Mumbai,Visakhapatnam,30.9,50,2.54,254.96,988.47,64.06,216.98,1524.47,1355.57,Card,Completed,4.7,Repair,Mumbai,Kia Seltos,Diesel,2
T01196,2025-11-11,V061,Van,D041,Driver_041,4.0,R049,Chennai,Visakhapatnam,37.3,122,3.93,403.13,0.0,131.92,546.26,1081.31,1590.34,Net Banking,Completed,4.2,None,Chennai,Tata Winger,Diesel,12
T01197,2025-01-04,V053,SUV,D047,Driver_047,4.1,R078,Kochi,Visakhapatnam,68.4,164,5.34,562.66,0.0,215.98,920.55,1699.19,2578.29,COD,Completed,4.0,None,Kochi,Kia Seltos,Diesel,7
T01198,2025-03-05,V053,Sedan,D006,Driver_006,4.4,R068,Delhi,Pune,49.4,106,3.12,316.49,0.0,149.81,490.35,956.65,1441.14,Card,Completed,4.4,Inspection,Delhi,Honda City,Petrol,1
T01199,2025-07-19,V097,Sedan,D044,Driver_044,4.3,R011,Visakhapatnam,Pune,53.5,180,3.21,341.19,6029.77,225.96,703.82,7300.74,1322.83,UPI,Completed,3.7,None,Visakhapatnam,Hyundai Verna,Petrol,12
T01200,2025-05-20,V031,Sedan,D116,Driver_116,4.4,R040,Mumbai,Hyderabad,117.3,333,7.42,712.33,0.0,277.96,1222.24,2212.53,2943.44,COD,Completed,4.1,None,Mumbai,Hyundai Verna,Petrol,8
T01201,2025-10-08,V100,SUV,D007,Driver_007,,R035,Chennai,Delhi,7.5,15,0.59,62.26,516.54,31.0,150.0,759.8,513.17,UPI,Completed,4.2,Inspection,Chennai,Kia Seltos,Diesel,7
T01202,2025-02-18,V024,Truck,D035,Driver_035,4.4,R019,Hyderabad,Kochi,11.6,33,1.81,186.55,0.0,31.75,157.68,375.98,760.29,COD,Completed,3.6,None,Hyderabad,BharatBenz 1015,Diesel,8
T01203,2025-07-16,V061,Sedan,D131,Driver_131,3.7,R067,Bengaluru,Delhi,37.9,87,2.85,283.47,0.0,98.48,305.9,687.85,924.65,Card,Completed,4.1,None,Bengaluru,Maruti Dzire,Petrol,7
T01204,2025-12-31,V091,Truck,D134,Driver_134,3.6,R015,Pune,Mumbai,72.1,192,11.86,1290.34,7209.37,268.89,613.37,9381.97,3259.87,Card,Completed,2.8,None,Pune,Tata 407,Diesel,7
T01205,2025-09-23,V034,Sedan,D008,Driver_008,4.4,R024,Visakhapatnam,Delhi,,154,5.13,498.35,0.0,208.53,766.92,1473.8,201.88,Card,Cancelled,3.4,Service,Visakhapatnam,Hyundai Verna,Petrol,4
T01206,2025-06-09,V085,Sedan,D119,Driver_119,4.0,R038,Kochi,Chennai,20.3,35,1.52,158.64,0.0,73.17,150.0,381.81,965.1,Net Banking,Completed,5.0,Repair,Kochi,Honda City,Petrol,2
T01207,2025-06-21,V066,Sedan,D058,Driver_058,4.0,R016,Visakhapatnam,Chennai,78.1,218,5.23,510.49,0.0,261.66,1265.15,2037.3,261.71,Cash,Cancelled,3.9,None,Visakhapatnam,Hyundai Verna,Petrol,2
T01208,2025-07-29,V014,SUV,D144,Driver_144,4.2,R030,Bengaluru,Hyderabad,35.4,99,2.99,328.48,0.0,137.19,474.77,940.44,1.29,upi,Cancelled,3.4,None,Bengaluru,Kia Seltos,Diesel,4
T01209,2025-03-23,V088,Van,D041,Driver_041,4.2,R056,Kochi,Chennai,48.5,129,5.08,504.88,5253.16,225.99,639.56,6623.59,2013.52,Net Banking,Completed,2.5,Repair,Kochi,Force Traveller,Diesel,12
T01210,2025-09-15,V013,Truck,D080,Driver_080,,R017,Chennai,Kochi,22.4,51,3.19,312.77,0.0,75.24,292.68,680.69,1321.99,COD,Completed,4.2,Repair,Chennai,BharatBenz 1015,Diesel,3
T01211,2025-02-25,V057,Sedan,D053,Driver_053,4.0,R044,Pune,Kochi,56.9,110,4.07,443.59,0.0,89.19,516.7,1049.48,169.15,COD,Cancelled,4.0,Repair,Pune,Hyundai Verna,Petrol,9
T01212,2025-08-24,V017,Van,D108,Driver_108,4.8,R063,Chennai,Mumbai,36.3,109,3.86,381.94,0.0,106.46,472.32,960.72,1402.4,UPI,Completed,3.8,None,Chennai,Tata Winger,Diesel,5
T01213,2025-12-17,V007,Sedan,D053,Driver_053,3.5,R019,Delhi,Kochi,8.3,34,0.58,58.27,0.0,26.76,171.72,256.75,474.89,Cash,Completed,3.1,Repair,Delhi,Maruti Dzire,Petrol,11
T01214,2025-05-31,V067,Van,D047,Driver_047,4.3,R020,Visakhapatnam,Bengaluru,21.0,51,2.35,237.62,0.0,90.99,266.9,595.51,298.9,Net Banking,Cancelled,3.7,Service,Visakhapatnam,Tata Winger,Diesel,3
T01215,2025-03-12,V041,Van,D150,Driver_150,4.1,R015,Bengaluru,Visakhapatnam,87.5,212,8.09,818.31,0.0,377.05,811.76,2007.12,500.29,Card,Cancelled,4.2,Inspection,Bengaluru,Force Traveller,Diesel,9
T01216,2025-11-18,V022,Sedan,D034,Driver_034,4.7,R053,Pune,Bengaluru,109.4,256,6.51,690.23,0.0,239.26,1224.88,2154.37,2771.82,Cash,Completed,3.2,Inspection,Pune,Hyundai Verna,Petrol,5
T01217,2025-06-27,V001,Truck,D072,Driver_072,3.7,R002,Hyderabad,Chennai,78.0,162,12.94,1299.81,0.0,160.86,504.21,1964.88,3772.46,Cash,Completed,5.0,Repair,Hyderabad,BharatBenz 1015,Diesel,7
T01218,2025-12-25,V091,SUV,D106,Driver_106,4.1,R068,Delhi,Visakhapatnam,44.9,104,3.84,376.69,0.0,85.54,329.48,791.71,1879.4,COD,Completed,3.7,Repair,Delhi,Toyota Innova,Diesel,2
T01219,2025-04-11,V092,Sedan,D006,Driver_006,5.0,R001,Hyderabad,Kochi,26.2,53,1.79,190.13,0.0,120.3,184.81,495.24,967.14,UPI,Completed,3.8,None,Hyderabad,Honda City,Petrol,12
T01220,2025-03-07,V097,SUV,D088,Driver_088,3.7,R016,Bengaluru,Pune,26.0,49,1.94,206.4,7144.61,101.75,236.56,7689.32,889.11,Net Banking,Completed,4.5,Inspection,Bengaluru,Kia Seltos,Diesel,2
T01221,2025-08-09,V040,Sedan,D015,Driver_015,4.2,R053,Chennai,Hyderabad,29.6,71,1.82,198.43,0.0,63.86,351.02,613.31,239.06,Card,Cancelled,3.9,Service,Chennai,Honda City,Petrol,11
T01222,2025-12-16,V067,SUV,D140,Driver_140,3.8,R048,Pune,Kochi,11.4,45,0.95,91.51,0.0,27.13,232.96,351.6,851.9,Net Banking,Completed,3.3,None,Pune,Toyota Innova,Diesel,11
T01223,2025-04-06,V089,Van,D120,Driver_120,4.9,R070,Delhi,Kochi,80.3,214,7.24,792.88,5359.28,140.68,666.52,6959.36,3324.79,Net Banking,Completed,3.4,Repair,Delhi,Force Traveller,Diesel,1
T01224,2025-11-05,V059,SUV,D059,Driver_059,4.9,R074,Mumbai,Hyderabad,41.4,108,4.18,422.86,0.0,91.4,568.95,1083.21,1512.14,UPI,Completed,4.2,None,Mumbai,Hyundai Creta,Diesel,1
T01225,2025-04-25,V078,Sedan,D119,Driver_119,4.2,R034,Delhi,Bengaluru,48.3,78,3.49,367.94,0.0,176.41,419.0,963.35,1566.78,,Completed,3.4,Inspection,Delhi,Hyundai Verna,Petrol,1
T01226,2025-05-20,V046,SUV,D063,Driver_063,4.5,R045,Chennai,Bengaluru,79.3,110,6.16,677.53,0.0,339.11,558.56,1575.2,2746.32,Card,Completed,4.9,Service,Chennai,Toyota Innova,Diesel,11
T01227,2025-06-22,V057,Truck,D086,Driver_086,3.9,R007,Chennai,Mumbai,20.6,70,2.72,264.88,3008.81,75.23,301.03,3649.95,1384.7,Net Banking,Completed,4.7,None,Chennai,Ashok Leyland Dost,Diesel,8
T01228,2025-06-22,V070,Van,D092,Driver_092,4.7,R023,Pune,Bengaluru,33.2,91,3.41,335.95,0.0,71.62,345.72,753.29,1488.24,Cash,Completed,3.6,None,Pune,Tata Winger,Diesel,8
T01229,2025-01-28,V085,Sedan,D071,Driver_071,4.2,R016,Kochi,Delhi,56.5,82,3.49,371.93,0.0,109.98,386.51,868.42,1789.15,COD,Completed,4.0,Service,Kochi,Hyundai Verna,Petrol,2
T01230,2025-02-18,V057,Truck,D136,Driver_136,4.6,R005,Kochi,Chennai,16.7,62,2.54,262.59,0.0,24.1,265.14,551.83,239.79,Card,Cancelled,3.7,None,Kochi,Tata 407,Diesel,4
T01231,2025-08-03,V018,SUV,D121,Driver_121,3.4,R009,Pune,Visakhapatnam,78.7,228,7.82,798.95,0.0,239.59,828.51,1867.05,2682.56,Cash,Completed,3.5,None,Pune,Hyundai Creta,Diesel,2
T01232,2025-01-10,V047,SUV ,D121,Driver_121,3.5,R076,Chennai,Hyderabad,16.1,39,1.28,122.12,0.0,44.83,226.57,393.52,1.37,COD,Cancelled,4.8,Service,Chennai,Kia Seltos,Diesel,6
T01233,2025-07-17,V091,Van,D121,Driver_121,3.6,R049,Delhi,Bengaluru,58.1,128,6.61,677.41,5418.99,240.5,584.26,6921.16,2132.09,UPI,Completed,4.1,Repair,Delhi,Force Traveller,Diesel,10
T01234,2025-09-11,V093,SUV,D045,Driver_045,4.6,R038,Delhi,Mumbai,62.5,108,4.98,539.93,0.0,102.91,431.41,1074.25,1989.72,UPI,Completed,4.6,None,Delhi,Kia Seltos,Diesel,6
T01235,2025-10-01,V052,Truck,D103,Driver_103,4.5,R071,Chennai,Hyderabad,37.1,106,5.15,531.42,0.0,134.27,352.79,1018.48,1962.69,Net Banking,Completed,3.6,None,Chennai,Tata 407,Diesel,12
T01236,2025-12-30,V054,Sedan,D116,Driver_116,3.0,R078,Bengaluru,Hyderabad,25.0,57,2.0,200.67,0.0,110.48,231.62,542.77,736.03,Net Banking,Completed,4.9,Service,Bengaluru,Honda City,Petrol,1
T01237,2025-10-16,V077,Sedan,D137,Driver_137,2.8,R032,Mumbai,Delhi,6.1,17,0.38,38.72,0.0,18.75,150.0,207.47,462.3,Card,Completed,3.8,Repair,Mumbai,Hyundai Verna,Petrol,8
T01238,2025-04-09,V027,Truck,D046,Driver_046,4.9,R008,Mumbai,Bengaluru,13.6,45,1.89,205.78,6321.98,58.91,181.73,6768.4,924.09,Card,Completed,3.1,Inspection,Mumbai,Tata 407,Diesel,10
T01239,2025-11-28,V055,Sedan,D040,Driver_040,4.3,R025,Bengaluru,Pune,9.8,41,0.59,62.11,0.0,28.47,223.89,314.47,305.05,Cash,Completed,4.3,None,Bengaluru,Honda City,Petrol,9
T01240,2025-08-21,V093,Sedan,D110,Driver_110,4.4,R041,Kochi,Visakhapatnam,44.1,126,3.02,292.93,0.0,81.84,657.16,1031.93,324.82,Net Banking,Cancelled,4.9,Inspection,Kochi,Hyundai Verna,Petrol,9
T01241,2025-12-15,V042,Truck,D135,Driver_135,3.7,R045,Delhi,Bengaluru,15.3,38,2.43,265.23,0.0,25.75,150.0,440.98,917.56,Net Banking,Completed,3.8,Repair,Delhi,BharatBenz 1015,Diesel,6
T01242,2025-11-06,V077,SUV,D059,Driver_059,3.7,R007,Kochi,Chennai,,104,3.56,382.21,0.0,115.06,410.1,907.37,1495.42,Card,Completed,3.8,None,Kochi,Hyundai Creta,Diesel,3
T01243,2025-12-22,V037,Truck,D131,Driver_131,4.7,R062,Chennai,Mumbai,30.3,70,3.95,422.55,2263.22,86.57,220.7,2993.04,1597.24,Net Banking,Completed,3.7,None,Chennai,Ashok Leyland Dost,Diesel,11
T01244,2025-03-26,V020,Sedan,D032,Driver_032,4.5,R033,Kochi,Delhi,30.7,88,1.89,201.83,0.0,97.18,390.04,689.05,1172.98,Card,Completed,3.5,None,Kochi,Hyundai Verna,Petrol,2
T01245,2025-07-07,V098,SUV,D128,Driver_128,4.6,R034,Visakhapatnam,Chennai,57.9,179,5.42,568.2,0.0,172.1,776.2,1516.5,2204.18,Card,Completed,5.0,None,Visakhapatnam,Toyota Innova,Diesel,2
T01246,2025-10-27,V066,Sedan,D010,Driver_010,3.5,R034,Pune,Delhi,54.3,164,3.84,399.08,7110.67,102.28,853.22,8465.25,1691.67,Card,Completed,2.7,None,Pune,Hyundai Verna,Petrol,3
T01247,2025-08-18,V011,Sedan,D086,Driver_086,4.7,R058,Mumbai,Pune,137.6,249,,987.48,0.0,471.84,1441.33,2900.65,3135.84,Net Banking,Completed,5.0,None,Mumbai,Maruti Dzire,Petrol,7
T01248,2025-01-27,V100,SUV,D108,Driver_108,5.0,R058,Mumbai,Hyderabad,31.2,93,2.89,281.05,0.0,96.48,446.47,824.0,1235.03,Net Banking,Completed,3.7,Service,Mumbai,Toyota Innova,Diesel,5
T01249,2025-03-06,V079,SUV,D098,Driver_098,4.0,R069,Hyderabad,Visakhapatnam,24.6,69,2.03,215.89,0.0,40.76,260.37,517.02,1050.33,Net Banking,Completed,3.8,Service,Hyderabad,Kia Seltos,Diesel,7
T01250,2025-02-25,V073,Truck,D083,Driver_083,4.3,R014,Chennai,Pune,26.3,52,4.42,443.47,0.0,64.89,161.86,670.22,1624.3,COD,Completed,4.1,Inspection,Chennai,BharatBenz 1015,Diesel,12
T01251,2025-01-03,V073,Van,D060,Driver_060,4.5,R014,Hyderabad,Kochi,33.4,116,3.58,368.71,0.0,141.86,434.01,944.58,1432.2,UPI,Completed,4.0,None,Hyderabad,Force Traveller,Diesel,11
T01252,2025-03-01,V045,SUV,D018,Driver_018,4.8,R054,Pune,Delhi,22.6,73,1.99,208.62,0.0,45.36,267.99,521.97,1172.64,Net Banking,Completed,4.9,None,Pune,Toyota Innova,Diesel,3
T01253,2025-07-07,V057,SUV,D108,Driver_108,4.0,R069,Hyderabad,Pune,27.1,96,2.03,207.66,3567.82,125.43,556.86,4457.77,180.47,Cash,Cancelled,2.8,None,Hyderabad,Kia Seltos,Diesel,5
T01254,2025-11-20,V081,Truck,D058,Driver_058,4.3,R044,Delhi,Bengaluru,23.9,67,3.4,358.03,0.0,60.58,331.45,750.06,107.09,COD,Cancelled,3.2,Inspection,Delhi,BharatBenz 1015,Diesel,2
T01255,2025-07-05,V022,Sedan,D017,Driver_017,3.9,R069,Kochi,Delhi,23.8,56,1.69,183.76,0.0,103.11,290.62,577.49,910.26,COD,Completed,4.0,None,Kochi,Honda City,Petrol,7
T01256,2025-02-19,V036,SUV,D014,Driver_014,4.2,R048,Mumbai,Visakhapatnam,32.5,57,2.49,241.11,0.0,125.74,280.66,647.51,1342.83,Cash,Completed,3.9,None,Mumbai,Kia Seltos,Diesel,10
T01257,2025-11-28,V068,Sedan,D096,Driver_096,4.5,R030,Visakhapatnam,Chennai,76.1,118,5.2,515.09,0.0,328.45,528.38,1371.92,1861.37,Net Banking,Completed,3.3,None,Visakhapatnam,Maruti Dzire,Petrol,3
T01258,2025-07-14,V085,Van,D006,Driver_006,4.2,R023,Chennai,Hyderabad,60.1,126,6.38,667.71,0.0,90.23,673.38,1431.32,530.38,UPI,Cancelled,3.6,None,Chennai,Force Traveller,Diesel,4
T01259,2025-01-06,V073,Truck,D089,Driver_089,5.0,R039,Pune,Chennai,67.2,182,8.84,938.39,2789.01,256.4,596.5,4580.3,3138.13,Card,Completed,3.6,None,Pune,Ashok Leyland Dost,Diesel,10
T01260,2025-10-06,V002,Truck,D079,Driver_079,4.4,R036,Pune,Kochi,88.2,211,12.21,1215.14,0.0,343.95,792.12,2351.21,3835.72,COD,Completed,5.0,Service,Pune,Ashok Leyland Dost,Diesel,6
T01261,2025-06-27,V082,Sedan,D034,Driver_034,3.8,R041,Chennai,Bengaluru,39.6,109,2.99,309.45,0.0,107.34,459.92,876.71,14.61,COD,Cancelled,3.2,None,Chennai,Hyundai Verna,Petrol,6
T01262,2025-08-12,V058,SUV ,D113,Driver_113,4.3,R054,Delhi,Pune,15.2,31,0.91,92.77,9106.42,27.61,171.87,9398.67,723.29,UPI,Completed,4.0,None,Delhi,Honda City,Petrol,12
T01263,2025-07-05,V057,Sedan,D026,Driver_026,3.7,R021,Delhi,Visakhapatnam,73.1,190,5.51,549.41,0.0,312.03,677.88,1539.32,1719.52,COD,Completed,4.6,None,Delhi,Maruti Dzire,Petrol,4
T01264,2025-05-15,V053,Van,D049,Driver_049,3.5,R002,Delhi,Kochi,52.1,139,5.35,523.96,2457.89,214.7,621.18,3817.73,2036.66,COD,Completed,,None,Delhi,Maruti Eeco,Diesel,1
T01265,2025-10-25,V079,Sedan,D071,Driver_071,4.1,R023,Pune,Visakhapatnam,74.5,150,5.21,517.42,0.0,179.0,752.01,1448.43,2102.83,Cash,Completed,5.0,None,Pune,Hyundai Verna,Petrol,4
T01266,2025-06-20,V080,Sedan,D129,Driver_129,3.2,R013,Mumbai,Delhi,27.8,76,1.71,180.77,0.0,55.74,266.77,503.28,220.77,Cash,Cancelled,3.4,None,Mumbai,Hyundai Verna,Petrol,7
T01267,2025-09-06,V031,Sedan,D148,Driver_148,4.4,R042,Chennai,Kochi,20.2,56,1.57,162.23,2329.4,78.61,235.68,2805.92,923.32,Net Banking,Completed,4.8,,Chennai,Maruti Dzire,Petrol,7
T01268,2025-06-10,V006,SUV,D116,Driver_116,4.5,R031,Kochi,Mumbai,24.6,84,1.84,177.16,0.0,106.12,361.64,644.92,1044.62,COD,Completed,4.0,None,Kochi,Hyundai Creta,Diesel,6
T01269,2025-12-01,V051,Van,D070,Driver_070,4.1,R042,Delhi,Chennai,136.4,395,16.07,1604.04,0.0,213.79,2282.96,4100.79,581.15,UPI,Cancelled,4.4,Inspection,Delhi,Tata Winger,Diesel,12
T01270,2025-12-09,V002,Sedan,D054,Driver_054,4.0,R052,Bengaluru,Chennai,54.6,134,,383.65,8535.83,243.56,506.26,9669.3,341.51,Net Banking,Cancelled,4.6,Service,Bengaluru,Hyundai Verna,Petrol,2
T01271,2025-07-05,V058,Truck,D056,Driver_056,4.1,R032,Bengaluru,Visakhapatnam,16.0,75,2.6,274.71,891.16,59.43,356.65,1581.95,1128.99,Cash,Completed,4.4,Repair,Bengaluru,Ashok Leyland Dost,Diesel,9
T01272,2025-03-24,V082,Truck,D059,Driver_059,3.8,R015,Bengaluru,Chennai,48.4,118,7.39,776.63,0.0,161.02,490.52,1428.17,2288.92,Cash,Completed,3.5,None,Bengaluru,Ashok Leyland Dost,Diesel,2
T01273,2025-12-13,V015,Sedan,D076,Driver_076,3.3,R062,Delhi,Mumbai,68.7,111,5.11,548.71,6238.57,202.18,346.0,7335.46,1734.0,Net Banking,Completed,4.6,Repair,Delhi,Maruti Dzire,Petrol,7
T01274,2025-02-07,V015,Van,D087,Driver_087,3.8,R076,Hyderabad,Bengaluru,26.1,75,2.69,280.93,6998.26,100.9,382.56,7762.65,1357.61,Net Banking,Completed,4.1,None,Hyderabad,Maruti Eeco,Diesel,6
T01275,2025-09-29,V050,Truck,D145,Driver_145,,R015,Hyderabad,Mumbai,23.0,53,3.78,370.34,0.0,47.66,303.19,721.19,1473.8,Card,Completed,3.8,None,Hyderabad,BharatBenz 1015,Diesel,7
T01276,2025-12-08,V062,Van,D056,Driver_056,3.5,R030,Pune,Chennai,36.5,102,3.77,362.35,0.0,145.83,373.0,881.18,161.32,Net Banking,Cancelled,5.0,Service,Pune,Force Traveller,Diesel,2
T01277,2025-06-26,V045,Van,D087,Driver_087,4.2,R033,Mumbai,Pune,32.6,80,3.8,378.43,0.0,98.28,338.78,815.49,1572.05,Net Banking,Completed,3.6,None,Mumbai,Maruti Eeco,Diesel,4
T01278,2025-10-27,V071,Van,D080,Driver_080,,R075,Mumbai,Delhi,49.0,122,5.07,486.68,0.0,172.96,385.73,1045.37,1905.39,COD,Completed,2.7,Service,Mumbai,Force Traveller,Diesel,5
T01279,2025-09-29,V072,Truck,D035,Driver_035,4.7,R060,Bengaluru,Visakhapatnam,22.8,18,3.66,356.1,0.0,39.03,150.0,545.13,1228.22,UPI,Completed,3.8,Service,Bengaluru,Tata 407,Diesel,11
T01280,2025-02-17,V082,Sedan,D040,Driver_040,3.6,R062,Bengaluru,Pune,11.4,37,0.8,82.99,9222.45,34.89,194.73,9535.06,662.5,Cash,Completed,4.4,Inspection,Bengaluru,Honda City,Petrol,4
T01281,2025-03-02,V026,Van,D131,Driver_131,4.6,R074,Chennai,Mumbai,13.5,51,1.33,141.16,0.0,58.13,231.75,431.04,61.46,COD,Cancelled,4.7,None,Chennai,Force Traveller,Diesel,3
T01282,2025-06-26,V088,Sedan,D120,Driver_120,3.4,R001,Visakhapatnam,Kochi,90.8,234,5.76,588.78,8625.1,237.81,1112.68,10564.37,2260.83,Net Banking,Completed,2.7,Inspection,Visakhapatnam,Honda City,Petrol,10
T01283,2025-09-29,V007,Truck,D084,Driver_084,5.0,R012,Mumbai,Kochi,11.6,32,1.91,206.44,3518.03,52.95,150.0,3927.42,904.97,UPI,Completed,4.3,Inspection,Mumbai,BharatBenz 1015,Diesel,8
T01284,2025-01-04,V020,Sedan,D086,Driver_086,3.8,R044,Hyderabad,Visakhapatnam,12.1,36,0.95,93.94,0.0,22.1,150.0,266.04,658.49,UPI,Completed,4.2,None,Hyderabad,Honda City,Petrol,1
T01285,2025-07-11,V038,Sedan,D074,Driver_074,3.7,R037,Bengaluru,Pune,30.4,41,2.43,241.84,0.0,60.49,230.03,532.36,1109.83,COD,Completed,4.1,None,Bengaluru,Honda City,Petrol,9
T01286,2025-08-09,V053,Sedan,D086,Driver_086,4.2,R033,Bengaluru,Visakhapatnam,25.3,98,2.03,213.36,0.0,37.16,539.38,789.9,256.81,Cash,Cancelled,5.0,None,Bengaluru,Honda City,Petrol,8
T01287,2025-03-15,V021,Truck,D094,Driver_094,5.0,R024,Visakhapatnam,Kochi,30.8,83,4.6,447.5,0.0,130.23,379.19,956.92,1546.62,UPI,Completed,4.6,Inspection,Visakhapatnam,BharatBenz 1015,Diesel,4
T01288,2025-01-19,V074,SUV,D074,Driver_074,4.0,R080,Chennai,Bengaluru,,38,0.91,91.57,0.0,15.52,217.17,324.26,183.85,Card,Cancelled,4.9,Inspection,Chennai,Toyota Innova,Diesel,8
T01289,2025-02-08,V003,Van,D088,Driver_088,3.7,R034,Kochi,Pune,43.8,85,4.99,524.09,0.0,188.91,292.52,1005.52,1771.69,COD,Completed,4.9,Service,Kochi,Maruti Eeco,Diesel,11
T01290,2025-05-28,V029,SUV,D137,Driver_137,3.7,R070,Kochi,Chennai,109.8,265,8.53,863.84,0.0,249.54,1131.57,2244.95,390.96,Cash,Cancelled,4.0,None,Kochi,Kia Seltos,Diesel,3
T01291,2025-05-04,V070,Sedan,D147,Driver_147,4.1,R047,Hyderabad,Chennai,26.3,46,1.69,175.62,9523.19,84.42,248.4,10031.63,931.97,Net Banking,Completed,4.1,None,Hyderabad,Hyundai Verna,Petrol,8
T01292,2025-08-22,V042,Truck,D011,Driver_011,4.7,R008,Hyderabad,Bengaluru,38.8,106,5.66,583.13,1397.08,70.71,467.54,2518.46,1760.06,Net Banking,Completed,,None,Hyderabad,BharatBenz 1015,Diesel,8
T01293,2025-11-21,V022,SUV,D054,Driver_054,4.3,R063,Bengaluru,Kochi,69.5,158,6.34,621.04,0.0,99.53,480.18,1200.75,2243.31,Net Banking,Completed,4.2,None,Bengaluru,Toyota Innova,Diesel,6
T01294,2025-04-25,V006,SUV,D121,Driver_121,5.0,R014,Kochi,Pune,10.9,24,0.88,95.4,0.0,31.19,150.0,276.59,850.68,UPI,Completed,3.9,None,Kochi,Kia Seltos,Diesel,4
T01295,2025-11-12,V051,Truck,D127,Driver_127,3.7,R012,Bengaluru,Delhi,54.6,184,7.63,776.12,7626.12,241.1,754.52,9397.86,2677.93,Net Banking,Completed,4.0,Repair,Bengaluru,BharatBenz 1015,Diesel,4
T01296,2025-11-09,V051,SUV,D012,Driver_012,4.3,R014,Delhi,Mumbai,26.3,67,2.58,253.68,6854.02,42.94,251.47,7402.11,1046.95,Card,Completed,3.6,None,Delhi,Hyundai Creta,Diesel,5
T01297,2025-02-04,V023,Sedan,D023,Driver_023,4.6,R033,Mumbai,Chennai,17.6,56,1.22,131.1,3300.68,47.35,286.64,3765.77,33.4,COD,Cancelled,4.3,None,Mumbai,Maruti Dzire,Petrol,8
T01298,2025-06-13,V078,Van,D112,Driver_112,3.8,R002,Bengaluru,Pune,82.6,170,9.89,1040.19,7240.82,251.28,535.94,9068.23,3117.94,Cash,Completed,,None,Bengaluru,Force Traveller,Diesel,3
T01299,2025-05-16,V006,SUV,D040,Driver_040,3.8,R011,Kochi,Visakhapatnam,33.7,66,2.73,288.26,0.0,129.83,275.58,693.67,373.53,UPI,Cancelled,4.6,None,Kochi,Hyundai Creta,Diesel,2
T01300,2025-09-13,V062,Sedan,D137,Driver_137,4.2,R018,Chennai,Visakhapatnam,-19.7,48,1.6,156.95,0.0,83.87,260.96,501.78,898.56,Cash,Completed,4.5,Inspection,Chennai,Hyundai Verna,Petrol,11
T01301,2025-02-10,V063,Truck,D127,Driver_127,4.7,R022,Visakhapatnam,Delhi,42.9,102,5.74,554.62,0.0,138.87,550.52,1244.01,2152.38,UPI,Completed,4.1,Repair,Visakhapatnam,Tata 407,Diesel,6
T01302,2025-02-25,V043,Van,D036,Driver_036,3.5,R005,Chennai,Kochi,51.5,180,5.69,624.68,0.0,228.03,974.8,1827.51,1985.77,COD,Completed,4.0,Inspection,Chennai,Tata Winger,Diesel,6
T01303,2025-07-30,V018,Truck,D127,Driver_127,4.5,R049,Visakhapatnam,Mumbai,37.5,50,5.0,548.24,0.0,62.51,287.47,898.22,2027.97,UPI,Completed,4.5,None,Visakhapatnam,BharatBenz 1015,Diesel,1
T01304,2025-04-09,V049,Sedan,D149,Driver_149,5.0,R022,Visakhapatnam,Kochi,31.5,68,2.39,243.03,6797.61,125.95,235.42,7402.01,868.28,COD,Completed,3.9,None,Visakhapatnam,Maruti Dzire,Petrol,11
T01305,2025-07-03,V083,Sedan,D050,Driver_050,3.9,R067,Mumbai,Visakhapatnam,21.0,61,1.34,133.9,0.0,66.04,281.29,481.23,35.83,Cash,Cancelled,4.0,Inspection,Mumbai,Hyundai Verna,Petrol,12
T01306,2025-08-05,V004,Sedan,D030,Driver_030,3.8,R017,Mumbai,Pune,37.1,124,3.01,330.43,0.0,98.36,561.33,990.12,1300.07,Net Banking,Completed,3.1,Service,Mumbai,Honda City,Petrol,9
T01307,2025-05-28,V033,SUV,D005,Driver_005,4.9,R019,Kochi,Delhi,23.1,42,1.73,170.62,0.0,97.76,150.0,418.38,1120.04,Cash,Completed,3.6,Inspection,Kochi,Toyota Innova,Diesel,7
T01308,2025-07-21,V098,SUV,D110,Driver_110,3.8,R013,Mumbai,Visakhapatnam,49.0,97,4.62,447.23,0.0,153.73,493.25,1094.21,1992.58,Card,Completed,4.5,Service,Mumbai,Kia Seltos,Diesel,9
T01309,2025-04-13,V058,Sedan,D093,Driver_093,4.6,R006,Kochi,Bengaluru,10.0,20,0.6,62.42,0.0,32.42,150.0,244.84,633.67,Cash,Completed,4.3,Service,Kochi,Maruti Dzire,Petrol,8
T01310,2025-11-04,V040,SUV,D057,Driver_057,4.7,R053,Kochi,Pune,8.8,27,0.74,80.09,0.0,15.24,150.0,245.33,2.45,Cash,Cancelled,3.9,Repair,Kochi,Hyundai Creta,Diesel,10
T01311,2025-02-17,V072,Truck,D004,Driver_004,4.1,R002,Hyderabad,Visakhapatnam,25.3,49,3.54,383.78,1794.65,82.02,206.05,2466.5,1288.19,UPI,Completed,4.2,Service,Hyderabad,Ashok Leyland Dost,Diesel,9
T01312,2025-01-01,V089,Sedan,D005,Driver_005,4.3,R005,Mumbai,Pune,17.5,40,1.13,108.66,2819.05,48.79,150.0,3126.5,493.86,Cash,Completed,4.7,None,Mumbai,Hyundai Verna,Petrol,7
T01313,2025-10-17,V054,Sedan,D108,Driver_108,3.4,R024,Hyderabad,Chennai,65.7,141,4.66,472.16,0.0,209.07,765.85,1447.08,1707.7,Cash,Completed,4.2,None,Hyderabad,Hyundai Verna,Petrol,1
T01314,2025-03-31,V087,Sedan,D037,Driver_037,4.4,R031,Visakhapatnam,Hyderabad,44.4,119,3.59,387.89,0.0,126.76,531.29,1045.94,39.08,UPI,Cancelled,3.5,Repair,Visakhapatnam,Maruti Dzire,Petrol,12
T01315,2025-07-20,V022,Sedan,D031,Driver_031,4.1,R007,Delhi,,106.4,340,6.34,654.3,0.0,324.05,1623.34,2601.69,512.65,UPI,Cancelled,4.0,Inspection,Delhi,Maruti Dzire,Petrol,3
T01316,2025-05-11,V017,SUV,D137,Driver_137,4.5,R005,Mumbai,Chennai,35.0,67,3.12,338.68,0.0,66.79,346.62,752.09,1454.02,Net Banking,Completed,3.8,None,Mumbai,Kia Seltos,Diesel,12
T01317,2025-03-09,V100,Sedan,D054,Driver_054,,R015,Kochi,Hyderabad,77.4,242,6.14,599.21,0.0,320.14,1028.11,1947.46,311.09,UPI,Cancelled,3.8,None,Kochi,Honda City,Petrol,3
T01318,2025-07-04,V092,Sedan,D085,Driver_085,4.1,R044,Hyderabad,Bengaluru,67.9,147,,416.95,0.0,99.31,704.84,1221.1,1969.66,,Completed,4.1,Service,Hyderabad,Maruti Dzire,Petrol,9
T01319,2025-08-23,V027,Sedan,D039,Driver_039,4.0,R060,Mumbai,Pune,34.4,101,,249.91,0.0,114.66,322.45,687.02,1003.99,COD,Completed,4.5,None,Mumbai,Maruti Dzire,Petrol,7
T01320,2025-12-23,V049,Truck,D004,Driver_004,3.2,R043,Chennai,Visakhapatnam,43.2,100,7.52,779.27,9687.39,150.12,476.14,11092.92,2213.21,COD,Completed,,None,Chennai,Ashok Leyland Dost,Diesel,8
T01321,2025-01-29,V092,Sedan,D098,Driver_098,4.5,R003,Delhi,Visakhapatnam,72.1,200,4.67,509.46,4494.35,241.96,999.39,6245.16,532.61,COD,Cancelled,2.4,Service,Delhi,Hyundai Verna,Petrol,6
T01322,2025-04-11,V078,Sedan,D027,Driver_027,3.8,R063,Mumbai,Delhi,31.5,80,1.91,204.58,0.0,61.65,392.78,659.01,812.84,,Completed,3.0,None,Mumbai,Maruti Dzire,Petrol,9
T01323,2025-11-12,V055,SUV,D051,Driver_051,3.9,R007,Visakhapatnam,Delhi,41.6,100,3.22,337.33,0.0,125.56,441.42,904.31,1460.48,UPI,Completed,4.1,Repair,Visakhapatnam,Kia Seltos,Diesel,3
T01324,2025-11-15,V097,Truck,D065,Driver_065,4.3,R036,Delhi,Visakhapatnam,26.1,91,4.11,447.34,0.0,118.53,361.36,927.23,1423.76,UPI,Completed,4.1,Service,Delhi,BharatBenz 1015,Diesel,8
T01325,2025-10-19,V078,Sedan,D142,Driver_142,4.5,R036,Pune,Kochi,69.3,221,5.23,512.05,9774.64,291.34,986.1,11564.13,1941.12,UPI,Completed,3.9,None,Pune,Hyundai Verna,Petrol,3
T01326,2025-01-07,V014,Sedan,D088,Driver_088,3.9,R005,Hyderabad,Chennai,66.4,170,5.34,550.38,8967.31,176.95,867.61,10562.25,1593.05,Card,Completed,4.2,Repair,Hyderabad,Hyundai Verna,Petrol,7
T01327,2025-01-28,V048,Van,D013,Driver_013,3.8,R062,Delhi,Bengaluru,13.8,40,1.38,131.56,0.0,51.16,150.0,332.72,675.05,UPI,Completed,3.8,None,Delhi,Tata Winger,Diesel,11
T01328,2025-12-29,V029,SUV,D050,Driver_050,3.7,R035,Visakhapatnam,Bengaluru,41.6,131,3.42,340.5,0.0,70.44,508.3,919.24,1538.49,COD,Completed,3.8,None,Visakhapatnam,Toyota Innova,Diesel,5
T01329,2025-01-26,V087,Sedan,D120,Driver_120,4.2,R056,Delhi,Chennai,35.2,123,2.59,253.75,0.0,153.69,443.12,850.56,1179.83,Card,Completed,4.0,,Delhi,Maruti Dzire,Petrol,2
T01330,2025-12-01,V041,Sedan,D005,Driver_005,4.6,R070,Visakhapatnam,Delhi,35.4,105,2.59,281.53,8334.73,99.68,514.08,9230.02,1180.65,Net Banking,Completed,3.2,None,Visakhapatnam,Maruti Dzire,Petrol,4
T01331,2025-05-18,V045,Van,D005,Driver_005,3.0,R074,Kochi,Hyderabad,70.7,179,8.08,800.99,8850.71,329.7,774.87,10756.27,2875.65,UPI,Completed,4.4,Service,Kochi,Maruti Eeco,Diesel,12
T01332,2025-12-17,V094,Van,D097,Driver_097,4.0,R025,Pune,Kochi,64.3,190,7.28,789.52,991.51,191.2,958.97,2931.2,2654.58,Card,Completed,4.8,Repair,Pune,Force Traveller,Diesel,3
T01333,2025-05-04,V014,Sedan,D093,Driver_093,3.9,R042,Bengaluru,Kochi,95.8,213,5.82,589.9,0.0,182.66,1238.44,2011.0,458.11,Net Banking,Cancelled,5.0,None,Bengaluru,Maruti Dzire,Petrol,10
T01334,2025-10-29,V025,Van,D049,Driver_049,3.9,R002,Kochi,Pune,92.2,185,9.27,882.43,0.0,202.23,1039.69,2124.35,223.7,UPI,Cancelled,4.3,Inspection,Kochi,Maruti Eeco,Diesel,11
T01335,2025-02-18,V098,SUV,D023,Driver_023,3.8,R058,Hyderabad,Pune,51.0,104,5.18,497.38,0.0,74.24,478.33,1049.95,1650.3,Card,Completed,3.8,None,Hyderabad,Toyota Innova,Diesel,11
T01336,2025-04-22,V058,Truck,D143,Driver_143,4.2,R067,Bengaluru,Pune,24.0,77,4.09,406.23,0.0,99.25,364.23,869.71,1503.66,Card,Completed,3.7,None,Bengaluru,Tata 407,Diesel,7
T01337,2025-10-06,V100,Truck,D079,Driver_079,3.7,R019,Visakhapatnam,Mumbai,120.8,257,15.49,1543.3,0.0,317.52,1184.9,3045.72,5245.94,UPI,Completed,3.7,Service,Visakhapatnam,Ashok Leyland Dost,Diesel,2
T01338,2025-04-20,V019,SUV,D095,Driver_095,4.7,R054,Delhi,Kochi,15.5,50,1.57,161.0,3677.28,42.23,286.82,4167.33,614.0,UPI,Completed,2.8,None,Delhi,Toyota Innova,Diesel,5
T01339,2025-09-15,V052,Sedan,D050,Driver_050,,R027,Delhi,Visakhapatnam,69.1,216,4.99,481.26,0.0,145.28,1240.71,1867.25,1641.03,UPI,Completed,4.4,Inspection,Delhi,Hyundai Verna,Petrol,1
T01340,2025-06-28,V022,Sedan,D052,Driver_052,4.9,R051,Chennai,Hyderabad,,36,2.1,221.85,0.0,77.63,191.37,490.85,789.92,Cash,Completed,3.9,None,Chennai,Hyundai Verna,Petrol,6
T01341,2025-08-21,V097,Sedan,D130,Driver_130,4.2,R003,Pune,Kochi,20.3,69,1.3,126.6,0.0,77.77,316.68,521.05,889.26,Card,Completed,3.6,None,Pune,Maruti Dzire,Petrol,9
T01342,2025-12-19,V089,Sedan,D123,Driver_123,3.9,R019,Hyderabad,Mumbai,76.5,112,6.0,636.37,0.0,231.22,453.11,1320.7,2078.12,UPI,Completed,4.8,None,Hyderabad,Hyundai Verna,Petrol,10
T01343,2025-04-10,V039,Sedan,D142,Driver_142,4.0,R009,Chennai,Hyderabad,83.2,261,5.49,543.56,0.0,222.43,813.43,1579.42,2331.08,Cash,Completed,4.2,Repair,Chennai,Hyundai Verna,Petrol,7
T01344,2025-12-28,V015,Van,D058,Driver_058,3.8,R015,Kochi,Bengaluru,30.4,69,3.13,334.84,0.0,68.36,217.51,620.71,284.31,Cash,Cancelled,3.8,None,Kochi,Force Traveller,Diesel,4
T01345,2025-07-11,V047,SUV,D020,Driver_020,4.0,R062,Visakhapatnam,Bengaluru,14.0,48,1.15,116.56,0.0,56.81,265.5,438.87,737.91,Card,Completed,3.6,None,Visakhapatnam,Hyundai Creta,Diesel,5
T01346,2025-12-02,V076,Truck,D093,Driver_093,4.2,R067,Delhi,Kochi,49.2,108,7.3,737.07,0.0,153.87,368.98,1259.92,2488.42,Net Banking,Completed,4.2,None,Delhi,Ashok Leyland Dost,Diesel,5
T01347,2025-08-13,V001,Sedan,D124,Driver_124,4.1,R033,Delhi,Pune,23.3,52,1.58,153.33,0.0,87.96,284.7,525.99,632.94,Cash,Completed,3.0,None,Delhi,Maruti Dzire,Petrol,10
T01348,2025-06-11,V043,Sedan,D021,Driver_021,4.2,R074,Chennai,Bengaluru,17.1,24,1.35,128.26,0.0,46.83,150.0,325.09,889.34,Net Banking,Completed,3.9,None,Chennai,Hyundai Verna,Petrol,4
T01349,2025-08-28,V014,Sedan,D069,Driver_069,4.5,R044,Mumbai,Kochi,31.8,97,2.29,223.1,3440.92,131.72,336.49,4132.23,96.88,COD,Cancelled,3.8,Repair,Mumbai,Hyundai Verna,Petrol,9
T01350,2025-08-08,V048,Sedan,D067,Driver_067,4.8,R024,Pune,Visakhapatnam,14.7,32,0.89,88.01,0.0,58.88,150.0,296.89,564.44,Cash,Completed,4.8,Repair,Pune,Hyundai Verna,Petrol,9
T01351,2025-06-01,V081,Van,D127,Driver_127,4.1,R035,Delhi,Mumbai,97.3,198,10.13,1062.76,8699.05,198.63,601.9,10562.34,3576.37,Card,Completed,3.7,None,Delhi,Tata Winger,Diesel,6
T01352,2025-02-14,V091,Sedan,D062,Driver_062,4.7,R076,Pune,Chennai,11.0,39,0.82,87.99,3168.6,18.69,174.68,3449.96,735.33,COD,Completed,4.9,None,Pune,Honda City,Petrol,8
T01353,2025-10-27,V096,SUV,D028,Driver_028,3.9,R014,Pune,Chennai,85.3,207,6.41,700.2,0.0,325.22,1106.37,2131.79,2730.24,Cash,Completed,3.4,None,Pune,Kia Seltos,Diesel,7
T01354,2025-11-30,V087,SUV,D149,Driver_149,4.2,R068,Mumbai,Pune,21.2,63,1.58,160.69,0.0,69.54,267.0,497.23,920.28,UPI,Completed,3.8,Inspection,Mumbai,Kia Seltos,Diesel,3
T01355,2025-10-26,V079,Van,D131,Driver_131,3.4,R067,Visakhapatnam,Pune,83.0,217,7.67,785.32,0.0,242.57,862.39,1890.28,3143.69,Cash,Completed,3.5,Service,Visakhapatnam,Maruti Eeco,Diesel,7
T01356,2025-09-29,V037,SUV,D075,Driver_075,4.5,R054,Bengaluru,Mumbai,59.6,194,4.95,507.29,0.0,173.63,714.79,1395.71,2170.17,UPI,Completed,4.0,None,Bengaluru,Toyota Innova,Diesel,7
T01357,2025-05-23,V070,Truck,D134,Driver_134,4.3,R022,Bengaluru,Pune,71.2,122,9.79,957.44,0.0,255.72,381.16,1594.32,3181.72,Card,Completed,4.5,Service,Bengaluru,Ashok Leyland Dost,Diesel,8
T01358,2025-05-29,V068,Sedan,D115,Driver_115,3.5,R075,Pune,Visakhapatnam,19.9,41,1.31,135.76,0.0,68.08,175.54,379.38,570.91,UPI,Completed,3.3,Service,Pune,Hyundai Verna,Petrol,11
T01359,2025-06-05,V052,Sedan,D001,Driver_001,4.9,R029,Visakhapatnam,Bengaluru,65.7,202,4.57,436.18,0.0,258.88,1110.88,1805.94,147.99,Net Banking,Cancelled,4.4,None,Visakhapatnam,Hyundai Verna,Petrol,11
T01360,2025-03-20,V085,SUV,D101,Driver_101,5.0,R009,Visakhapatnam,Chennai,86.3,280,6.9,757.63,0.0,340.57,1492.99,2591.19,2889.0,Cash,Completed,3.9,None,Visakhapatnam,Hyundai Creta,Diesel,5
T01361,2025-02-18,V007,SUV,D118,Driver_118,4.2,R023,Mumbai,Kochi,88.9,155,8.88,934.2,3993.15,316.91,541.41,5785.67,3048.16,Cash,Completed,4.1,Service,Mumbai,Kia Seltos,Diesel,7
T01362,2025-02-19,V022,Sedan,D067,Driver_067,4.2,R013,Mumbai,Bengaluru,17.6,53,1.07,106.98,4240.36,54.18,187.65,4589.17,814.66,Cash,Completed,3.9,Repair,Mumbai,Hyundai Verna,Petrol,7
T01363,2025-02-02,V051,SUV,D081,Driver_081,4.5,R006,Kochi,Hyderabad,38.6,99,2.94,305.7,0.0,112.94,342.79,761.43,1571.64,Cash,Completed,4.4,Service,Kochi,Toyota Innova,Diesel,12
T01364,2025-10-20,V005,Sedan,D105,Driver_105,4.5,R040,Kochi,Hyderabad,39.0,71,2.92,278.05,0.0,83.74,262.59,624.38,1230.13,UPI,Completed,3.9,Service,Kochi,Honda City,Petrol,9
T01365,2025-12-31,V045,Sedan,D048,Driver_048,3.7,R071,Chennai,Mumbai,83.6,270,5.68,601.48,9933.35,273.68,946.75,11755.26,2063.01,Cash,Completed,3.8,Repair,Chennai,Maruti Dzire,Petrol,6
T01366,2025-02-14,V095,Truck,D086,Driver_086,4.9,R006,Visakhapatnam,Kochi,52.5,139,8.27,896.5,0.0,243.62,795.87,1935.99,2403.09,COD,Completed,3.3,None,Visakhapatnam,Ashok Leyland Dost,Diesel,5
T01367,2025-04-04,V064,Sedan,D117,Driver_117,3.6,R048,Mumbai,Delhi,20.4,31,1.4,145.39,0.0,38.94,150.0,334.33,894.28,Card,Completed,4.5,None,Mumbai,Maruti Dzire,Petrol,4
T01368,2025-02-17,V083,Sedan,D019,Driver_019,4.6,R031,Visakhapatnam,Chennai,39.3,93,2.34,232.84,3117.46,142.7,325.7,3818.7,1328.64,Net Banking,Completed,5.0,None,Visakhapatnam,Hyundai Verna,Petrol,10
T01369,2025-09-27,V099,Van,D105,Driver_105,3.9,R065,Delhi,Chennai,59.3,155,5.92,638.62,9135.89,256.45,583.98,10614.94,648.09,Cash,Cancelled,4.6,Service,Delhi,Force Traveller,Diesel,2
T01370,2025-06-04,V040,Truck,D132,Driver_132,3.2,R040,Chennai,Bengaluru,43.8,117,7.1,759.83,4337.49,67.23,601.99,5766.54,2218.61,Card,Completed,3.8,Service,Chennai,BharatBenz 1015,Diesel,9
T01371,2025-07-04,V037,Sedan,D100,Driver_100,4.1,R029,Visakhapatnam,Delhi,91.8,145,6.45,703.38,0.0,268.18,458.18,1429.74,2534.3,Net Banking,Completed,4.0,None,Visakhapatnam,Honda City,Petrol,10
T01372,2025-11-20,V038,Van,D033,Driver_033,3.9,R065,Visakhapatnam,Pune,13.2,41,1.24,133.31,0.0,53.82,175.59,362.72,968.24,Card,Completed,4.2,None,Visakhapatnam,Force Traveller,Diesel,8
T01373,2025-02-14,V010,Sedan,D008,Driver_008,4.2,R030,Kochi,Pune,20.0,57,1.61,170.75,0.0,86.6,327.54,584.89,957.09,Cash,Completed,4.4,None,Kochi,Hyundai Verna,Petrol,10
T01374,2025-01-14,V008,Sedan,D123,Driver_123,4.0,R003,Hyderabad,Chennai,34.6,65,2.16,221.67,0.0,92.73,351.89,666.29,1274.0,Cash,Completed,4.8,None,Hyderabad,Maruti Dzire,Petrol,9
T01375,2025-07-20,V038,SUV,D142,Driver_142,4.0,R056,Kochi,Chennai,29.0,99,2.71,293.32,0.0,60.95,504.35,858.62,1160.58,Card,Completed,4.0,Service,Kochi,Hyundai Creta,Diesel,5
T01376,2025-03-29,V003,Sedan,D066,Driver_066,4.1,R030,Chennai,Visakhapatnam,54.5,138,3.34,359.66,0.0,123.15,723.81,1206.62,1514.98,COD,Completed,4.0,None,Chennai,Hyundai Verna,Petrol,12
T01377,2025-12-08,V093,SUV,D084,Driver_084,5.0,R010,Hyderabad,Kochi,16.7,37,1.59,169.27,0.0,54.09,150.0,373.36,169.66,Net Banking,Cancelled,3.3,None,Hyderabad,Kia Seltos,Diesel,11
T01378,2025-05-20,V050,Truck,D119,Driver_119,3.9,R006,Pune,Mumbai,11.0,23,1.55,159.09,9040.54,27.57,150.0,9377.2,1.99,Net Banking,Cancelled,4.5,Service,Pune,Ashok Leyland Dost,Diesel,3
T01379,2025-02-02,V038,Van,D087,Driver_087,,R019,Mumbai,Kochi,14.3,63,1.41,144.48,0.0,66.03,283.07,493.58,699.23,COD,Completed,3.7,None,Mumbai,Maruti Eeco,Diesel,3
T01380,2025-12-30,V092,Sedan,D038,Driver_038,3.7,R074,Visakhapatnam,Bengaluru,16.8,21,1.02,107.78,0.0,56.76,150.0,314.54,821.45,Net Banking,Completed,4.9,Service,Visakhapatnam,Hyundai Verna,Petrol,4
T01381,2025-07-08,V044,Sedan,D120,Driver_120,5.0,R004,Bengaluru,Pune,9.9,57,0.6,61.11,0.0,40.47,225.33,326.91,308.46,Net Banking,Completed,4.0,None,Bengaluru,Hyundai Verna,Petrol,5
T01382,2025-06-28,V004,SUV,D097,Driver_097,5.0,R063,Mumbai,Visakhapatnam,32.5,70,3.0,326.89,0.0,115.41,327.99,770.29,267.21,Card,Cancelled,3.9,Repair,Mumbai,Kia Seltos,Diesel,2
T01383,2025-04-02,V036,SUV,D150,Driver_150,4.1,R021,Hyderabad,Pune,10.6,33,0.9,98.38,0.0,19.5,150.0,267.88,830.74,Cash,Completed,3.5,Inspection,Hyderabad,Hyundai Creta,Diesel,3
T01384,2025-12-20,V020,Sedan,D128,Driver_128,4.8,R003,Mumbai,Chennai,,142,5.14,498.18,2276.45,261.79,697.32,3733.74,2164.03,Net Banking,Completed,4.1,None,Mumbai,Honda City,Petrol,11
T01385,2025-12-15,V033,SUV,D145,Driver_145,3.0,R012,Kochi,Hyderabad,39.6,66,2.98,314.71,0.0,144.33,353.38,812.42,1564.54,Cash,Completed,4.5,Repair,Kochi,Toyota Innova,Diesel,8
T01386,2025-11-16,V089,Truck,D035,Driver_035,3.3,R063,Chennai,Pune,110.9,240,19.07,1938.13,0.0,301.73,777.17,3017.03,4739.57,Cash,Completed,3.5,Inspection,Chennai,Tata 407,Diesel,12
T01387,2025-05-03,V038,Sedan,D002,Driver_002,2.7,R057,Mumbai,Chennai,55.0,89,4.11,444.59,0.0,112.2,468.38,1025.17,1513.21,Net Banking,Completed,4.3,None,Mumbai,Maruti Dzire,Petrol,8
T01388,2025-08-02,V049,Sedan,D111,Driver_111,4.3,R040,Delhi,Kochi,113.1,156,8.24,785.42,0.0,241.62,617.05,1644.09,2579.06,Cash,Completed,4.0,None,Delhi,Honda City,Petrol,3
T01389,2025-10-13,V053,SUV,D046,Driver_046,3.3,R058,Mumbai,Chennai,88.3,166,6.91,717.03,0.0,362.69,762.89,1842.61,2786.32,Cash,Completed,3.5,Inspection,Mumbai,Hyundai Creta,Diesel,12
T01390,2025-03-15,V056,Truck,D147,Driver_147,4.3,R080,Mumbai,Kochi,33.2,77,4.61,440.92,0.0,55.45,426.93,923.3,1811.23,UPI,Completed,2.6,None,Mumbai,Tata 407,Diesel,4
T01391,2025-04-04,V046,SUV,D024,Driver_024,4.3,R050,Pune,Hyderabad,57.7,168,4.29,470.83,0.0,100.27,682.99,1254.09,1863.22,Card,Completed,4.5,Service,Pune,Toyota Innova,Diesel,12
T01392,2025-11-19,V086,Sedan,D108,Driver_108,5.0,R054,Kochi,Pune,36.3,76,2.44,262.53,0.0,139.04,244.22,645.79,880.08,Cash,Completed,3.8,Inspection,Kochi,Maruti Dzire,Petrol,7
T01393,2025-07-04,V071,Sedan,D015,Driver_015,3.9,R032,Delhi,Visakhapatnam,16.8,47,1.13,121.24,1361.79,36.09,199.56,1718.68,678.63,Net Banking,Completed,4.1,Service,Delhi,Maruti Dzire,Petrol,2
T01394,2025-07-06,V031,SUV,D132,Driver_132,3.5,R019,Chennai,Visakhapatnam,77.5,245,7.31,762.6,0.0,159.94,1423.03,2345.57,2785.28,Cash,Completed,4.4,None,Chennai,Kia Seltos,Diesel,11
T01395,2025-07-18,V022,Sedan,D127,Driver_127,3.5,R068,Kochi,Hyderabad,93.0,194,5.81,581.6,0.0,210.56,887.06,1679.22,2236.87,COD,Completed,4.1,Inspection,Kochi,Hyundai Verna,Petrol,10
T01396,2025-12-16,V025,SUV,D085,Driver_085,3.9,R071,Delhi,Hyderabad,19.5,52,1.48,161.51,0.0,41.44,209.78,412.73,1038.11,Cash,Completed,2.4,None,Delhi,Toyota Innova,Diesel,9
T01397,2025-12-11,V054,SUV,D035,Driver_035,3.7,R047,Pune,Bengaluru,102.9,263,8.44,895.12,0.0,302.74,927.75,2125.61,225.02,Card,Cancelled,4.8,Service,Pune,Hyundai Creta,Diesel,9
T01398,2025-06-01,V051,Van,D097,Driver_097,3.9,R011,Chennai,Bengaluru,19.9,74,2.39,247.62,0.0,27.06,378.4,653.08,1114.43,COD,Completed,3.8,Service,Chennai,Force Traveller,Diesel,10
T01399,2025-08-18,V032,Sedan,D027,Driver_027,4.1,R020,Hyderabad,Visakhapatnam,71.6,233,4.53,497.7,3455.4,180.34,906.76,5040.2,1728.07,COD,Completed,4.6,Service,Hyderabad,Hyundai Verna,Petrol,8
T01400,2025-05-12,V001,SUV,D118,Driver_118,4.3,R044,Chennai,Mumbai,114.6,214,8.93,881.74,0.0,175.58,749.49,1806.81,3750.46,Net Banking,Completed,4.8,None,Chennai,Toyota Innova,Diesel,1
T01401,2025-02-03,V036,Sedan,D111,Driver_111,3.4,R029,Chennai,Kochi,33.8,55,2.19,229.4,0.0,87.81,191.97,509.18,1203.41,Net Banking,Completed,4.4,None,Chennai,Hyundai Verna,Petrol,5
T01402,2025-08-11,V082,SUV,D048,Driver_048,4.0,R015,Visakhapatnam,Hyderabad,59.7,88,5.51,577.76,0.0,193.02,451.86,1222.64,2249.37,Card,Completed,3.7,Repair,Visakhapatnam,Toyota Innova,Diesel,6
T01403,2025-12-31,V003,Truck,D073,Driver_073,3.2,R005,Bengaluru,Delhi,37.0,75,6.14,607.29,7027.99,159.43,436.67,8231.38,2025.33,UPI,Completed,4.0,Service,Bengaluru,Tata 407,Diesel,4
T01404,2025-01-13,V024,Sedan,D092,Driver_092,5.0,R010,Bengaluru,Mumbai,40.4,89,2.64,279.46,0.0,67.61,345.5,692.57,1002.55,COD,Completed,3.6,None,Bengaluru,Maruti Dzire,Petrol,12
T01405,2025-12-11,V098,Sedan,D103,Driver_103,4.0,R067,Delhi,Visakhapatnam,63.4,137,4.13,406.95,8142.1,159.68,585.1,9293.83,1844.85,Net Banking,Completed,3.0,Inspection,Delhi,Hyundai Verna,Petrol,8
T01406,2025-01-20,V033,Sedan,D037,Driver_037,4.6,R042,Bengaluru,Chennai,76.9,194,4.63,476.01,0.0,336.46,904.95,1717.42,2062.89,UPI,Completed,4.2,Inspection,Bengaluru,Honda City,Petrol,3
T01407,2025-11-28,V085,Sedan,D122,Driver_122,4.9,R077,Mumbai,Visakhapatnam,50.5,81,3.02,294.41,0.0,155.65,401.45,851.51,1262.67,Cash,Completed,3.7,None,Mumbai,Maruti Dzire,Petrol,10
T01408,2025-02-19,V058,Truck,D024,Driver_024,3.9,R020,Delhi,Mumbai,25.0,92,3.44,362.71,0.0,111.79,439.63,914.13,1348.06,UPI,Completed,5.0,None,Delhi,Ashok Leyland Dost,Diesel,4
T01409,2025-12-28,V023,Sedan,D048,Driver_048,4.5,R051,Bengaluru,Kochi,68.9,143,5.3,576.87,6575.81,201.51,464.03,7818.22,81.29,UPI,Cancelled,4.3,None,Bengaluru,Hyundai Verna,Petrol,6
T01410,2025-02-24,V001,SUV,D084,Driver_084,3.4,R062,Visakhapatnam,Hyderabad,82.0,211,7.18,735.53,0.0,340.85,815.68,1892.06,2629.99,COD,Completed,4.3,Service,Visakhapatnam,Kia Seltos,Diesel,8
T01411,2025-04-05,V016,Van,D081,Driver_081,4.6,R067,Delhi,Kochi,38.3,87,4.64,482.17,0.0,169.49,442.43,1094.09,1560.01,Card,Completed,4.6,Repair,Delhi,Force Traveller,Diesel,1
T01412,2025-12-08,V057,Van,D059,Driver_059,5.0,R047,Chennai,Delhi,58.6,118,5.38,591.09,4778.65,203.16,404.04,5976.94,2521.47,Net Banking,Completed,4.1,None,Chennai,Force Traveller,Diesel,8
T01413,2025-01-29,V063,Sedan,D023,Driver_023,4.4,R032,Bengaluru,Kochi,108.8,239,7.71,803.43,0.0,355.1,1009.96,2168.49,2483.36,Cash,Completed,5.0,Service,Bengaluru,Honda City,Petrol,5
T01414,2025-02-23,V036,Sedan,D147,Driver_147,4.2,R005,Hyderabad,Pune,65.4,147,3.93,408.76,0.0,213.67,678.05,1300.48,1882.93,UPI,Completed,3.6,Service,Hyderabad,Honda City,Petrol,3
T01415,2025-03-18,V097,Truck,D147,Driver_147,3.4,R017,Chennai,Hyderabad,41.1,161,6.9,705.95,0.0,170.38,893.77,1770.1,19.02,Cash,Cancelled,4.1,Inspection,Chennai,BharatBenz 1015,Diesel,7
T01416,2025-01-24,V059,Sedan,D150,Driver_150,3.9,R039,Pune,Bengaluru,25.8,77,1.54,165.43,608.01,108.15,441.5,1323.09,922.99,Card,Completed,4.5,None,Pune,Honda City,Petrol,5
T01417,2025-09-11,V043,Truck,D014,Driver_014,3.4,R048,Chennai,Kochi,21.4,43,2.86,275.83,0.0,41.9,221.51,539.24,1423.36,COD,Completed,4.4,Repair,Chennai,Ashok Leyland Dost,Diesel,6
T01418,2025-02-02,V066,Truck,D130,Driver_130,4.8,R005,Chennai,Kochi,75.9,243,9.86,1083.94,0.0,201.82,812.82,2098.58,3706.34,Card,Completed,3.7,Repair,Chennai,Ashok Leyland Dost,Diesel,10
T01419,2025-11-06,V007,SUV,D074,Driver_074,2.9,R057,Pune,Delhi,13.6,34,1.3,130.37,6045.79,40.2,157.99,6374.35,695.16,UPI,Completed,4.1,None,Pune,Toyota Innova,Diesel,4
T01420,2025-08-25,V069,Truck,D140,Driver_140,4.3,R067,Visakhapatnam,Kochi,39.7,80,5.1,527.12,0.0,178.38,296.88,1002.38,2079.3,COD,Completed,4.2,None,Visakhapatnam,Ashok Leyland Dost,Diesel,6
T01421,2025-12-14,V020,Sedan,D112,Driver_112,4.0,R021,Chennai,Kochi,82.7,170,5.31,544.65,6008.46,201.38,822.75,7577.24,2055.95,Net Banking,Completed,3.2,None,Chennai,Honda City,Petrol,12
T01422,2025-12-11,V043,Sedan,D117,Driver_117,4.0,R070,Mumbai,Visakhapatnam,,123,3.51,364.3,8014.82,150.34,619.69,9149.15,1446.86,Net Banking,Completed,4.2,Inspection,Mumbai,Maruti Dzire,Petrol,7
T01423,2025-05-09,V069,Sedan,D051,Driver_051,3.8,R011,Hyderabad,Kochi,117.8,257,7.44,748.63,9566.53,470.33,1025.48,11810.97,2850.97,UPI,Completed,3.5,None,Hyderabad,Maruti Dzire,Petrol,12
T01424,2025-01-19,V043,Sedan,D114,Driver_114,3.6,R068,Pune,Bengaluru,14.2,44,1.1,111.21,6034.3,46.6,150.0,6342.11,511.74,UPI,Completed,4.8,Inspection,Pune,Honda City,Petrol,2
T01425,2025-01-21,V034,SUV,D017,Driver_017,4.7,R056,Chennai,,109.6,270,9.47,1012.02,0.0,482.92,1120.14,2615.08,3531.09,Cash,Completed,3.0,Repair,Chennai,Hyundai Creta,Diesel,4
T01426,2025-11-20,V018,Sedan,D097,Driver_097,4.5,R009,Visakhapatnam,Bengaluru,63.3,161,4.14,433.24,0.0,136.81,678.31,1248.36,,Card,Completed,4.3,None,Visakhapatnam,Honda City,Petrol,12
T01427,2025-06-01,V020,Sedan,D019,Driver_019,4.0,R004,Mumbai,Hyderabad,18.4,37,1.39,141.13,1155.3,32.95,150.0,1479.38,563.49,COD,Completed,3.8,Repair,Mumbai,Maruti Dzire,Petrol,7
T01428,2025-01-19,V031,SUV,D010,Driver_010,5.0,R035,Mumbai,Chennai,66.2,107,5.33,528.15,0.0,176.33,467.44,1171.92,460.35,UPI,Cancelled,5.0,None,Mumbai,Hyundai Creta,Diesel,12
T01429,2025-04-17,V050,Sedan,D091,Driver_091,4.5,R044,Kochi,Delhi,32.5,82,2.42,236.46,0.0,97.33,289.38,623.17,987.9,COD,Completed,4.4,Inspection,Kochi,Hyundai Verna,Petrol,9
T01430,2025-06-03,V021,Truck,D019,Driver_019,4.2,R068,Chennai,Pune,47.4,107,6.54,688.9,9991.04,177.9,531.68,11389.52,2149.27,Card,Completed,4.3,Repair,Chennai,BharatBenz 1015,Diesel,1
T01431,2025-02-09,V023,SUV,D104,Driver_104,3.5,R031,Bengaluru,Mumbai,114.3,283,9.68,1061.93,4572.44,182.15,1050.71,6867.23,3561.24,Cash,Completed,3.6,Repair,Bengaluru,Kia Seltos,Diesel,5
T01432,2025-12-03,V098,Sedan,D026,Driver_026,4.3,R044,Mumbai,Visakhapatnam,54.2,181,,364.61,0.0,238.5,906.01,1509.12,1735.72,Cash,Completed,3.9,None,Mumbai,Honda City,Petrol,12
T01433,2025-03-02,V071,Truck,D028,Driver_028,4.0,R061,Chennai,Hyderabad,12.4,35,1.58,163.97,3666.19,29.46,175.69,4035.31,250.68,COD,Cancelled,5.0,None,Chennai,Tata 407,Diesel,3
T01434,2025-02-19,V076,Sedan,D077,Driver_077,4.0,R075,Visakhapatnam,Pune,54.3,149,3.45,353.56,0.0,252.85,450.41,1056.82,1693.24,Card,Completed,4.1,Service,Visakhapatnam,Maruti Dzire,Petrol,6
T01435,2025-12-18,V021,SUV,D020,Driver_020,4.0,R018,Mumbai,Visakhapatnam,21.0,50,1.98,200.98,0.0,69.66,260.99,531.63,886.91,Cash,Completed,3.4,None,Mumbai,Kia Seltos,Diesel,11
T01436,2025-11-04,V046,Truck,D099,Driver_099,3.5,R059,Mumbai,Delhi,35.4,120,4.82,495.95,0.0,100.8,443.6,1040.35,498.43,Card,Cancelled,3.6,Service,Mumbai,Ashok Leyland Dost,Diesel,1
T01437,2025-03-27,V006,Sedan,D084,Driver_084,3.7,R074,Pune,Mumbai,13.6,34,0.84,84.4,5950.46,24.5,196.93,6256.29,439.32,COD,Completed,3.6,Service,Pune,Hyundai Verna,Petrol,1
T01438,2025-05-29,V035,Sedan,D113,Driver_113,3.8,R006,Mumbai,Hyderabad,38.1,114,2.6,247.87,4519.76,104.3,446.71,5318.64,1382.28,UPI,Completed,3.5,Repair,Mumbai,Maruti Dzire,Petrol,4
T01439,2025-06-15,V026,SUV,D008,Driver_008,3.9,R031,Pune,Visakhapatnam,39.4,88,2.94,293.86,0.0,98.27,417.72,809.85,429.64,Cash,Cancelled,3.8,Inspection,Pune,Kia Seltos,Diesel,4
T01440,2025-08-22,V025,Van,D059,Driver_059,4.3,R040,Chennai,Visakhapatnam,29.0,97,2.86,280.1,0.0,46.9,355.04,682.04,1553.9,Net Banking,Completed,4.1,None,Chennai,Maruti Eeco,Diesel,1
T01441,2025-05-23,V064,Van,D106,Driver_106,4.4,R028,Pune,Bengaluru,20.4,56,2.04,217.01,0.0,33.36,309.32,559.69,941.24,Card,Completed,3.5,Inspection,Pune,Force Traveller,Diesel,3
T01442,2025-11-29,V055,Sedan,D076,Driver_076,4.5,R025,Delhi,Hyderabad,54.5,120,3.57,371.97,0.0,223.11,407.55,1002.63,1649.36,UPI,Completed,,Inspection,Delhi,Hyundai Verna,Petrol,6
T01443,2025-06-18,V029,Truck,D043,Driver_043,4.4,R047,Pune,Delhi,9.6,22,1.66,177.7,0.0,24.94,150.0,352.64,625.8,Cash,Completed,3.6,Inspection,Pune,Tata 407,Diesel,6
T01444,2025-06-18,V097,Truck,D098,Driver_098,4.7,R076,Bengaluru,Hyderabad,30.6,103,4.3,416.23,0.0,93.68,352.27,862.18,422.17,Net Banking,Cancelled,4.2,Service,Bengaluru,BharatBenz 1015,Diesel,10
T01445,2025-10-06,V009,SUV,D074,Driver_074,4.8,R027,Kochi,Mumbai,26.2,66,2.01,218.93,0.0,96.76,347.51,663.2,1079.43,Net Banking,Completed,2.0,None,Kochi,Toyota Innova,Diesel,10
T01446,2025-05-19,V092,Van,D001,Driver_001,4.0,R002,Mumbai,Chennai,23.4,30,2.67,272.51,0.0,63.52,150.0,486.03,1202.87,Net Banking,Completed,4.7,None,Mumbai,Tata Winger,Diesel,8
T01447,2025-12-05,V019,Van,D015,Driver_015,3.5,R035,Pune,,27.1,85,3.12,339.5,0.0,84.78,491.22,915.5,1416.34,UPI,Completed,4.2,None,Pune,Force Traveller,Diesel,3
T01448,2025-07-14,V051,Sedan,D085,Driver_085,4.1,R079,Delhi,Bengaluru,33.5,77,2.01,204.38,0.0,82.63,338.93,625.94,161.38,COD,Cancelled,5.0,None,Delhi,Honda City,Petrol,8
T01449,2025-10-22,V062,Van,D050,Driver_050,4.7,R050,Mumbai,Bengaluru,51.2,95,4.97,519.11,0.0,161.36,551.39,1231.86,315.99,Cash,Cancelled,4.8,None,Mumbai,Maruti Eeco,Diesel,2
T01450,2025-05-26,V043,Van,D032,Driver_032,4.9,R049,Delhi,Chennai,38.8,87,3.57,382.45,0.0,131.02,319.7,833.17,417.16,Card,Cancelled,3.3,Repair,Delhi,Maruti Eeco,Diesel,3
T01451,2025-07-10,V040,Van,D081,Driver_081,4.4,R010,Hyderabad,Visakhapatnam,52.9,129,5.04,542.11,0.0,125.95,544.16,1212.22,2228.85,Card,Completed,3.6,None,Hyderabad,Tata Winger,Diesel,12
T01452,2025-03-16,V065,Sedan,D130,Driver_130,4.6,R050,Kochi,Delhi,34.4,65,2.16,212.48,0.0,154.75,243.58,610.81,873.65,UPI,Completed,3.5,None,Kochi,Maruti Dzire,Petrol,3
T01453,2025-05-10,V012,Truck,D096,Driver_096,4.6,R074,Kochi,Bengaluru,56.9,103,9.79,991.93,6657.35,154.07,436.16,8239.51,809.25,UPI,Cancelled,4.4,Repair,Kochi,BharatBenz 1015,Diesel,6
T01454,2025-03-06,V094,SUV,D006,Driver_006,4.2,R070,Pune,Visakhapatnam,51.2,76,4.2,399.41,0.0,150.16,285.48,835.05,1648.26,Net Banking,Completed,4.0,None,Pune,Toyota Innova,Diesel,12
T01455,2025-10-20,V091,SUV,D098,Driver_098,3.5,R025,Mumbai,Kochi,44.7,160,3.74,390.1,6347.74,116.23,879.09,7733.16,1465.78,COD,Completed,3.7,None,Mumbai,Toyota Innova,Diesel,10
T01456,2025-08-03,V063,Sedan,D063,Driver_063,4.6,R054,Visakhapatnam,Bengaluru,88.0,172,6.85,710.02,6583.58,183.0,625.06,8101.66,2391.0,Card,Completed,4.4,None,Visakhapatnam,Hyundai Verna,Petrol,1
T01457,2025-12-16,V045,Van,D079,Driver_079,3.7,R028,Hyderabad,Kochi,48.3,174,5.0,510.38,4086.27,160.54,957.47,5714.66,2173.99,Cash,Completed,4.1,None,Hyderabad,Maruti Eeco,Diesel,7
T01458,2025-09-28,V005,Truck,D135,Driver_135,4.8,R025,Mumbai,Chennai,10.4,30,1.38,134.23,0.0,33.66,150.0,317.89,21.46,,Cancelled,3.2,None,Mumbai,Ashok Leyland Dost,Diesel,12
T01459,2025-10-20,V087,Sedan,D071,Driver_071,4.1,R036,Pune,Visakhapatnam,14.5,54,1.03,109.14,0.0,21.57,297.99,428.7,615.3,Card,Completed,3.6,Repair,Pune,Honda City,Petrol,12
T01460,2025-10-07,V066,SUV,D105,Driver_105,4.4,R011,Pune,Visakhapatnam,89.2,211,8.33,905.0,0.0,222.04,844.97,1972.01,3037.61,UPI,Completed,4.1,None,Pune,Hyundai Creta,Diesel,10
T01461,2025-09-12,V062,Van,D112,Driver_112,5.0,R045,Hyderabad,Bengaluru,84.9,176,8.46,823.62,0.0,362.63,843.47,2029.72,3074.79,COD,Completed,4.0,None,Hyderabad,Maruti Eeco,Diesel,4
T01462,2025-02-01,V085,Sedan,D110,Driver_110,4.2,R026,Bengaluru,Delhi,21.8,35,1.34,134.81,0.0,95.88,150.0,380.69,697.71,Net Banking,Completed,4.0,None,Bengaluru,Hyundai Verna,Petrol,4
T01463,2025-11-19,V005,SUV,D073,Driver_073,,R005,Mumbai,Visakhapatnam,20.4,58,1.65,156.93,0.0,85.5,244.49,486.92,106.41,Net Banking,Cancelled,3.7,None,Mumbai,Hyundai Creta,Diesel,6
T01464,2025-03-18,V054,SUV,D097,Driver_097,3.9,R053,Visakhapatnam,Bengaluru,41.0,140,4.16,412.56,0.0,163.86,626.8,1203.22,1687.97,Cash,Completed,4.2,None,Visakhapatnam,Toyota Innova,Diesel,10
T01465,2025-02-16,V005,Van,D015,Driver_015,3.3,R020,Bengaluru,Chennai,98.2,297,9.17,871.26,0.0,421.84,1257.27,2550.37,866.17,UPI,Cancelled,4.4,Service,Bengaluru,Tata Winger,Diesel,2
T01466,2025-07-26,V056,SUV,D136,Driver_136,3.8,R013,Hyderabad,Chennai,27.5,55,2.36,233.53,8651.54,80.61,243.62,9209.3,1272.12,UPI,Completed,3.6,None,Hyderabad,Kia Seltos,Diesel,1
T01467,2025-02-25,V080,Van,D076,Driver_076,3.5,R054,Pune,Chennai,26.6,68,2.4,231.25,9243.39,97.73,393.49,9965.86,78.94,UPI,Cancelled,4.1,None,Pune,Tata Winger,Diesel,9
T01468,2025-07-08,V034,Sedan,D130,Driver_130,4.0,R070,Bengaluru,Delhi,59.6,181,3.73,366.9,0.0,233.62,641.02,1241.54,1568.44,Cash,Completed,3.4,None,Bengaluru,Honda City,Petrol,7
T01469,2025-10-08,V027,Sedan,D036,Driver_036,4.2,R067,Visakhapatnam,Delhi,47.1,130,3.37,336.68,8841.38,210.07,440.23,9828.36,1234.88,Card,Completed,4.3,Service,Visakhapatnam,Maruti Dzire,Petrol,7
T01470,2025-01-10,V067,Truck,D039,Driver_039,4.2,R073,Delhi,Mumbai,11.9,52,1.55,153.16,0.0,50.93,176.94,381.03,608.24,Card,Completed,5.0,None,Delhi,BharatBenz 1015,Diesel,12
T01471,2025-04-12,V026,Truck,D126,Driver_126,3.7,R029,Kochi,Hyderabad,16.9,42,2.26,243.47,0.0,53.74,152.73,449.94,176.65,Card,Cancelled,3.5,None,Kochi,Tata 407,Diesel,5
T01472,2025-05-14,V070,Sedan,D121,Driver_121,3.4,R046,Chennai,Bengaluru,46.5,81,3.76,413.52,1631.1,152.96,420.99,2618.57,1338.24,Cash,Completed,5.0,Service,Chennai,Maruti Dzire,Petrol,7
T01473,2025-02-05,V005,Sedan,D137,Driver_137,3.6,R030,Mumbai,Kochi,78.1,134,6.1,607.75,0.0,346.51,449.53,1403.79,1804.35,Cash,Completed,3.3,Service,Mumbai,Honda City,Petrol,10
T01474,2025-08-31,V073,Sedan,D016,Driver_016,4.8,R041,Visakhapatnam,Kochi,38.5,117,2.36,224.79,0.0,160.27,448.18,833.24,198.77,Card,Cancelled,3.6,None,Visakhapatnam,Maruti Dzire,Petrol,5
T01475,2025-02-25,V052,Van,D030,Driver_030,4.8,R078,Mumbai,Bengaluru,70.7,208,7.14,679.77,7661.34,290.49,937.4,9569.0,2962.17,Net Banking,Completed,,None,Mumbai,Maruti Eeco,Diesel,7
T01476,2025-11-11,V074,Van,D024,Driver_024,2.9,R064,Hyderabad,Mumbai,6.2,37,0.73,74.48,0.0,11.07,211.93,297.48,549.2,Net Banking,Completed,3.7,None,Hyderabad,Tata Winger,Diesel,4
T01477,2025-12-19,V060,Truck,D040,Driver_040,4.5,R041,Chennai,Mumbai,8.2,43,1.37,144.39,4975.98,18.89,196.3,5335.56,43.01,Net Banking,Cancelled,3.0,Repair,Chennai,BharatBenz 1015,Diesel,4
T01478,2025-02-25,V032,SUV,D006,Driver_006,4.0,R039,Visakhapatnam,Mumbai,92.3,183,7.71,794.79,625.54,413.41,610.2,2443.94,3232.51,Card,Completed,4.1,None,Visakhapatnam,Hyundai Creta,Diesel,6
T01479,2025-04-26,V068,SUV,D111,Driver_111,4.2,R054,Kochi,Hyderabad,,106,2.71,292.52,0.0,113.26,341.66,747.44,1311.1,Card,Completed,3.8,None,Kochi,Toyota Innova,Diesel,7
T01480,2025-02-11,V002,SUV,D032,Driver_032,4.4,R073,Chennai,Pune,131.3,232,10.55,1157.29,0.0,443.03,791.43,2391.75,4360.13,Cash,Completed,3.5,Service,Chennai,Kia Seltos,Diesel,2
T01481,2025-06-29,V021,Van,D119,Driver_119,5.0,R020,Visakhapatnam,Delhi,41.1,92,4.8,462.06,0.0,113.43,535.23,1110.72,1705.23,COD,Completed,3.9,Inspection,Visakhapatnam,Force Traveller,Diesel,2
T01482,2025-11-12,V001,Van,D050,Driver_050,3.7,R009,Kochi,Chennai,62.5,170,7.32,739.63,9170.87,272.94,665.05,10848.49,2501.96,COD,Completed,4.4,None,Kochi,Force Traveller,Diesel,3
T01483,2025-09-13,V079,Van,D150,Driver_150,4.7,R070,Mumbai,Bengaluru,19.9,63,2.23,225.12,0.0,82.44,208.14,515.7,1190.52,UPI,Completed,3.8,None,Mumbai,Maruti Eeco,Diesel,2
T01484,2025-09-20,V077,Truck,D044,Driver_044,3.5,R048,Kochi,Bengaluru,50.7,165,,913.16,0.0,96.92,685.95,1696.03,2621.63,COD,Completed,3.6,Service,Kochi,Tata 407,Diesel,6
T01485,2025-03-26,V013,Sedan,D067,Driver_067,3.9,R003,Bengaluru,Hyderabad,35.8,100,2.43,242.62,0.0,134.15,340.27,717.04,1136.61,UPI,Completed,3.7,None,Bengaluru,Maruti Dzire,Petrol,9
T01486,2025-03-15,V059,SUV,D100,Driver_100,4.7,R080,Delhi,Mumbai,14.8,43,1.27,138.55,0.0,62.35,161.81,362.71,552.07,Card,Completed,4.1,,Delhi,Hyundai Creta,Diesel,12
T01487,2025-10-04,V091,SUV,D083,Driver_083,4.6,R019,Mumbai,Delhi,73.5,153,7.26,767.34,0.0,321.37,654.03,1742.74,2711.16,Cash,Completed,3.9,None,Mumbai,Hyundai Creta,Diesel,6
T01488,2025-07-05,V036,Truck,D119,Driver_119,4.5,R078,Delhi,Chennai,35.8,99,5.76,625.23,0.0,51.08,338.16,1014.47,1718.53,Card,Completed,4.0,None,Delhi,BharatBenz 1015,Diesel,12
T01489,2025-09-02,V047,Sedan,D045,Driver_045,3.9,R078,Bengaluru,Kochi,79.0,207,5.47,556.39,0.0,206.11,677.26,1439.76,1913.97,UPI,Completed,3.4,None,Bengaluru,Hyundai Verna,Petrol,5
T01490,2025-12-31,V072,Sedan,D134,Driver_134,,R059,Visakhapatnam,Hyderabad,51.3,103,3.9,373.98,9876.52,154.87,331.27,10736.64,1591.08,Cash,Completed,3.9,Repair,Visakhapatnam,Maruti Dzire,Petrol,5
T01491,2025-01-09,V002,SUV ,D110,Driver_110,3.3,R003,Visakhapatnam,Bengaluru,49.7,151,3.8,367.06,3838.37,138.83,645.84,4990.1,1959.26,Cash,Completed,3.7,None,Visakhapatnam,Kia Seltos,Diesel,6
T01492,2025-07-19,V016,Van,D010,Driver_010,4.3,R051,Hyderabad,Kochi,7.0,20,0.66,67.99,0.0,27.19,150.0,245.18,681.86,Net Banking,Completed,3.9,Repair,Hyderabad,Force Traveller,Diesel,1
T01493,2025-11-09,V021,SUV,D095,Driver_095,3.9,R066,Delhi,Kochi,31.4,84,3.05,314.74,0.0,70.51,261.85,647.1,1420.93,Card,Completed,3.6,Inspection,Delhi,Kia Seltos,Diesel,9
T01494,2025-11-19,V019,SUV,D091,Driver_091,4.5,R006,Chennai,Kochi,17.6,35,1.31,128.9,0.0,69.59,150.0,348.49,23.48,Net Banking,Cancelled,4.0,None,Chennai,Kia Seltos,Diesel,6
T01495,2025-05-28,V071,Sedan,D049,Driver_049,,R023,Kochi,Bengaluru,,55,1.53,161.65,0.0,64.24,171.34,397.23,858.61,UPI,Completed,4.7,None,Kochi,Honda City,Petrol,2
T01496,2025-07-24,V036,Sedan,D036,Driver_036,3.8,R024,Mumbai,Bengaluru,34.9,113,2.45,240.72,0.0,151.56,533.4,925.68,1085.27,Net Banking,Completed,4.3,Inspection,Mumbai,Maruti Dzire,Petrol,3
T01497,2025-07-13,V049,Van,D065,Driver_065,5.0,R062,Mumbai,Chennai,15.6,66,1.72,180.18,3449.93,55.03,377.14,4062.28,947.36,,Completed,4.7,None,Mumbai,Force Traveller,Diesel,2
T01498,2025-01-15,V060,Truck,D062,Driver_062,3.7,R059,Chennai,Kochi,28.2,67,4.74,517.62,0.0,76.5,278.64,872.76,1382.32,UPI,Completed,5.0,None,Chennai,Ashok Leyland Dost,Diesel,1
T01499,2025-06-12,V014,SUV,D042,Driver_042,4.7,R026,Visakhapatnam,Bengaluru,35.3,97,3.38,349.41,0.0,100.75,466.2,916.36,1328.06,COD,Completed,3.5,Inspection,Visakhapatnam,Kia Seltos,Diesel,2
T01500,2025-06-22,V093,Sedan,D113,Driver_113,4.0,R034,Chennai,Kochi,24.5,91,1.93,208.96,8075.71,60.46,406.18,8751.31,628.96,COD,Completed,3.4,Inspection,Chennai,Maruti Dzire,Petrol,3
T01501,2025-12-21,V011,Sedan,D029,Driver_029,4.7,R047,Pune,Visakhapatnam,16.8,74,1.26,120.01,0.0,25.75,325.14,470.9,657.63,Cash,Completed,3.7,Service,Pune,Honda City,Petrol,9
T01502,2025-10-06,V082,Sedan,D144,Driver_144,3.6,R034,Chennai,Pune,78.8,211,4.84,491.05,7120.19,340.15,908.96,8860.35,1905.21,COD,Completed,4.1,Service,Chennai,Hyundai Verna,Petrol,1
T01503,2025-06-28,V049,Van,D082,Driver_082,3.9,R060,Bengaluru,Delhi,29.5,66,3.1,,0.0,69.55,371.36,749.88,1164.34,COD,Completed,4.3,Inspection,Bengaluru,Maruti Eeco,Diesel,11
T01504,2025-06-28,V012,Sedan,D067,Driver_067,4.3,R017,Delhi,Bengaluru,21.2,37,1.36,148.99,7802.06,69.08,150.0,8170.13,841.77,Card,Completed,3.5,Repair,Delhi,Honda City,Petrol,11
T01505,2025-12-17,V090,Truck,D053,Driver_053,4.1,R034,Visakhapatnam,Mumbai,33.9,99,4.88,479.31,0.0,117.7,452.78,1049.79,221.05,UPI,Cancelled,3.5,Service,Visakhapatnam,Ashok Leyland Dost,Diesel,12
T01506,2025-08-24,V095,Truck,D141,Driver_141,4.3,R006,Chennai,Hyderabad,92.8,300,12.52,1270.7,0.0,427.11,1303.35,3001.16,4198.87,Net Banking,Completed,,None,Chennai,BharatBenz 1015,Diesel,12
T01507,2025-01-12,V031,Van,D018,Driver_018,4.3,R058,Kochi,Delhi,,79,3.45,364.64,0.0,93.78,404.51,862.93,1213.37,,Completed,2.7,None,Kochi,Force Traveller,Diesel,4
T01508,2025-01-19,V020,Sedan,D008,Driver_008,4.5,R009,Pune,Mumbai,30.0,83,1.92,189.11,0.0,43.9,419.08,652.09,919.96,Card,Completed,4.6,Inspection,Pune,Hyundai Verna,Petrol,11
T01509,2025-04-29,V058,Truck,D037,Driver_037,4.5,R065,Kochi,Mumbai,23.2,90,3.12,305.48,0.0,35.93,328.54,669.95,1055.85,Net Banking,Completed,4.9,Service,Kochi,Ashok Leyland Dost,Diesel,6
T01510,2025-05-24,V065,Van,D132,Driver_132,4.0,R018,Chennai,Bengaluru,31.7,80,3.23,350.33,0.0,86.92,270.96,708.21,157.7,UPI,Cancelled,3.8,Inspection,Chennai,Force Traveller,Diesel,3
T01511,2025-10-26,V091,SUV,D048,Driver_048,3.9,R072,Mumbai,Pune,65.1,171,5.97,602.1,0.0,94.23,546.79,1243.12,2390.28,Card,Completed,3.8,None,Mumbai,Hyundai Creta,Diesel,8
T01512,2025-03-20,V074,Van,D018,Driver_018,4.6,R060,Kochi,Chennai,9.8,46,0.94,101.58,0.0,39.9,262.04,403.52,481.0,Cash,Completed,4.2,None,Kochi,Maruti Eeco,Diesel,10
T01513,2025-07-25,V079,SUV,D140,Driver_140,4.8,R029,Pune,Visakhapatnam,25.8,51,2.47,234.71,0.0,70.51,165.93,471.15,1205.98,Cash,Completed,3.6,Inspection,Pune,Kia Seltos,Diesel,6
T01514,2025-02-18,V051,Sedan,D007,Driver_007,3.7,R047,Bengaluru,Delhi,59.5,85,3.59,394.61,0.0,192.41,409.14,996.16,1788.79,Card,Completed,4.0,None,Bengaluru,Maruti Dzire,Petrol,11
T01515,2025-04-13,V024,Sedan,D078,Driver_078,3.8,R052,Chennai,Pune,35.6,106,2.48,260.56,4642.22,109.18,438.25,5450.21,985.22,Card,Completed,5.0,Inspection,Chennai,Maruti Dzire,Petrol,10
T01516,2025-11-05,V022,Van,D129,Driver_129,4.1,R064,Delhi,Hyderabad,63.2,174,7.7,780.12,0.0,115.54,779.41,1675.07,2335.06,Cash,Completed,3.9,Inspection,Delhi,Tata Winger,Diesel,3
T01517,2025-08-01,V016,Truck,D075,Driver_075,3.3,R053,Chennai,Bengaluru,14.7,37,2.4,250.4,0.0,50.78,177.24,478.42,914.08,COD,Completed,3.7,Repair,Chennai,Tata 407,Diesel,11
T01518,2025-09-21,V079,Van,D040,Driver_040,4.5,R004,Bengaluru,Chennai,27.0,75,3.12,333.4,0.0,62.92,415.68,812.0,1280.82,Cash,Completed,2.9,None,Bengaluru,Tata Winger,Diesel,3
T01519,2025-03-10,V050,Sedan,D075,Driver_075,4.0,R015,Hyderabad,Chennai,23.3,15,1.55,167.84,0.0,108.24,150.0,426.08,911.27,COD,Completed,,None,Hyderabad,Maruti Dzire,Petrol,12
T01520,2025-11-17,V008,Van,D119,Driver_119,4.4,R029,Bengaluru,Pune,50.8,156,4.79,474.26,0.0,163.71,576.07,1214.04,1999.03,Card,Completed,4.5,Service,Bengaluru,Force Traveller,Diesel,4
T01521,2025-04-19,V077,SUV,D033,Driver_033,4.7,R006,Delhi,Chennai,31.1,86,,322.96,0.0,84.65,345.84,753.45,1062.95,UPI,Completed,4.9,None,Delhi,Hyundai Creta,Diesel,3
T01522,2025-02-18,V037,SUV,D014,Driver_014,4.2,R024,Chennai,Mumbai,53.4,171,4.55,495.86,6889.08,168.19,872.78,8425.91,1822.02,Net Banking,Completed,4.0,Repair,Chennai,Hyundai Creta,Diesel,7
T01523,2025-01-16,V036,SUV,D064,Driver_064,4.6,R062,Kochi,Bengaluru,30.6,87,2.36,240.93,6162.84,79.83,367.26,6850.86,1407.63,Net Banking,Completed,5.0,None,Kochi,Kia Seltos,Diesel,2
T01524,2025-02-04,V099,Sedan,D128,Driver_128,4.4,R052,Kochi,Delhi,42.2,80,2.84,272.94,0.0,159.52,348.01,780.47,105.49,Cash,Cancelled,4.0,None,Kochi,Hyundai Verna,Petrol,9
T01525,2025-02-25,V032,Truck,D077,Driver_077,3.7,R007,Delhi,Kochi,61.1,138,10.53,1035.59,0.0,217.49,617.85,1870.93,2720.61,COD,Completed,3.5,None,Delhi,BharatBenz 1015,Diesel,9
T01526,2025-10-24,V089,Sedan,D113,Driver_113,4.5,R024,Chennai,Bengaluru,24.4,68,1.53,159.92,0.0,100.6,388.81,649.33,732.18,UPI,Completed,4.1,None,Chennai,Maruti Dzire,Petrol,3
T01527,2025-01-15,V023,SUV,D141,Driver_141,4.2,R078,Mumbai,Delhi,84.5,146,7.36,743.27,0.0,350.78,496.01,1590.06,2949.58,UPI,Completed,3.5,None,Mumbai,Hyundai Creta,Diesel,3
T01528,2025-10-23,V020,SUV,D055,Driver_055,4.7,R068,Hyderabad,Mumbai,28.7,95,2.57,257.03,6450.89,59.69,317.88,7085.49,1251.13,Card,Completed,3.6,Repair,Hyderabad,Hyundai Creta,Diesel,1
T01529,2025-01-22,V097,SUV,D099,Driver_099,4.1,R004,Kochi,Mumbai,43.7,137,4.26,431.46,0.0,165.28,471.11,1067.85,386.13,Card,Cancelled,4.0,None,Kochi,Kia Seltos,Diesel,1
T01530,2025-01-04,V073,Truck,D137,Driver_137,4.8,R024,Mumbai,Pune,96.0,262,14.24,1473.62,0.0,437.21,845.75,2756.58,4434.93,Net Banking,Completed,3.3,Repair,Mumbai,BharatBenz 1015,Diesel,3
T01531,2025-12-01,V005,SUV,D103,Driver_103,3.4,R079,Chennai,Hyderabad,57.8,155,5.11,534.41,5205.32,112.02,835.79,6687.54,2063.22,COD,Completed,3.7,None,Chennai,Toyota Innova,Diesel,1
T01532,2025-10-18,V065,Truck,D081,Driver_081,3.9,R070,Delhi,Bengaluru,69.5,124,10.94,1097.86,0.0,144.95,543.47,1786.28,3448.13,Card,completed,4.3,None,Delhi,Ashok Leyland Dost,Diesel,5
T01533,2025-09-16,V079,Sedan,D147,Driver_147,4.4,R012,Pune,Visakhapatnam,12.7,31,0.86,91.38,0.0,55.59,171.45,318.42,762.31,COD,Completed,4.2,Service,Pune,Maruti Dzire,Petrol,3
T01534,2025-04-23,V089,Sedan,D059,Driver_059,4.0,R070,Visakhapatnam,Delhi,30.6,73,2.42,242.88,510.82,96.61,320.48,1170.79,813.79,Card,Completed,4.0,Inspection,Visakhapatnam,Hyundai Verna,Petrol,12
T01535,2025-08-07,V005,Van,D056,Driver_056,4.2,R018,Visakhapatnam,Pune,34.0,88,3.16,302.73,8545.12,128.34,444.72,9420.91,304.47,COD,Cancelled,2.8,Repair,Visakhapatnam,Tata Winger,Diesel,7
T01536,2025-01-17,V003,Truck,D066,Driver_066,4.2,R039,Delhi,Pune,74.2,152,9.57,1034.26,4873.69,100.63,873.12,6881.7,3450.55,COD,Completed,4.4,None,Delhi,BharatBenz 1015,Diesel,2
T01537,2025-12-31,V014,Van,D058,Driver_058,,R001,Bengaluru,Kochi,75.0,171,6.95,668.71,0.0,234.68,836.94,1740.33,2942.08,COD,Completed,3.6,None,Bengaluru,Tata Winger,Diesel,12
T01538,2025-07-31,V075,Sedan,D068,Driver_068,4.4,R012,Hyderabad,Mumbai,138.0,308,9.14,881.42,0.0,537.54,1298.59,2717.55,719.32,COD,Cancelled,5.0,Service,Hyderabad,Hyundai Verna,Petrol,3
T01539,2025-07-22,V032,Sedan,D002,Driver_002,4.1,R027,Pune,Delhi,41.2,115,2.93,306.59,0.0,188.35,392.2,887.14,1329.8,Cash,Completed,2.7,None,Pune,Honda City,Petrol,6
T01540,2025-06-01,V013,Sedan,D148,Driver_148,4.7,R075,Kochi,Delhi,44.1,150,3.07,312.92,6255.29,86.18,679.22,7333.61,440.96,UPI,Cancelled,3.5,Service,Kochi,Honda City,Petrol,11
T01541,2025-08-12,V088,Sedan,D060,Driver_060,4.2,R042,Mumbai,Bengaluru,77.7,163,5.32,563.62,0.0,223.67,585.93,1373.22,1824.29,COD,Completed,4.5,Inspection,Mumbai,Maruti Dzire,Petrol,9
T01542,2025-01-13,V032,Truck,D087,Driver_087,4.5,R045,Visakhapatnam,Bengaluru,60.9,158,8.42,838.49,5642.14,202.2,801.39,7484.22,3030.16,Net Banking,Completed,4.2,None,Visakhapatnam,Tata 407,Diesel,7
T01543,2025-11-19,V090,Sedan,D142,Driver_142,3.8,R039,Chennai,Pune,71.5,181,5.09,541.12,0.0,188.19,730.14,1459.45,1810.16,Card,Completed,2.9,Inspection,Chennai,Maruti Dzire,Petrol,9
T01544,2025-07-04,V053,SUV,D147,Driver_147,4.7,R040,Visakhapatnam,Hyderabad,17.6,35,1.56,159.09,0.0,54.11,150.0,363.2,659.57,COD,Completed,3.6,Repair,Visakhapatnam,Toyota Innova,Diesel,12
T01545,2025-05-19,V080,SUV,D131,Driver_131,4.0,R021,Kochi,Pune,6.8,30,0.63,60.03,0.0,17.11,161.07,238.21,468.19,COD,Completed,3.3,None,Kochi,Toyota Innova,Diesel,1
T01546,2025-02-18,V033,Sedan,D013,Driver_013,4.7,R024,Mumbai,Pune,53.6,135,3.36,366.28,0.0,165.67,420.96,952.91,1389.29,Card,Completed,3.3,None,Mumbai,Maruti Dzire,Petrol,5
T01547,2025-07-03,V064,Sedan,D138,Driver_138,3.8,R037,Delhi,Hyderabad,61.9,112,4.36,449.12,1770.65,94.36,552.99,2867.12,277.83,COD,Cancelled,3.7,Repair,Delhi,Maruti Dzire,Petrol,11
T01548,2025-05-02,V036,Truck,D045,Driver_045,4.3,R062,Visakhapatnam,Pune,12.0,36,2.0,193.96,0.0,34.79,154.28,383.03,959.98,Cash,Completed,3.4,Inspection,Visakhapatnam,Tata 407,Diesel,3
T01549,2025-02-17,V058,Truck,D099,Driver_099,5.0,R021,Delhi,Visakhapatnam,33.0,82,5.05,489.24,7369.84,72.57,349.43,8281.08,22.11,Net Banking,Cancelled,3.3,None,Delhi,Ashok Leyland Dost,Diesel,4
T01550,2025-08-12,V027,Van,D093,Driver_093,5.0,R003,Hyderabad,Mumbai,10.4,31,0.97,99.62,0.0,15.63,151.9,267.15,773.36,Card,Completed,3.9,None,Hyderabad,Maruti Eeco,Diesel,9
T01551,2025-03-05,V001,Truck,D007,Driver_007,3.5,R046,Hyderabad,Chennai,20.8,54,3.38,327.71,,83.55,180.41,591.67,1095.03,Cash,Completed,3.9,Repair,Hyderabad,Tata 407,Diesel,10
T01552,2025-11-25,V010,SUV,D075,Driver_075,4.8,R009,Mumbai,Visakhapatnam,20.4,73,1.61,166.25,0.0,56.49,220.58,443.32,990.13,UPI,Completed,3.9,Repair,Mumbai,Kia Seltos,Diesel,9
T01553,2025-06-21,V009,Truck,D021,Driver_021,3.7,R005,Visakhapatnam,Chennai,11.1,17,1.44,138.07,0.0,20.8,150.0,308.87,708.41,UPI,Completed,3.9,None,Visakhapatnam,BharatBenz 1015,Diesel,5
T01554,2025-03-29,V050,Sedan,D074,Driver_074,4.0,R068,Bengaluru,Visakhapatnam,27.5,70,1.71,182.21,0.0,90.96,210.97,484.14,141.72,COD,Cancelled,4.3,None,Bengaluru,Hyundai Verna,Petrol,6
T01555,2025-08-01,V042,Van,D125,Driver_125,3.5,R062,Delhi,Hyderabad,90.4,251,8.2,887.82,0.0,155.18,1406.93,2449.93,807.47,Net Banking,Cancelled,3.1,Service,Delhi,Tata Winger,Diesel,4
T01556,2025-12-16,V010,SUV,D124,Driver_124,2.7,R028,Visakhapatnam,Hyderabad,14.5,38,1.37,148.06,0.0,58.93,152.35,359.34,516.14,COD,Completed,4.0,Service,Visakhapatnam,Kia Seltos,Diesel,6
T01557,2025-02-26,V090,Van,D118,Driver_118,4.9,R002,Chennai,Hyderabad,48.9,160,4.72,477.99,4598.55,172.22,706.25,5955.01,2027.29,UPI,Completed,4.7,None,Chennai,Maruti Eeco,Diesel,7
T01558,2025-08-19,V059,Truck,D073,Driver_073,4.6,R063,Hyderabad,Mumbai,56.0,94,9.08,886.24,0.0,149.03,285.73,1321.0,2831.25,Net Banking,Completed,5.0,Repair,Hyderabad,Ashok Leyland Dost,Diesel,10
T01559,2025-07-27,V072,Truck,D061,Driver_061,,R001,Bengaluru,Mumbai,26.1,68,3.61,378.53,3658.79,61.15,298.5,4396.97,60.73,Card,Cancelled,4.5,Service,Bengaluru,Ashok Leyland Dost,Diesel,11
T01560,2025-09-22,V087,Sedan,D119,Driver_119,4.8,R032,Pune,Kochi,22.4,62,1.38,131.86,0.0,78.76,342.16,552.78,1036.73,Net Banking,Completed,3.8,None,Pune,Honda City,Petrol,12
T01561,2025-06-26,V047,Sedan,D130,Driver_130,3.1,R041,Mumbai,Delhi,36.6,102,2.77,277.94,0.0,51.75,320.79,650.48,998.79,Net Banking,Completed,4.6,,Mumbai,Maruti Dzire,Petrol,1
T01562,2025-12-23,V072,SUV,D090,Driver_090,4.0,R045,Hyderabad,Mumbai,10.5,23,0.86,92.96,4101.88,40.93,150.0,4385.77,37.7,UPI,Cancelled,4.1,None,Hyderabad,Hyundai Creta,Diesel,12
T01563,2025-10-22,V088,Truck,D031,Driver_031,3.6,R045,Chennai,Bengaluru,19.9,52,2.97,305.36,0.0,76.0,239.03,620.39,1198.2,COD,Completed,4.4,Inspection,Chennai,BharatBenz 1015,Diesel,8
T01564,2025-09-07,V032,SUV,D064,Driver_064,3.6,R051,Mumbai,Pune,16.0,43,1.5,148.56,5412.58,32.3,229.32,5822.76,88.0,Card,Cancelled,4.4,None,Mumbai,Kia Seltos,Diesel,2
T01565,2025-09-05,V009,SUV,D091,Driver_091,4.1,R022,Chennai,Hyderabad,12.6,21,1.03,109.75,0.0,16.91,150.0,276.66,788.55,Cash,Completed,3.9,None,Chennai,Kia Seltos,Diesel,9
T01566,2025-07-30,V083,Van,D133,Driver_133,4.3,R040,Hyderabad,Delhi,10.5,33,1.24,132.22,2457.56,42.91,150.0,2782.69,690.34,Card,Completed,3.4,Repair,Hyderabad,Tata Winger,Diesel,1
T01567,2025-01-09,V052,SUV,D042,Driver_042,4.4,R073,Hyderabad,Delhi,30.1,71,2.39,232.88,2181.2,133.97,241.03,2789.08,0.14,COD,Cancelled,3.9,None,Hyderabad,Hyundai Creta,Diesel,10
T01568,2025-04-24,V044,SUV,D056,Driver_056,3.9,R010,Chennai,Bengaluru,59.8,101,6.05,,7402.9,227.2,385.83,8607.59,2034.83,Card,Completed,4.3,Inspection,Chennai,Kia Seltos,Diesel,3
T01569,2025-09-05,V024,Sedan,D075,Driver_075,4.1,R071,Chennai,Mumbai,104.2,202,7.29,704.01,2910.07,199.07,954.68,4767.83,2540.03,UPI,Completed,4.2,Service,Chennai,Honda City,Petrol,12
T01570,2025-09-25,V080,Sedan,D004,Driver_004,4.2,R041,Kochi,Delhi,31.4,110,2.33,227.95,0.0,138.02,512.0,877.97,872.09,UPI,Completed,5.0,None,Kochi,Maruti Dzire,Petrol,12
T01571,2025-02-21,V018,SUV,D136,Driver_136,4.4,R046,Bengaluru,Kochi,58.1,176,5.79,592.17,8829.3,264.24,1020.42,10706.13,2001.87,Card,Completed,3.8,None,Bengaluru,Toyota Innova,Diesel,4
T01572,2025-11-25,V073,Van,D114,Driver_114,4.2,R024,Bengaluru,Hyderabad,18.6,63,1.67,175.38,0.0,85.87,202.41,463.66,734.95,Card,Completed,4.0,None,Bengaluru,Maruti Eeco,Diesel,10
T01573,2025-10-19,V062,Sedan,D042,Driver_042,3.9,R047,Bengaluru,Kochi,32.0,79,2.32,251.17,0.0,52.43,241.39,544.99,876.23,Net Banking,Completed,3.5,None,Bengaluru,Hyundai Verna,Petrol,12
T01574,2025-07-25,V003,Van,D002,Driver_002,,R010,Delhi,Hyderabad,53.8,174,5.12,528.23,0.0,198.61,967.79,1694.63,2156.01,Net Banking,Completed,3.2,Repair,Delhi,Maruti Eeco,Diesel,12
T01575,2025-04-18,V015,Sedan,D008,Driver_008,3.8,R018,Chennai,Visakhapatnam,15.3,25,0.96,98.97,4672.37,68.06,150.0,4989.4,114.18,Card,Cancelled,5.0,None,Chennai,Honda City,Petrol,7
T01576,2025-06-28,V087,Sedan,D149,Driver_149,3.7,R048,Chennai,Bengaluru,20.7,40,1.54,162.24,0.0,69.21,185.54,416.99,895.35,Cash,Completed,3.7,Inspection,Chennai,Honda City,Petrol,5
T01577,2025-04-12,V096,Sedan,D036,Driver_036,3.9,R054,Pune,Mumbai,25.7,70,1.85,202.2,0.0,82.55,268.41,553.16,763.09,Card,Completed,,Inspection,Pune,Hyundai Verna,Petrol,9
T01578,2025-05-19,V029,Sedan,D014,Driver_014,4.3,R001,Visakhapatnam,Bengaluru,64.0,139,4.08,405.13,0.0,172.1,767.54,1344.77,1708.25,COD,Completed,4.8,None,Visakhapatnam,Honda City,Petrol,7
T01579,2025-11-24,V080,Van,D047,Driver_047,4.1,R049,Pune,Delhi,52.7,145,5.06,491.15,0.0,95.54,544.51,1131.2,2165.25,COD,Completed,4.1,Repair,Pune,Maruti Eeco,Diesel,7
T01580,2025-09-20,V037,Truck,D050,Driver_050,3.6,R046,Delhi,Pune,38.8,100,5.11,510.65,0.0,102.01,490.01,1102.67,1860.94,Card,Completed,4.5,Service,Delhi,BharatBenz 1015,Diesel,11
T01581,2025-03-19,V010,SUV,D020,Driver_020,4.7,R052,Kochi,Chennai,43.3,138,3.47,330.07,0.0,198.08,516.23,1044.38,1672.15,COD,Completed,3.7,None,Kochi,Hyundai Creta,Diesel,1
T01582,2025-04-27,V086,Sedan,D136,Driver_136,5.0,R037,Bengaluru,Chennai,81.2,124,5.67,575.55,1635.88,139.16,570.14,2920.73,1958.28,COD,Completed,4.6,None,Bengaluru,Hyundai Verna,Petrol,2
T01583,2025-03-08,V093,Van,D060,Driver_060,4.0,R071,Chennai,Delhi,33.9,56,3.04,303.3,7414.42,155.13,234.5,8107.35,1357.28,COD,Completed,4.8,Repair,Chennai,Maruti Eeco,Diesel,8
T01584,2025-09-05,V065,Van,D022,Driver_022,4.7,R078,Kochi,Visakhapatnam,46.6,109,4.39,476.34,0.0,214.24,606.85,1297.43,1750.55,Cash,Completed,4.4,Service,Kochi,Force Traveller,Diesel,12
T01585,2025-11-12,V061,Van,D126,Driver_126,4.0,R018,Mumbai,Bengaluru,66.8,172,7.28,771.57,1249.74,204.53,810.7,3036.54,2876.84,Card,Completed,4.2,Inspection,Mumbai,Force Traveller,Diesel,5
T01586,2025-02-07,V016,Sedan,D024,Driver_024,5.0,R065,Bengaluru,Kochi,49.0,87,3.98,405.19,0.0,177.65,443.43,1026.27,1488.9,Net Banking,Completed,4.0,None,Bengaluru,Maruti Dzire,Petrol,4
T01587,2025-12-26,V019,Sedan,D019,Driver_019,3.3,R034,Hyderabad,Mumbai,18.1,44,1.18,119.17,8714.63,46.04,174.02,9053.86,705.82,Net Banking,Completed,4.8,Inspection,Hyderabad,Maruti Dzire,Petrol,7
T01588,2025-01-31,V015,Sedan,D126,Driver_126,4.3,R060,Hyderabad,Pune,57.3,105,4.0,386.31,5560.73,244.1,607.92,6799.06,1438.04,COD,Completed,3.0,Inspection,Hyderabad,Honda City,Petrol,10
T01589,2025-09-28,V009,SUV,D033,Driver_033,4.3,R043,Chennai,Bengaluru,67.5,156,5.92,576.23,8243.17,202.48,821.53,9843.41,2278.5,UPI,Completed,3.9,Inspection,Chennai,Hyundai Creta,Diesel,6
T01590,2025-03-12,V034,Van,D037,Driver_037,3.9,R048,Delhi,Bengaluru,19.5,48,2.16,205.44,0.0,74.39,210.38,490.21,798.57,COD,Completed,3.3,Inspection,Delhi,Tata Winger,Diesel,2
T01591,2025-04-02,V078,Van,D130,Driver_130,3.9,R020,Delhi,Pune,65.4,134,7.48,776.95,0.0,260.6,642.23,1679.78,2578.79,Cash,Completed,3.3,Repair,Delhi,Maruti Eeco,Diesel,1
T01592,2025-01-05,V060,SUV,D032,Driver_032,4.6,R037,Kochi,Chennai,12.3,34,1.11,109.87,0.0,55.1,157.47,322.44,910.55,COD,Completed,4.5,None,Kochi,Hyundai Creta,Diesel,5
T01593,2025-08-13,V016,Sedan,D026,Driver_026,4.2,R066,Visakhapatnam,Pune,36.5,80,2.56,269.46,0.0,163.29,315.86,748.61,978.65,Cash,Completed,3.3,Repair,Visakhapatnam,Maruti Dzire,Petrol,10
T01594,2025-11-15,V008,Truck,D003,Driver_003,4.5,R058,Visakhapatnam,Delhi,37.4,73,5.68,608.87,6045.71,56.92,396.51,7108.01,1916.38,COD,Completed,3.4,,Visakhapatnam,BharatBenz 1015,Diesel,7
T01595,2025-04-27,V097,Sedan,D041,Driver_041,3.8,R001,Visakhapatnam,Pune,36.0,81,2.21,214.33,0.0,121.9,304.21,640.44,271.21,Net Banking,Cancelled,4.9,Service,Visakhapatnam,Honda City,Petrol,12
T01596,2025-04-29,V008,Sedan,D063,Driver_063,3.5,R019,Hyderabad,Mumbai,37.9,112,2.74,300.24,0.0,132.06,582.08,1014.38,1080.98,Net Banking,Completed,4.2,None,Hyderabad,Hyundai Verna,Petrol,4
T01597,2025-08-21,V048,Sedan,D099,Driver_099,,R047,Chennai,Mumbai,21.9,51,1.35,131.7,3014.14,38.6,279.04,3463.48,743.88,COD,Completed,4.5,Repair,Chennai,Maruti Dzire,Petrol,5
T01598,2025-04-06,V071,Sedan,D108,Driver_108,4.4,R078,Chennai,Delhi,57.3,185,3.51,336.51,0.0,173.93,770.37,1280.81,1508.88,Cash,Completed,3.8,Service,Chennai,Hyundai Verna,Petrol,9
T01599,2025-07-10,V072,Sedan,D142,Driver_142,4.7,R020,Hyderabad,Kochi,32.0,84,2.6,268.45,0.0,117.96,315.59,702.0,845.08,COD,Completed,4.0,Inspection,Hyderabad,Honda City,Petrol,2
T01600,2025-01-12,V063,Van,D146,Driver_146,3.9,R021,Chennai,Delhi,32.3,101,3.64,389.71,0.0,145.36,531.15,1066.22,328.73,Card,Cancelled,3.6,Repair,Chennai,Force Traveller,Diesel,9
T01601,2025-08-28,V025,SUV,D138,Driver_138,4.3,R066,Kochi,Visakhapatnam,50.7,157,4.37,453.26,0.0,223.84,600.48,1277.58,1920.12,COD,Completed,3.1,,Kochi,Kia Seltos,Diesel,12
T01602,2025-05-10,V036,Van,D023,Driver_023,4.6,R041,Mumbai,Kochi,22.7,70,2.76,275.85,0.0,45.72,316.4,637.97,992.34,Cash,Completed,3.5,None,Mumbai,Force Traveller,Diesel,2
T01603,2025-01-22,V055,Van,D031,Driver_031,4.5,R021,Kochi,Hyderabad,78.3,117,8.08,884.02,0.0,326.64,531.36,1742.02,614.21,UPI,Cancelled,4.5,Service,Kochi,Force Traveller,Diesel,9
T01604,2025-09-28,V059,Sedan,D129,Driver_129,4.0,R051,Visakhapatnam,Hyderabad,9.2,35,0.65,61.85,0.0,41.65,197.47,300.97,736.62,UPI,Completed,3.7,None,Visakhapatnam,Maruti Dzire,Petrol,10
T01605,2025-10-07,V005,Truck,D142,Driver_142,4.4,R025,Bengaluru,Mumbai,53.7,162,7.55,768.24,0.0,176.95,852.14,1797.33,2793.94,Net Banking,Completed,4.4,Service,Bengaluru,Tata 407,Diesel,10
T01606,2025-04-16,V001,Sedan,D134,Driver_134,4.2,R075,Mumbai,Kochi,-43.0,86,2.62,279.61,0.0,120.52,379.78,779.91,1254.53,Net Banking,Completed,3.7,Service,Mumbai,Honda City,Petrol,10
T01607,2025-04-22,V084,Truck,D108,Driver_108,4.2,R027,Pune,Mumbai,47.0,134,6.0,586.09,0.0,205.51,552.84,1344.44,2449.56,Cash,Completed,5.0,Service,Pune,Tata 407,Diesel,8
T01608,2025-03-28,V057,Sedan,D146,Driver_146,4.2,R016,Delhi,Pune,41.1,130,2.68,278.31,7084.82,64.2,752.26,8179.59,33.92,Card,Cancelled,3.7,Repair,Delhi,Hyundai Verna,Petrol,6
T01609,2025-01-15,V034,Van,D006,Driver_006,4.5,R054,Kochi,Delhi,44.4,167,5.37,533.47,0.0,136.88,697.66,1368.01,2071.76,Cash,Completed,4.0,None,Kochi,Maruti Eeco,Diesel,10
T01610,2025-03-30,V069,SUV,D066,Driver_066,,R009,Mumbai,Visakhapatnam,12.7,45,1.26,132.78,0.0,56.76,180.59,370.13,640.75,Cash,Completed,5.0,None,Mumbai,Hyundai Creta,Diesel,10
T01611,2025-05-22,V021,Sedan,D022,Driver_022,4.7,R052,Chennai,Hyderabad,16.8,37,1.21,125.33,0.0,74.65,150.0,349.98,555.74,UPI,Completed,3.8,Service,Chennai,Hyundai Verna,Petrol,4
T01612,2025-04-29,V045,Van,D112,Driver_112,3.5,R010,Bengaluru,Delhi,16.4,34,1.71,164.86,1871.02,58.91,182.68,2277.47,818.2,Cash,Completed,3.9,Service,Bengaluru,Maruti Eeco,Diesel,8
T01613,2025-01-18,V020,SUV,D008,Driver_008,3.6,R009,Pune,Chennai,52.5,133,4.48,440.28,0.0,195.89,404.19,1040.36,255.07,Net Banking,Cancelled,4.2,Service,Pune,Kia Seltos,Diesel,12
T01614,2025-03-07,V029,Van,D032,Driver_032,3.9,R062,Mumbai,Hyderabad,133.9,403,15.76,1705.56,0.0,181.53,1385.3,3272.39,1015.05,Cash,Cancelled,3.5,None,Mumbai,Maruti Eeco,Diesel,3
T01615,2025-07-30,V038,Sedan,D149,Driver_149,3.7,R026,Delhi,Hyderabad,54.8,88,3.42,372.56,0.0,98.33,315.97,786.86,188.34,Cash,Cancelled,4.0,None,Delhi,Honda City,Petrol,3
T01616,2025-12-02,V057,SUV,D055,Driver_055,4.0,R066,Kochi,Bengaluru,21.2,53,1.65,159.21,8514.74,51.93,166.0,8891.88,772.36,Cash,Completed,3.7,None,Kochi,Kia Seltos,Diesel,7
T01617,2025-06-05,V053,Sedan,D111,Driver_111,3.5,R076,Bengaluru,Visakhapatnam,89.1,248,5.72,563.92,0.0,131.41,835.63,1530.96,2295.79,Cash,Completed,4.5,None,Bengaluru,Hyundai Verna,Petrol,4
T01618,2025-09-05,V028,Truck,D047,Driver_047,4.0,R050,Bengaluru,Hyderabad,26.0,43,3.58,385.4,0.0,66.47,162.88,614.75,1419.93,UPI,Completed,,Service,Bengaluru,Tata 407,Diesel,3
T01619,2025-06-26,V003,Van,D020,Driver_020,4.0,R070,Hyderabad,Kochi,54.9,92,5.88,573.98,1981.25,132.51,394.48,3082.22,2355.88,Cash,Completed,3.4,None,Hyderabad,Force Traveller,Diesel,10
T01620,2025-03-27,V027,Sedan,D112,Driver_112,4.3,R058,Visakhapatnam,Kochi,68.4,198,5.17,494.68,3558.12,201.28,1130.41,5384.49,2053.51,Cash,Completed,3.8,Inspection,Visakhapatnam,Maruti Dzire,Petrol,5
T01621,2025-02-26,V069,Sedan,D121,Driver_121,4.3,R070,Delhi,Chennai,16.6,32,1.03,100.14,0.0,37.08,150.0,287.22,567.37,COD,Completed,4.3,None,Delhi,Honda City,Petrol,4
T01622,2025-07-08,V050,Sedan,D058,Driver_058,3.2,R035,Kochi,Chennai,35.4,69,2.15,221.37,0.0,140.18,331.75,693.3,1197.12,Net Banking,Completed,3.9,None,Kochi,Hyundai Verna,Petrol,7
T01623,2025-04-26,V056,SUV,D138,Driver_138,3.8,R056,Visakhapatnam,Mumbai,,51,2.17,232.0,4130.84,60.33,180.62,4603.79,896.18,UPI,Completed,2.7,Repair,Visakhapatnam,Toyota Innova,Diesel,4
T01624,2025-05-17,V070,Sedan,D132,Driver_132,4.8,R027,Delhi,Hyderabad,43.6,114,3.42,358.19,0.0,112.79,388.47,859.45,1364.22,COD,Completed,4.1,Inspection,Delhi,Honda City,Petrol,10
T01625,2025-01-13,V026,SUV,D036,Driver_036,3.5,R051,Pune,Chennai,45.0,99,3.78,397.91,0.0,110.32,444.19,952.42,26.21,Card,Cancelled,4.4,Repair,Pune,Kia Seltos,Diesel,2
T01626,2025-03-01,V078,SUV,D053,Driver_053,4.5,R008,Delhi,Kochi,20.6,72,1.95,203.73,3444.45,94.85,308.43,4051.46,852.89,Card,Completed,,None,Delhi,Kia Seltos,Diesel,1
T01627,2025-05-09,V081,Van,D128,Driver_128,4.1,R076,Bengaluru,Delhi,49.1,115,5.9,586.55,0.0,108.94,610.36,1305.85,2201.55,COD,Completed,3.9,Inspection,Bengaluru,Force Traveller,Diesel,11
T01628,2025-08-24,V039,SUV,D109,Driver_109,5.0,R009,Chennai,Visakhapatnam,24.0,62,2.32,221.04,0.0,64.38,345.25,630.67,203.12,COD,Cancelled,4.6,None,Chennai,Hyundai Creta,Diesel,5
T01629,2025-10-30,V032,SUV,D093,Driver_093,3.6,R036,Visakhapatnam,Kochi,87.3,176,7.01,683.61,3765.35,219.21,650.63,5318.8,598.46,Net Banking,Cancelled,3.2,None,Visakhapatnam,Hyundai Creta,Diesel,1
T01630,2025-02-27,V095,Van,D023,Driver_023,4.1,R050,Bengaluru,Visakhapatnam,41.9,121,4.47,472.52,0.0,122.17,425.05,1019.74,1556.36,Net Banking,Completed,4.0,None,Bengaluru,Tata Winger,Diesel,9
T01631,2025-07-13,V011,Sedan,D133,Driver_133,4.7,R016,Pune,Chennai,9.2,42,0.62,60.46,0.0,28.31,150.0,238.77,85.03,Net Banking,Cancelled,4.8,Repair,Pune,Honda City,Petrol,11
T01632,2025-10-22,V032,Sedan,D032,Driver_032,3.7,R030,Chennai,Visakhapatnam,41.7,92,2.52,276.15,0.0,150.93,492.92,920.0,1403.67,Cash,Completed,3.6,Service,Chennai,Hyundai Verna,Petrol,8
T01633,2025-11-23,V048,Sedan,D082,Driver_082,2.8,R028,Bengaluru,Pune,38.8,136,2.49,271.01,0.0,56.01,691.86,1018.88,1044.06,Net Banking,Completed,3.9,Service,Bengaluru,Hyundai Verna,Petrol,5
T01634,2025-09-28,V027,Van,D107,Driver_107,3.5,R062,Pune,Bengaluru,13.7,61,1.39,147.06,0.0,21.19,241.02,409.27,720.7,UPI,Completed,4.7,Inspection,Pune,Force Traveller,Diesel,9
T01635,2025-12-25,V009,Van,D128,Driver_128,4.6,R064,Hyderabad,Pune,49.5,139,5.51,574.0,0.0,218.19,686.97,1479.16,22.56,Card,Cancelled,4.0,None,Hyderabad,Force Traveller,Diesel,12
T01636,2025-10-26,V065,Van,D008,Driver_008,,R069,Delhi,Visakhapatnam,20.3,45,1.93,188.57,0.0,85.14,190.44,464.15,847.34,Cash,Completed,4.1,Inspection,Delhi,Force Traveller,Diesel,8
T01637,2025-08-01,V036,SUV,D083,Driver_083,3.7,R052,Pune,Kochi,14.5,52,1.47,149.52,0.0,24.43,237.29,411.24,802.22,Card,Completed,4.7,None,Pune,Kia Seltos,Diesel,5
T01638,2025-10-01,V080,Sedan,D090,Driver_090,4.2,R064,Visakhapatnam,Mumbai,20.6,52,1.52,145.78,5178.57,88.91,224.3,5637.56,654.65,COD,Completed,3.0,Repair,Visakhapatnam,Hyundai Verna,Petrol,3
T01639,2025-01-30,V060,SUV,D071,Driver_071,4.4,R076,Mumbai,Chennai,27.6,63,2.52,251.38,0.0,123.97,313.38,688.73,920.34,Net Banking,Completed,4.0,Service,Mumbai,Toyota Innova,Diesel,5
T01640,2025-03-17,V046,Van,D122,Driver_122,4.5,R040,Mumbai,Visakhapatnam,85.7,287,7.79,800.69,7147.55,208.97,1110.69,9267.9,3345.04,COD,Completed,4.4,Inspection,Mumbai,Force Traveller,Diesel,12
T01641,2025-07-26,V090,Sedan,D103,Driver_103,4.2,R038,Kochi,Mumbai,83.4,197,6.73,696.09,9719.78,153.78,794.31,11363.96,651.24,Cash,Cancelled,4.1,,Kochi,Maruti Dzire,Petrol,12
T01642,2025-05-23,V004,Sedan,D118,Driver_118,4.7,R041,Visakhapatnam,Hyderabad,105.9,310,6.32,614.77,0.0,342.3,1446.13,2403.2,2734.4,Net Banking,Completed,4.6,None,Visakhapatnam,Hyundai Verna,Petrol,12
T01643,2025-11-30,V100,Sedan,D039,Driver_039,3.4,R067,Kochi,Bengaluru,30.1,70,2.38,257.72,4995.6,69.63,347.82,5670.77,799.39,Card,Completed,3.7,None,Kochi,Maruti Dzire,Petrol,10
T01644,2025-08-25,V073,SUV,D029,Driver_029,4.7,R068,Pune,Bengaluru,47.9,94,4.38,478.23,0.0,124.99,305.7,908.92,1673.16,COD,Completed,4.1,Service,Pune,Hyundai Creta,Diesel,4
T01645,2025-05-04,V029,Van,D132,Driver_132,3.7,R048,Bengaluru,Visakhapatnam,14.6,44,1.31,141.42,0.0,64.65,215.03,421.1,871.47,COD,Completed,4.2,None,Bengaluru,Maruti Eeco,Diesel,10
T01646,2025-10-16,V061,SUV,D031,Driver_031,4.8,R022,Bengaluru,Visakhapatnam,99.4,274,7.88,822.92,0.0,269.4,995.61,2087.93,3267.86,Card,Completed,4.7,Inspection,Bengaluru,Toyota Innova,Diesel,11
T01647,2025-06-21,V067,Van,D138,Driver_138,5.0,R022,Delhi,Kochi,51.7,77,5.71,568.43,8728.43,89.25,253.76,9639.87,1967.25,Card,Completed,4.0,Repair,Delhi,Force Traveller,Diesel,9
T01648,2025-02-28,V021,Sedan,D065,Driver_065,3.9,R014,Bengaluru,Hyderabad,28.9,70,-1.86,181.37,3011.09,125.34,273.46,3591.26,1029.01,Cash,Completed,4.6,None,Bengaluru,Honda City,Petrol,9
T01649,2025-07-27,V088,Van,D004,Driver_004,4.4,R057,Bengaluru,Pune,112.3,185,11.07,1172.79,0.0,214.13,789.96,2176.88,4361.45,Card,Completed,3.9,None,Bengaluru,Maruti Eeco,Diesel,7
T01650,2025-04-15,V061,Sedan,D072,Driver_072,4.1,R002,Chennai,Pune,38.5,92,2.91,317.8,0.0,95.85,279.75,693.4,1029.08,COD,Completed,4.2,Inspection,Chennai,Honda City,Petrol,7
T01651,2025-04-22,V046,SUV,D037,Driver_037,3.9,R058,Visakhapatnam,Kochi,51.4,108,5.0,501.96,0.0,214.14,619.23,1335.33,195.77,COD,Cancelled,3.4,None,Visakhapatnam,Hyundai Creta,Diesel,7
T01652,2025-12-17,V095,SUV,D086,Driver_086,4.0,R066,Delhi,Kochi,51.7,126,5.12,545.47,8353.74,213.49,452.84,9565.54,185.77,COD,Cancelled,3.3,Service,Delhi,Toyota Innova,Diesel,5
T01653,2025-07-20,V009,Sedan,D084,Driver_084,4.5,R018,Kochi,Hyderabad,45.3,125,3.61,357.31,0.0,151.37,382.08,890.76,1477.01,UPI,Completed,3.9,None,Kochi,Honda City,Petrol,10
T01654,2025-12-12,V004,Sedan,D015,Driver_015,3.2,R080,Kochi,Chennai,60.9,157,4.74,455.29,0.0,245.81,824.9,1526.0,1446.17,Cash,Completed,2.6,Service,Kochi,Hyundai Verna,Petrol,10
T01655,2025-05-26,V051,Sedan,D030,Driver_030,4.1,R067,Mumbai,Pune,20.5,61,1.42,145.92,0.0,31.01,219.63,396.56,980.08,Cash,Completed,3.2,None,Mumbai,Honda City,Petrol,8
T01656,2025-09-22,V088,Sedan,D132,Driver_132,4.2,R069,Bengaluru,Mumbai,24.7,49,1.79,191.51,0.0,68.99,168.32,428.82,755.1,,Completed,3.2,Service,Bengaluru,Hyundai Verna,Petrol,4
T01657,2025-11-08,V006,Sedan,D122,Driver_122,3.9,R003,Bengaluru,Chennai,140.9,361,9.69,1012.5,0.0,588.51,1557.67,3158.68,3600.44,Net Banking,Completed,5.0,Inspection,Bengaluru,Hyundai Verna,Petrol,12
T01658,2025-11-24,V040,Truck,D131,Driver_131,4.6,R016,Kochi,Bengaluru,12.4,37,1.71,176.25,0.0,17.99,205.16,399.4,645.81,COD,Completed,4.0,None,Kochi,BharatBenz 1015,Diesel,10
T01659,2025-08-30,V030,Sedan,D035,Driver_035,3.9,R021,Hyderabad,Pune,93.1,271,6.76,720.83,0.0,137.57,1561.43,2419.83,2489.74,UPI,Completed,4.1,Service,Hyderabad,Honda City,Petrol,6
T01660,2025-02-04,V044,SUV,D024,Driver_024,4.6,R059,Hyderabad,Kochi,18.8,37,1.7,180.22,5731.15,30.08,190.19,6131.64,835.28,Net Banking,Completed,3.4,None,Hyderabad,Toyota Innova,Diesel,11
T01661,2025-01-04,V022,SUV,D026,Driver_026,4.4,R079,Delhi,Kochi,9.7,28,0.96,101.35,0.0,22.15,150.0,273.5,522.47,UPI,Completed,4.1,Service,Delhi,Kia Seltos,Diesel,7
T01662,2025-12-21,V034,Van,D034,Driver_034,3.9,R012,Delhi,Hyderabad,14.1,51,1.27,128.77,0.0,43.43,295.18,467.38,1035.61,Cash,Completed,4.1,None,Delhi,Force Traveller,Diesel,5
T01663,2025-09-17,V004,Truck,D075,Driver_075,4.0,R030,Visakhapatnam,Delhi,47.6,97,6.39,651.75,0.0,193.37,501.06,1346.18,2433.15,UPI,Completed,4.4,Repair,Visakhapatnam,Ashok Leyland Dost,Diesel,7
T01664,2025-09-01,V057,Truck,D096,Driver_096,4.5,R022,Kochi,Bengaluru,61.4,176,8.46,857.16,0.0,168.7,735.07,1760.93,2964.01,UPI,Completed,3.5,Inspection,Kochi,Tata 407,Diesel,4
T01665,2025-09-10,V079,Van,D010,Driver_010,3.8,R010,Bengaluru,Hyderabad,7.9,20,0.78,77.15,7441.74,16.15,150.0,7685.04,801.87,Net Banking,Completed,3.6,None,Bengaluru,Force Traveller,Diesel,6
T01666,2025-07-25,V056,Sedan,D129,Driver_129,4.4,R063,Delhi,Visakhapatnam,20.7,39,1.57,155.1,5120.41,55.71,204.06,5535.28,595.08,Cash,Completed,4.0,None,Delhi,Maruti Dzire,Petrol,6
T01667,2025-11-25,V064,Sedan,D011,Driver_011,4.2,R041,Kochi,Pune,142.1,454,11.2,1156.79,0.0,649.31,1476.34,3282.44,3616.03,Net Banking,Completed,3.6,Service,Kochi,Maruti Dzire,Petrol,7
T01668,2025-05-01,V002,SUV,D022,Driver_022,4.0,R052,Pune,Visakhapatnam,50.0,77,3.94,381.06,0.0,153.06,315.57,849.69,1940.64,Cash,Completed,4.8,None,Pune,Hyundai Creta,Diesel,8
T01669,2025-08-09,V047,Truck,D032,Driver_032,3.6,R006,Kochi,Visakhapatnam,67.8,205,9.62,1047.53,1549.22,149.31,661.79,3407.85,3181.65,Cash,Completed,4.2,Repair,Kochi,Tata 407,Diesel,12
T01670,2025-01-19,V067,SUV,D128,Driver_128,4.2,R024,Visakhapatnam,Kochi,43.9,140,3.85,404.33,0.0,122.15,754.35,1280.83,1433.24,Cash,Completed,3.6,Repair,Visakhapatnam,Toyota Innova,Diesel,1
T01671,2025-11-22,V089,Sedan,D012,Driver_012,4.2,R013,Chennai,Delhi,20.0,36,1.33,131.83,0.0,75.82,178.73,386.38,955.89,UPI,Completed,2.9,Inspection,Chennai,Hyundai Verna,Petrol,4
T01672,2025-07-04,V052,SUV,D094,Driver_094,4.0,R006,Visakhapatnam,Hyderabad,14.3,54,1.38,150.14,0.0,26.12,262.76,439.02,748.16,Net Banking,Completed,4.3,Repair,Visakhapatnam,Kia Seltos,Diesel,7
T01673,2025-01-20,V084,Sedan,D097,Driver_097,3.1,R045,Chennai,Mumbai,36.0,117,2.92,280.52,0.0,167.3,619.19,1067.01,1326.35,UPI,Completed,4.2,Repair,Chennai,Hyundai Verna,Petrol,4
T01674,2025-02-19,V088,Van,D072,Driver_072,4.3,R060,Bengaluru,Hyderabad,11.4,44,1.12,120.93,0.0,39.13,219.57,379.63,66.42,Card,Cancelled,4.3,None,Bengaluru,Force Traveller,Diesel,11
T01675,2025-06-18,V034,Sedan,D094,Driver_094,3.6,R025,Visakhapatnam,Mumbai,112.6,263,7.46,804.73,2097.85,304.13,1493.13,4699.84,2950.23,Cash,Completed,4.3,Inspection,Visakhapatnam,Maruti Dzire,Petrol,12
T01676,2025-04-12,V015,Truck,D125,Driver_125,4.5,R053,Mumbai,Chennai,33.3,115,4.75,510.55,9879.37,93.6,496.47,10979.99,1766.98,UPI,Completed,3.7,Repair,Mumbai,Tata 407,Diesel,8
T01677,2025-11-30,V008,Truck,D097,Driver_097,4.0,R070,Hyderabad,Mumbai,46.2,136,6.99,678.67,0.0,159.62,734.3,1572.59,2218.76,Net Banking,Completed,5.0,None,Hyderabad,Ashok Leyland Dost,Diesel,4
T01678,2025-01-31,V053,SUV,D109,Driver_109,3.7,R052,Mumbai,Delhi,29.2,80,2.57,254.9,0.0,96.87,283.37,635.14,108.47,COD,Cancelled,3.6,Repair,Mumbai,Toyota Innova,Diesel,11
T01679,2025-05-03,V021,Van,D041,Driver_041,4.6,R035,Visakhapatnam,Chennai,53.7,136,5.12,561.94,0.0,103.55,758.65,1424.14,2141.23,UPI,Completed,4.4,None,Visakhapatnam,Tata Winger,Diesel,11
T01680,2025-05-08,V056,Truck,D020,Driver_020,3.7,R052,Delhi,Mumbai,58.7,181,10.19,1040.51,0.0,268.77,767.27,2076.55,427.63,Net Banking,Cancelled,4.1,,Delhi,Ashok Leyland Dost,Diesel,11
T01681,2025-12-05,V054,Truck,D124,Driver_124,4.5,R018,Mumbai,Chennai,8.1,40,1.39,137.52,0.0,34.86,171.98,344.36,517.32,Net Banking,Completed,4.7,None,Mumbai,Tata 407,Diesel,10
T01682,2025-03-01,V066,SUV,D015,Driver_015,3.4,R021,Visakhapatnam,Mumbai,29.9,107,2.37,257.26,0.0,79.28,563.95,900.49,1264.05,COD,Completed,3.8,None,Visakhapatnam,Kia Seltos,Diesel,8
T01683,2025-03-20,V031,Van,D040,Driver_040,4.4,R015,Pune,Mumbai,17.3,69,2.1,225.24,0.0,39.95,245.78,510.97,1106.62,UPI,Completed,3.0,Inspection,Pune,Tata Winger,Diesel,4
T01684,2025-09-25,V092,Sedan,D059,Driver_059,3.9,R080,Pune,Bengaluru,31.7,98,1.9,208.79,5323.48,93.99,496.88,6123.14,92.92,UPI,Cancelled,4.6,Inspection,Pune,Honda City,Petrol,1
T01685,2025-09-27,V012,Sedan,D048,Driver_048,4.5,R080,Kochi,Delhi,24.2,72,1.92,184.37,0.0,65.48,340.65,590.5,1006.01,Net Banking,Completed,3.7,Inspection,Kochi,Hyundai Verna,Petrol,8
T01686,2025-04-09,V072,Truck,D096,Driver_096,3.2,R018,Kochi,Delhi,46.1,109,6.76,670.77,0.0,174.37,592.4,1437.54,2316.11,Cash,Completed,4.4,None,Kochi,Ashok Leyland Dost,Diesel,9
T01687,2025-04-17,V073,SUV,D035,Driver_035,3.7,R013,Delhi,Mumbai,8.6,15,0.64,61.88,0.0,27.17,150.0,239.05,55.5,UPI,Cancelled,,Repair,Delhi,Kia Seltos,Diesel,6
T01688,2025-12-05,V017,Sedan,D042,Driver_042,4.0,R065,Mumbai,Delhi,26.8,48,2.06,197.0,0.0,124.73,230.3,552.03,795.46,UPI,Completed,4.5,None,Mumbai,Hyundai Verna,Petrol,9
T01689,2025-04-10,V058,SUV,D056,Driver_056,,R020,Kochi,Hyderabad,51.1,106,5.0,545.64,0.0,143.68,356.68,1046.0,1934.59,COD,Completed,4.9,None,Kochi,Hyundai Creta,Diesel,8
T01690,2025-08-01,V020,Sedan,D127,Driver_127,5.0,R068,Kochi,Visakhapatnam,61.6,194,4.5,489.67,0.0,254.16,1097.1,1840.93,1570.54,Cash,Completed,3.2,Inspection,Kochi,Honda City,Petrol,1
T01691,2025-01-23,V025,Sedan,D088,Driver_088,3.9,R038,Pune,Chennai,19.4,45,1.25,120.39,0.0,64.01,226.17,410.57,767.69,Card,Completed,3.8,Repair,Pune,Hyundai Verna,Petrol,2
T01692,2025-05-15,V044,SUV,D082,Driver_082,3.5,R001,Kochi,Hyderabad,42.5,125,3.44,363.66,0.0,156.96,495.69,1016.31,394.13,Card,Cancelled,4.0,Inspection,Kochi,Toyota Innova,Diesel,3
T01693,2025-11-05,V005,SUV,D020,Driver_020,4.2,R072,Kochi,Mumbai,13.2,50,1.25,134.64,1764.6,48.36,258.76,2206.36,670.17,Card,Completed,4.2,None,Kochi,Kia Seltos,Diesel,2
T01694,2025-04-09,V041,Sedan,D080,Driver_080,3.6,R058,Pune,Delhi,118.6,323,8.17,,3203.23,215.2,1247.95,5522.47,2717.71,Cash,Completed,3.8,Repair,Pune,Maruti Dzire,Petrol,8
T01695,2025-05-18,V057,SUV,D135,Driver_135,4.1,R057,Chennai,Pune,98.9,255,7.95,800.03,7218.69,383.94,979.56,9382.22,3408.17,UPI,Completed,4.6,Inspection,Chennai,Kia Seltos,Diesel,7
T01696,2025-04-17,V005,Sedan,D120,Driver_120,3.6,R052,Mumbai,Pune,66.3,182,4.16,453.68,2337.59,189.85,820.64,3801.76,1941.64,COD,Completed,4.1,Repair,Mumbai,Hyundai Verna,Petrol,9
T01697,2025-11-14,V017,Sedan,D111,Driver_111,3.0,R032,Delhi,Bengaluru,11.3,15,0.74,74.52,0.0,47.03,150.0,271.55,395.99,COD,Completed,4.3,Service,Delhi,Hyundai Verna,Petrol,10
T01698,2025-11-03,V041,SUV,D067,Driver_067,4.3,R037,Visakhapatnam,Delhi,9.0,26,0.85,84.23,0.0,13.72,150.0,247.95,362.95,COD,Completed,3.7,Inspection,Visakhapatnam,Toyota Innova,Diesel,1
T01699,2025-02-08,V083,Sedan,D139,Driver_139,3.7,R007,Mumbai,Visakhapatnam,41.0,117,3.03,295.67,0.0,86.21,395.44,777.32,1017.82,Card,Completed,3.4,None,Mumbai,Honda City,Petrol,8
T01700,2025-12-03,V011,Sedan,D040,Driver_040,,R013,Bengaluru,Mumbai,68.2,102,5.48,578.01,9092.49,157.1,446.49,10274.09,1940.61,Net Banking,Completed,3.6,Inspection,Bengaluru,Maruti Dzire,Petrol,6
T01701,2025-08-20,V055,SUV,D030,Driver_030,4.1,R039,Delhi,Chennai,31.0,69,2.43,238.92,8951.2,141.9,256.03,9588.05,1398.07,Net Banking,Completed,,Inspection,Delhi,Hyundai Creta,Diesel,11
T01702,2025-12-27,V019,Sedan,D085,Driver_085,4.1,R047,Mumbai,Visakhapatnam,90.4,199,5.73,620.91,5019.42,298.44,950.1,6888.87,2145.57,COD,Completed,4.5,Inspection,Mumbai,Maruti Dzire,Petrol,12
T01703,2025-06-10,V016,Sedan,D041,Driver_041,4.2,R065,Visakhapatnam,Delhi,12.8,37,0.91,94.1,5558.88,54.06,184.31,5891.35,402.46,COD,Completed,4.8,Service,Visakhapatnam,Maruti Dzire,Petrol,11
T01704,2025-03-27,V091,Van,D107,Driver_107,4.2,R069,Kochi,Hyderabad,14.3,44,1.35,134.66,8856.96,36.14,231.2,9258.96,771.99,UPI,Completed,5.0,Service,Kochi,Maruti Eeco,Diesel,12
T01705,2025-03-07,V051,Sedan,D066,Driver_066,4.4,R034,Mumbai,Hyderabad,33.4,118,2.61,262.97,0.0,84.22,423.71,770.9,955.35,UPI,Completed,4.1,None,Mumbai,Honda City,Petrol,7
T01706,2025-03-15,V014,SUV,D036,Driver_036,2.8,R020,Visakhapatnam,Kochi,21.5,31,1.95,212.75,0.0,63.21,159.11,435.07,853.02,,Completed,3.6,Inspection,Visakhapatnam,Toyota Innova,Diesel,9
T01707,2025-11-05,V097,Sedan,D019,Driver_019,3.7,R013,Pune,Mumbai,25.0,83,1.74,167.5,0.0,33.38,358.92,559.8,744.94,Card,Completed,3.8,Repair,Pune,Honda City,Petrol,5
T01708,2025-06-05,V038,Sedan,D087,Driver_087,5.0,R042,Chennai,Visakhapatnam,81.9,243,5.67,606.14,0.0,361.65,825.19,1792.98,2289.35,Cash,Completed,2.9,None,Chennai,Honda City,Petrol,10
T01709,2025-06-30,V010,SUV,D060,Driver_060,4.5,R068,Hyderabad,Pune,51.2,176,4.05,386.99,0.0,71.76,573.94,1032.69,287.63,COD,Cancelled,4.2,Service,Hyderabad,Kia Seltos,Diesel,3
T01710,2025-07-19,V056,Van,D060,Driver_060,4.4,R080,Hyderabad,Visakhapatnam,38.9,113,3.74,391.97,0.0,158.58,388.85,939.4,1594.0,Card,Completed,4.5,None,Hyderabad,Tata Winger,Diesel,8
T01711,2025-08-23,V022,Sedan,D087,Driver_087,4.4,R039,Visakhapatnam,Hyderabad,69.2,110,4.69,480.68,2155.85,146.29,436.43,3219.25,1682.01,Card,Completed,4.2,Repair,Visakhapatnam,Hyundai Verna,Petrol,12
T01712,2025-02-13,V057,Truck,D061,Driver_061,3.4,R061,Pune,Mumbai,41.0,140,5.26,566.87,0.0,164.67,434.08,1165.62,2097.72,Cash,Completed,4.3,None,Pune,BharatBenz 1015,Diesel,9
T01713,2025-10-08,V012,Truck,D085,Driver_085,4.5,R023,Pune,Chennai,43.1,124,5.87,607.18,0.0,75.81,522.41,1205.4,2282.61,Card,Completed,4.1,None,Pune,BharatBenz 1015,Diesel,9
T01714,2025-02-01,V064,Sedan,D133,Driver_133,4.3,R067,Bengaluru,Visakhapatnam,33.2,74,1.98,210.71,0.0,148.27,279.6,638.58,1087.45,UPI,Completed,3.3,Inspection,Bengaluru,Honda City,Petrol,4
T01715,2025-08-22,V052,Sedan,D028,Driver_028,3.9,R058,Chennai,Delhi,30.7,102,2.29,236.87,0.0,129.78,423.96,790.61,878.28,UPI,Completed,4.0,Repair,Chennai,Hyundai Verna,Petrol,11
T01716,2025-01-31,V082,Truck,D145,Driver_145,3.4,R017,Hyderabad,Mumbai,40.4,59,6.94,691.43,0.0,62.41,231.02,984.86,1836.93,UPI,Completed,4.2,None,Hyderabad,Tata 407,Diesel,12
T01717,2025-06-27,V093,Van,D128,Driver_128,3.9,R037,Delhi,Hyderabad,23.4,49,2.19,217.21,7091.1,44.55,206.61,7559.47,944.33,Card,Completed,4.1,Repair,Delhi,Force Traveller,Diesel,11
T01718,2025-06-16,V041,Van,D118,Driver_118,4.3,R031,Chennai,Pune,31.3,102,3.78,398.04,534.91,54.76,560.3,1548.01,1603.7,Net Banking,Completed,3.7,Repair,Chennai,Tata Winger,Diesel,10
T01719,2025-08-01,V036,SUV,D046,Driver_046,4.1,R017,Hyderabad,Bengaluru,76.7,200,7.29,757.74,0.0,333.13,1150.1,2240.97,2493.36,Cash,Completed,4.3,Inspection,Hyderabad,Kia Seltos,Diesel,7
T01720,2025-01-29,V002,Sedan,D008,Driver_008,4.7,R039,Pune,Chennai,17.1,64,1.18,121.01,0.0,65.42,372.72,559.15,784.29,Net Banking,Completed,4.0,Repair,Pune,Hyundai Verna,Petrol,3
T01721,2025-02-05,V097,Sedan,D061,Driver_061,4.6,R061,Hyderabad,Kochi,16.7,43,1.02,100.68,2427.44,38.73,187.15,2754.0,890.82,Net Banking,Completed,3.5,Repair,Hyderabad,Honda City,Petrol,12
T01722,2025-08-23,V067,SUV,D146,Driver_146,4.5,R002,Mumbai,Hyderabad,54.9,104,4.88,515.96,0.0,229.19,498.13,1243.28,2047.86,Cash,Completed,3.6,Inspection,Mumbai,Kia Seltos,Diesel,8
T01723,2025-01-26,V022,SUV,D111,Driver_111,3.9,R005,Delhi,Visakhapatnam,65.5,197,6.4,664.87,0.0,142.73,1120.84,1928.44,2439.19,UPI,Completed,4.0,Inspection,Delhi,Toyota Innova,Diesel,6
T01724,2025-03-15,V010,Van,D039,Driver_039,4.1,R075,Mumbai,Kochi,80.8,210,8.89,871.08,3281.42,299.24,949.57,5401.31,3006.93,Cash,Completed,3.2,Repair,Mumbai,Force Traveller,Diesel,2
T01725,2025-09-23,V069,SUV,D052,Driver_052,4.0,R030,Mumbai,Delhi,16.3,67,1.42,149.76,1298.03,50.92,343.32,1842.03,714.55,Cash,Completed,4.2,Inspection,Mumbai,Toyota Innova,Diesel,3
T01726,2025-02-24,V022,Van,D009,Driver_009,3.7,R041,Pune,Delhi,17.0,43,1.81,184.35,0.0,77.27,157.69,419.31,779.2,Card,Completed,2.5,Service,Pune,Tata Winger,Diesel,12
T01727,2025-12-23,V031,SUV,D130,Driver_130,4.0,R072,Hyderabad,Mumbai,7.9,34,0.78,76.39,7260.6,10.82,170.74,7518.55,395.84,Cash,Completed,3.6,Service,Hyderabad,Kia Seltos,Diesel,8
T01728,2025-07-18,V080,Sedan,D084,Driver_084,4.4,R078,Pune,Hyderabad,85.6,205,6.25,667.42,8520.63,376.01,1007.91,10571.97,2039.04,Card,Completed,4.7,None,Pune,Hyundai Verna,Petrol,8
T01729,2025-07-31,V052,Van,D141,Driver_141,4.4,R068,Visakhapatnam,Kochi,66.0,124,6.5,710.28,0.0,117.87,547.79,1375.94,2831.12,COD,Completed,5.0,None,Visakhapatnam,Tata Winger,Diesel,6
T01730,2025-10-21,V017,Van,D035,Driver_035,3.9,R028,Delhi,Visakhapatnam,30.6,54,3.72,377.82,0.0,72.31,230.2,680.33,1533.52,Card,Completed,3.2,None,Delhi,Tata Winger,Diesel,2
T01731,2025-10-18,V096,SUV,D109,Driver_109,4.3,R044,Hyderabad,Pune,21.6,81,1.94,189.56,0.0,75.97,272.57,538.1,751.64,Cash,Completed,4.6,Inspection,Hyderabad,Toyota Innova,Diesel,2
T01732,2025-04-13,V048,SUV,D039,Driver_039,3.7,R027,Visakhapatnam,Delhi,21.2,54,1.85,194.86,1120.55,62.96,231.08,1609.45,97.42,COD,Cancelled,3.3,None,Visakhapatnam,Hyundai Creta,Diesel,5
T01733,2025-04-09,V001,SUV,D042,Driver_042,4.8,R070,Chennai,Delhi,23.9,60,1.84,182.45,0.0,86.25,280.65,549.35,59.34,UPI,Cancelled,3.9,Service,Chennai,Toyota Innova,Diesel,12
T01734,2025-07-05,V049,Truck,D114,Driver_114,4.4,R039,Pune,Chennai,14.3,23,2.07,205.19,2390.38,20.95,150.0,2766.52,1013.07,Cash,Completed,4.5,None,Pune,Tata 407,Diesel,4
T01735,2025-09-16,V082,SUV,D134,Driver_134,4.3,R050,Mumbai,Delhi,23.1,78,2.06,198.31,0.0,40.68,450.62,689.61,785.16,UPI,Completed,4.0,None,Mumbai,Kia Seltos,Diesel,6
T01736,2025-03-16,V009,Sedan,D049,Driver_049,4.4,R002,Bengaluru,Chennai,38.0,115,2.79,274.59,7888.79,107.13,381.24,8651.75,1270.27,Cash,Completed,3.2,None,Bengaluru,Maruti Dzire,Petrol,10
T01737,2025-01-20,V098,Sedan,D077,Driver_077,3.3,R053,Pune,Mumbai,19.5,54,1.57,170.91,1121.14,58.77,263.64,1614.46,855.52,COD,Completed,3.9,Inspection,Pune,Hyundai Verna,Petrol,1
T01738,2025-07-03,V025,Sedan,D131,Driver_131,5.0,R008,Chennai,Pune,25.5,45,1.96,210.17,0.0,43.26,202.34,455.77,864.5,Card,Completed,4.5,Service,Chennai,Honda City,Petrol,8
T01739,2025-06-01,V084,Sedan,D015,Driver_015,3.9,R030,Hyderabad,Pune,62.5,167,4.99,520.81,0.0,184.38,708.31,1413.5,1505.35,UPI,Completed,4.2,Inspection,Hyderabad,Hyundai Verna,Petrol,5
T01740,2025-06-25,V041,Sedan,D022,Driver_022,3.8,R002,Mumbai,Hyderabad,47.2,76,3.5,350.57,0.0,128.29,400.43,879.29,1461.62,Net Banking,Completed,4.3,Service,Mumbai,Hyundai Verna,Petrol,1
T01741,2025-07-24,V098,Sedan,D060,Driver_060,4.5,R011,Visakhapatnam,Chennai,19.7,39,1.18,125.61,0.0,38.38,150.0,313.99,698.78,,Completed,4.4,None,Visakhapatnam,Honda City,Petrol,1
T01742,2025-11-25,V021,Sedan,D079,Driver_079,4.8,R016,Visakhapatnam,Pune,51.9,87,3.68,395.82,888.97,146.32,389.56,1820.67,1478.72,Net Banking,Completed,3.9,None,Visakhapatnam,Honda City,Petrol,11
T01743,2025-11-09,V055,SUV,D005,Driver_005,3.9,R060,Bengaluru,Hyderabad,45.2,144,4.36,478.26,0.0,78.24,803.52,1360.02,1807.85,UPI,Completed,3.2,Service,Bengaluru,Kia Seltos,Diesel,7
T01744,2025-10-07,V094,SUV,D113,Driver_113,,R056,Bengaluru,Kochi,35.5,77,2.9,275.57,4036.55,127.14,402.3,4841.56,307.44,COD,Cancelled,5.0,Repair,Bengaluru,Hyundai Creta,Diesel,10
T01745,2025-05-20,V081,SUV,D100,Driver_100,4.4,R047,Chennai,Pune,44.2,115,4.23,444.2,2739.04,192.0,495.35,3870.59,1850.98,UPI,Completed,5.0,None,Chennai,Kia Seltos,Diesel,9
T01746,2025-11-27,V026,Truck,D035,Driver_035,4.2,R064,Delhi,Hyderabad,18.3,60,3.17,342.45,0.0,85.3,268.73,696.48,317.82,COD,Cancelled,2.5,Service,Delhi,Ashok Leyland Dost,Diesel,6
T01747,2025-05-20,V032,Sedan,D114,Driver_114,3.6,R053,Visakhapatnam,Mumbai,37.1,81,2.43,255.39,0.0,106.15,417.17,778.71,1339.36,Net Banking,Completed,4.6,None,Visakhapatnam,Honda City,Petrol,9
T01748,2025-02-03,V093,Sedan,D036,Driver_036,3.9,R003,Bengaluru,Mumbai,18.6,51,1.32,127.31,4905.57,45.05,209.98,5287.91,760.78,COD,Completed,2.7,None,Bengaluru,Hyundai Verna,Petrol,9
T01749,2025-08-12,V064,Sedan,D113,Driver_113,4.2,R055,Bengaluru,Hyderabad,70.5,166,4.95,540.89,9470.64,193.94,575.72,10781.19,2036.26,Card,Completed,4.5,None,Bengaluru,Honda City,Petrol,6
T01750,2025-03-17,V006,Van,D079,Driver_079,4.6,R065,Visakhapatnam,Kochi,12.6,43,1.31,125.68,0.0,20.5,213.62,359.8,825.14,COD,Completed,4.1,None,Visakhapatnam,Force Traveller,Diesel,6
T01751,2025-02-11,V075,Sedan,D115,Driver_115,5.0,R044,Kochi,Delhi,7.7,22,0.53,52.31,0.0,35.37,150.0,237.68,561.09,Cash,Completed,4.6,Repair,Kochi,Maruti Dzire,Petrol,12
T01752,2025-08-04,V035,Van,D097,Driver_097,4.1,R074,Visakhapatnam,Mumbai,107.8,220,9.81,946.44,0.0,305.52,727.02,1978.98,3970.96,Card,Completed,2.6,None,Visakhapatnam,Tata Winger,Diesel,1
T01753,2025-06-26,V081,Sedan,D020,Driver_020,4.2,R053,Mumbai,Pune,46.0,133,3.34,331.09,0.0,194.51,562.37,1087.97,1248.17,COD,Completed,3.4,None,Mumbai,Hyundai Verna,Petrol,7
T01754,2025-01-19,V041,Truck,D085,Driver_085,4.5,R074,Bengaluru,Delhi,11.0,15,1.41,135.18,3824.71,40.73,150.0,4150.62,884.0,Net Banking,Completed,4.3,None,Bengaluru,Tata 407,Diesel,8
T01755,2025-06-10,V005,Sedan,D066,Driver_066,4.0,R053,Bengaluru,Kochi,49.0,129,3.66,353.8,0.0,98.21,540.54,992.55,1339.79,Cash,Completed,3.6,None,Bengaluru,Hyundai Verna,Petrol,5
T01756,2025-01-30,V065,Sedan,D120,Driver_120,3.9,R005,Mumbai,Kochi,60.7,156,4.39,476.26,0.0,213.32,670.12,1359.7,1672.69,Card,Completed,3.9,Service,Mumbai,Hyundai Verna,Petrol,5
T01757,2025-02-12,V025,Sedan,D111,Driver_111,4.0,R015,Delhi,Chennai,22.6,31,1.49,153.28,0.0,41.38,150.0,344.66,729.98,Net Banking,Completed,2.7,Repair,Delhi,Hyundai Verna,Petrol,11
T01758,2025-08-04,V045,Truck,D086,Driver_086,3.0,R059,Chennai,Delhi,27.0,78,4.44,477.35,2034.27,88.15,263.44,2863.21,1310.85,UPI,completed,3.5,None,Chennai,BharatBenz 1015,Diesel,4
T01759,2025-05-01,V028,SUV,D136,Driver_136,4.5,R069,Bengaluru,Pune,16.5,50,1.45,144.97,0.0,50.05,278.26,473.28,877.73,COD,Completed,4.7,Repair,Bengaluru,Kia Seltos,Diesel,1
T01760,2025-01-23,V014,Van,D004,Driver_004,4.7,R030,Pune,Chennai,19.5,45,1.89,205.73,9799.47,55.57,176.69,10237.46,886.82,Cash,Completed,3.8,Repair,Pune,Tata Winger,Diesel,12
T01761,2025-08-23,V048,Sedan,D108,Driver_108,3.9,R052,Delhi,Visakhapatnam,,67,1.98,205.04,0.0,55.27,212.59,472.9,974.85,Net Banking,Completed,3.7,None,Delhi,Honda City,Petrol,8
T01762,2025-05-12,V058,Truck,D139,Driver_139,4.0,R037,Mumbai,Bengaluru,35.3,73,5.35,508.97,0.0,127.97,328.43,965.37,1722.73,Net Banking,Completed,,None,Mumbai,Tata 407,Diesel,11
T01763,2025-09-18,V094,Sedan,D095,Driver_095,2.6,R074,Hyderabad,Bengaluru,85.6,195,5.68,549.06,0.0,172.87,1038.83,1760.76,2291.06,COD,Completed,4.9,Repair,Hyderabad,Honda City,Petrol,8
T01764,2025-08-14,V045,Van,D022,Driver_022,3.6,R007,Pune,Chennai,62.1,187,5.68,552.68,7497.79,128.71,955.83,9135.01,2492.87,,Completed,4.2,None,Pune,Force Traveller,Diesel,4
T01765,2025-06-08,V051,Van,D018,Driver_018,3.8,R080,Hyderabad,Chennai,38.6,73,4.35,457.56,0.0,90.07,242.91,790.54,1765.58,UPI,Completed,3.7,None,Hyderabad,Force Traveller,Diesel,11
T01766,2025-08-27,V073,SUV,D014,Driver_014,4.9,R063,Visakhapatnam,Kochi,21.2,72,1.92,208.25,0.0,66.63,411.67,686.55,789.43,Card,Completed,3.8,Service,Visakhapatnam,Kia Seltos,Diesel,1
T01767,2025-05-19,V078,Van,D014,Driver_014,3.4,R056,Chennai,Visakhapatnam,10.6,24,1.1,117.52,0.0,46.03,150.0,313.55,130.47,UPI,Cancelled,3.1,Inspection,Chennai,Tata Winger,Diesel,2
T01768,2025-11-26,V070,Truck,D050,Driver_050,4.4,R079,Delhi,Hyderabad,60.9,189,8.23,895.84,0.0,254.09,828.94,1978.87,2995.37,Cash,Completed,4.0,Service,Delhi,Tata 407,Diesel,4
T01769,2025-03-21,V045,SUV,D148,Driver_148,4.0,R018,Chennai,Hyderabad,32.3,49,2.71,260.97,0.0,60.14,207.16,528.27,1194.37,UPI,Completed,4.4,Repair,Chennai,Hyundai Creta,Diesel,12
T01770,2025-01-03,V006,Sedan,D077,Driver_077,3.5,R069,Bengaluru,Chennai,41.5,83,2.97,282.23,0.0,77.83,331.83,691.89,1392.99,Net Banking,Completed,4.9,None,Bengaluru,Honda City,Petrol,4
T01771,2025-05-07,V048,SUV,D149,Driver_149,4.8,R018,Bengaluru,Chennai,73.5,182,6.23,674.91,0.0,307.16,888.64,1870.71,2304.26,UPI,Completed,4.5,None,Bengaluru,Toyota Innova,Diesel,3
T01772,2025-04-30,V036,Sedan,D046,Driver_046,4.3,R045,Mumbai,Hyderabad,32.5,80,1.94,198.19,0.0,60.47,283.35,542.01,1179.84,COD,Completed,3.4,Repair,Mumbai,Hyundai Verna,Petrol,1
T01773,2025-03-04,V020,Van,D081,Driver_081,4.3,R027,Delhi,Hyderabad,79.7,173,8.17,819.16,8634.4,128.63,805.63,10387.82,3057.7,UPI,Completed,3.4,Inspection,Delhi,Tata Winger,Diesel,11
T01774,2025-01-18,V009,Sedan,D124,Driver_124,4.4,R059,Pune,Visakhapatnam,51.8,161,3.65,354.74,0.0,214.39,879.99,1449.12,375.47,UPI,Cancelled,3.4,Service,Pune,Honda City,Petrol,9
T01775,2025-06-16,V057,Sedan,D127,Driver_127,4.8,R027,Visakhapatnam,Mumbai,30.7,72,1.98,209.66,8452.76,96.4,333.66,9092.48,1004.68,COD,Completed,4.2,Service,Visakhapatnam,Hyundai Verna,Petrol,10
T01776,2025-08-22,V033,SUV,D008,Driver_008,3.9,R006,Delhi,Visakhapatnam,22.5,61,2.05,196.91,0.0,61.9,211.18,469.99,908.19,COD,Completed,4.1,None,Delhi,Toyota Innova,Diesel,6
T01777,2025-03-14,V019,Truck,D144,Driver_144,4.4,R065,Hyderabad,Visakhapatnam,57.6,170,7.79,802.3,0.0,190.07,584.39,1576.76,2911.48,COD,Completed,4.4,None,Hyderabad,Ashok Leyland Dost,Diesel,5
T01778,2025-10-04,V003,Sedan,D005,Driver_005,3.7,R069,Visakhapatnam,Kochi,26.1,58,1.87,178.82,8117.95,70.13,244.01,8610.91,954.93,Cash,Completed,3.7,None,Visakhapatnam,Hyundai Verna,Petrol,1
T01779,2025-03-10,V055,SUV,D056,Driver_056,4.3,R066,Pune,Chennai,15.2,48,1.48,158.44,0.0,50.77,224.3,433.51,881.19,Card,Completed,4.5,None,Pune,Toyota Innova,Diesel,9
T01780,2025-11-04,V091,Sedan,D033,Driver_033,5.0,R064,Delhi,,93.7,153,5.8,595.76,0.0,311.79,840.1,1747.65,2500.86,,Completed,4.0,Repair,Delhi,Honda City,Petrol,11
T01781,2025-11-09,V084,SUV,D129,Driver_129,4.3,R060,Bengaluru,Delhi,51.0,92,4.04,390.35,0.0,204.48,296.36,891.19,1725.71,Net Banking,Completed,3.2,Inspection,Bengaluru,Kia Seltos,Diesel,9
T01782,2025-04-11,V015,Truck,D077,Driver_077,4.0,R054,Pune,Kochi,42.9,79,6.97,716.8,0.0,140.61,354.58,1211.99,1980.43,Cash,Completed,2.8,None,Pune,Ashok Leyland Dost,Diesel,10
T01783,2025-02-10,V053,Sedan,D115,Driver_115,3.7,R013,Visakhapatnam,Delhi,66.9,181,5.0,528.27,0.0,180.74,979.28,1688.29,169.71,UPI,Cancelled,4.6,Repair,Visakhapatnam,Hyundai Verna,Petrol,9
T01784,2025-08-23,V041,Sedan,D140,Driver_140,4.0,R073,Chennai,Pune,18.7,57,1.13,109.32,0.0,50.54,326.19,486.05,21.18,Cash,Cancelled,4.1,None,Chennai,Hyundai Verna,Petrol,2
T01785,2025-12-07,V006,SUV,D074,Driver_074,5.0,R017,Visakhapatnam,Hyderabad,17.3,57,1.38,143.6,0.0,41.64,244.42,429.66,927.78,Net Banking,Completed,4.6,Service,Visakhapatnam,Kia Seltos,Diesel,5
T01786,2025-03-30,V010,SUV ,D131,Driver_131,3.9,R008,Delhi,Mumbai,12.2,31,1.23,125.07,0.0,52.31,150.0,327.38,64.93,Cash,Cancelled,4.6,Inspection,Delhi,Kia Seltos,Diesel,5
T01787,2025-03-17,V056,Sedan,D028,Driver_028,3.8,R032,Hyderabad,Kochi,31.2,76,2.05,215.68,0.0,141.24,278.57,635.49,921.85,Net Banking,Completed,3.8,Repair,Hyderabad,Maruti Dzire,Petrol,5
T01788,2025-01-01,V062,Van,D019,Driver_019,3.4,R041,Hyderabad,Mumbai,29.0,87,3.25,329.6,0.0,120.84,488.82,939.26,1326.67,Cash,Completed,3.7,None,Hyderabad,Tata Winger,Diesel,7
T01789,2025-11-04,V011,Sedan,D117,Driver_117,3.8,R032,Visakhapatnam,Chennai,29.9,40,1.89,195.36,0.0,97.99,167.84,461.19,1157.02,Net Banking,Completed,4.9,None,Visakhapatnam,Hyundai Verna,Petrol,5
T01790,2025-09-25,V033,Sedan,D100,Driver_100,3.8,R080,Hyderabad,Delhi,84.9,205,5.62,541.9,0.0,119.1,934.14,1595.14,2124.32,COD,Completed,3.8,,Hyderabad,Maruti Dzire,Petrol,6
T01791,2025-07-07,V005,Sedan,D121,Driver_121,4.3,R048,Chennai,Delhi,15.1,41,1.22,126.03,0.0,54.7,227.44,408.17,623.82,Card,Completed,4.7,None,Chennai,Maruti Dzire,Petrol,5
T01792,2025-04-18,V041,SUV,D017,Driver_017,4.2,R036,Mumbai,Pune,69.5,146,5.78,554.42,0.0,172.69,823.08,1550.19,2438.76,COD,Completed,3.5,Repair,Mumbai,Kia Seltos,Diesel,12
T01793,2025-09-04,V009,SUV,D098,Driver_098,5.0,R074,Bengaluru,Hyderabad,92.5,266,9.29,991.67,2684.07,167.95,920.54,4764.23,3247.1,COD,Completed,4.1,Inspection,Bengaluru,Kia Seltos,Diesel,2
T01794,2025-11-23,V089,SUV,D087,Driver_087,,R077,Mumbai,Chennai,59.9,120,5.3,538.42,1884.19,130.01,412.08,2964.7,2114.64,Card,Completed,4.7,None,Mumbai,Hyundai Creta,Diesel,10
T01795,2025-09-22,V031,Van,D134,Driver_134,4.9,R080,Mumbai,Chennai,40.1,64,3.59,387.88,4045.47,58.45,254.46,4746.26,1796.28,Cash,Completed,3.8,Repair,Mumbai,Maruti Eeco,Diesel,4
T01796,2025-01-18,V026,Sedan,D095,Driver_095,3.7,R023,Mumbai,Visakhapatnam,68.5,217,5.0,545.65,0.0,102.64,819.45,1467.74,1965.69,UPI,Completed,3.3,Repair,Mumbai,Honda City,Petrol,6
T01797,2025-04-19,V052,SUV,D034,Driver_034,3.6,R074,Delhi,Kochi,55.6,94,5.14,514.0,0.0,155.2,387.36,1056.56,1822.75,UPI,Completed,4.6,None,Delhi,Hyundai Creta,Diesel,9
T01798,2025-09-01,V041,SUV,D148,Driver_148,4.5,R012,Visakhapatnam,Hyderabad,56.2,134,4.59,436.07,0.0,177.99,457.27,1071.33,100.4,Cash,Cancelled,5.0,Inspection,Visakhapatnam,Toyota Innova,Diesel,3
T01799,2025-12-07,V053,Sedan,D129,Driver_129,3.9,R016,Kochi,Delhi,10.7,31,0.69,68.18,4839.6,29.99,166.55,5104.32,366.99,UPI,Completed,3.4,Repair,Kochi,Hyundai Verna,Petrol,3
T01800,2025-03-01,V041,Sedan,D041,Driver_041,4.0,R045,Chennai,Pune,52.6,139,3.36,340.85,0.0,211.43,497.72,1050.0,1319.97,Net Banking,Completed,4.1,Inspection,Chennai,Honda City,Petrol,3
T01801,2025-02-13,V070,Sedan,D028,Driver_028,4.0,R043,Pune,Mumbai,12.3,25,0.91,89.76,0.0,41.03,150.0,280.79,645.28,Cash,Completed,3.5,Service,Pune,Hyundai Verna,Petrol,1
T01802,2025-09-05,V089,Sedan,D117,Driver_117,4.5,R014,Bengaluru,Delhi,20.5,36,1.24,126.06,0.0,62.23,189.63,377.92,677.36,Net Banking,Completed,4.4,Service,Bengaluru,Hyundai Verna,Petrol,7
T01803,2025-05-15,V069,Sedan,D081,Driver_081,4.2,R056,Delhi,Hyderabad,116.8,185,7.1,741.92,7177.27,467.11,735.82,9122.12,2953.87,Card,Completed,4.1,None,Delhi,Hyundai Verna,Petrol,9
T01804,2025-01-22,V063,Truck,D146,Driver_146,4.8,R005,Pune,Visakhapatnam,112.0,210,16.89,1653.33,8682.79,355.18,884.04,11575.34,5241.87,Cash,Completed,3.8,None,Pune,Tata 407,Diesel,10
T01805,2025-01-18,V001,Sedan,D061,Driver_061,4.4,R042,Delhi,Visakhapatnam,35.0,117,2.42,241.78,0.0,93.98,670.28,1006.04,1105.47,UPI,Completed,3.5,None,Delhi,Honda City,Petrol,11
T01806,2025-12-20,V084,Truck,D015,Driver_015,3.7,R064,Kochi,Hyderabad,55.3,112,9.25,927.54,0.0,101.22,642.14,1670.9,2567.36,Cash,Completed,4.5,None,Kochi,BharatBenz 1015,Diesel,7
T01807,2025-01-11,V003,Truck,D136,Driver_136,3.9,R037,Bengaluru,Visakhapatnam,44.5,128,6.81,727.58,3385.79,112.83,630.51,4856.71,2340.04,Net Banking,Completed,4.3,None,Bengaluru,BharatBenz 1015,Diesel,3
T01808,2025-11-11,V025,SUV,D138,Driver_138,4.5,R074,Kochi,Chennai,38.3,95,3.41,349.52,1942.3,109.86,508.46,2910.14,1383.55,Card,Completed,4.6,Repair,Kochi,Kia Seltos,Diesel,12
T01809,2025-01-05,V073,SUV,D007,Driver_007,4.5,R021,Bengaluru,Visakhapatnam,39.5,115,3.05,306.0,0.0,183.78,617.42,1107.2,1690.1,Cash,Completed,4.7,None,Bengaluru,Hyundai Creta,Diesel,11
T01810,2025-05-28,V062,SUV ,D028,Driver_028,4.2,R048,Kochi,Bengaluru,30.5,105,4.61,483.81,0.0,98.65,548.78,1131.24,1548.51,Cash,Completed,4.0,None,Kochi,Ashok Leyland Dost,Diesel,9
T01811,2025-05-11,V062,SUV,D100,Driver_100,3.5,R019,Chennai,Mumbai,25.0,64,2.0,193.5,0.0,77.82,370.45,641.77,918.01,,Completed,3.2,None,Chennai,Kia Seltos,Diesel,10
T01812,2025-06-16,V067,Sedan,D144,Driver_144,4.5,R060,Kochi,Delhi,94.7,159,6.71,661.84,6422.51,214.08,617.23,7915.66,2219.52,UPI,Completed,2.9,Service,Kochi,Maruti Dzire,Petrol,12
T01813,2025-05-06,V051,Sedan,D058,Driver_058,5.0,R063,Pune,Hyderabad,76.3,135,5.42,538.84,0.0,329.28,463.93,1332.05,2098.4,Net Banking,Completed,4.3,None,Pune,Hyundai Verna,Petrol,7
T01814,2025-06-16,V075,SUV,D073,Driver_073,3.2,R068,Chennai,Hyderabad,35.4,100,3.1,326.53,0.0,124.64,442.31,893.48,1301.68,Cash,Completed,3.8,Repair,Chennai,Hyundai Creta,Diesel,7
T01815,2025-11-01,V043,Truck,D030,Driver_030,4.8,R054,Bengaluru,Hyderabad,47.5,152,6.76,694.46,7104.39,132.43,686.83,8618.11,2295.63,Net Banking,Completed,4.6,None,Bengaluru,Tata 407,Diesel,11
T01816,2025-11-08,V069,Truck,D121,Driver_121,4.6,R058,Visakhapatnam,Pune,27.0,37,3.79,364.75,0.0,43.02,150.0,557.77,331.21,,Cancelled,4.6,Service,Visakhapatnam,BharatBenz 1015,Diesel,5
T01817,2025-01-08,V012,Van,D001,Driver_001,4.9,R004,Pune,Delhi,8.6,32,1.03,99.17,5220.5,25.26,168.43,5513.36,387.31,Net Banking,Completed,4.2,Inspection,Pune,Tata Winger,Diesel,8
T01818,2025-07-21,V028,SUV,D077,Driver_077,4.4,R007,Pune,Visakhapatnam,22.3,54,1.71,174.39,0.0,59.27,281.8,515.46,1110.34,Net Banking,Completed,4.2,None,Pune,Kia Seltos,Diesel,6
T01819,2025-01-03,V054,Truck,D053,Driver_053,4.4,R015,Mumbai,Chennai,34.2,82,5.37,578.98,0.0,75.71,449.05,1103.74,1891.35,,Completed,3.5,None,Mumbai,Tata 407,Diesel,8
T01820,2025-01-14,V042,Sedan,D075,Driver_075,3.6,R072,Bengaluru,Hyderabad,10.6,48,0.64,68.73,4427.31,35.18,276.82,4808.04,70.02,UPI,Cancelled,4.3,Inspection,Bengaluru,Maruti Dzire,Petrol,3
T01821,2025-01-26,V056,Sedan,D069,Driver_069,3.9,R073,Visakhapatnam,Pune,84.9,199,6.53,715.44,9975.07,317.29,898.99,11906.79,2402.08,COD,Completed,3.7,None,Visakhapatnam,Hyundai Verna,Petrol,12
T01822,2025-06-24,V016,Sedan,D056,Driver_056,4.5,R035,Delhi,Kochi,36.0,63,2.52,271.7,2844.75,79.45,239.7,3435.6,1063.52,COD,Completed,4.6,None,Delhi,Hyundai Verna,Petrol,2
T01823,2025-09-04,V010,Truck,D059,Driver_059,4.7,R062,Hyderabad,Delhi,13.4,21,2.28,231.42,0.0,51.07,150.0,432.49,649.85,Net Banking,Completed,3.3,Repair,Hyderabad,Tata 407,Diesel,3
T01824,2025-08-27,V059,SUV ,D046,Driver_046,4.2,R069,Kochi,Pune,35.1,52,2.95,294.39,0.0,53.5,239.64,587.53,1454.83,COD,Completed,4.8,None,Kochi,Hyundai Creta,Diesel,3
T01825,2025-10-25,V025,Truck,D106,Driver_106,4.0,R079,Pune,Hyderabad,29.2,61,3.97,388.44,5069.73,81.46,218.71,5758.34,1499.08,Net Banking,Completed,3.4,Service,Pune,Tata 407,Diesel,1
T01826,2025-08-19,V031,Van,D046,Driver_046,4.2,R008,Mumbai,Delhi,102.3,194,10.36,1069.87,2524.64,397.82,900.83,4893.16,3779.7,UPI,Completed,3.2,Inspection,Mumbai,Maruti Eeco,Diesel,7
T01827,2025-05-27,V003,Van,D149,Driver_149,4.2,R003,Visakhapatnam,Hyderabad,34.2,70,3.06,320.87,0.0,56.44,259.06,636.37,1736.5,Cash,Completed,3.9,None,Visakhapatnam,Force Traveller,Diesel,8
T01828,2025-04-20,V017,Van,D041,Driver_041,4.6,R073,Bengaluru,Chennai,46.4,107,4.57,451.12,9387.48,82.87,403.96,10325.43,1714.48,Card,Completed,3.7,None,Bengaluru,Tata Winger,Diesel,9
T01829,2025-11-01,V061,Sedan,D016,Driver_016,,R019,Hyderabad,Visakhapatnam,64.5,178,4.51,454.55,0.0,253.97,717.0,1425.52,163.35,Card,Cancelled,3.4,Repair,Hyderabad,Hyundai Verna,Petrol,7
T01830,2025-01-22,V089,Sedan,D036,Driver_036,4.6,R030,Bengaluru,Pune,61.7,199,4.45,462.49,2367.25,160.61,885.84,3876.19,1665.52,COD,Completed,4.8,None,Bengaluru,Maruti Dzire,Petrol,10
T01831,2025-09-28,V032,Van,D073,Driver_073,4.6,R078,Bengaluru,Pune,33.5,90,3.41,340.35,2745.89,52.4,460.41,3599.05,90.22,Net Banking,Cancelled,3.3,None,Bengaluru,Maruti Eeco,Diesel,7
T01832,2025-06-14,V029,Sedan,D122,Driver_122,4.0,R078,Mumbai,Kochi,37.1,91,2.7,291.18,0.0,153.37,277.91,722.46,263.27,UPI,Cancelled,4.3,,Mumbai,Maruti Dzire,Petrol,2
T01833,2025-01-20,V003,Sedan,D098,Driver_098,4.3,R059,Visakhapatnam,Kochi,13.5,41,0.93,96.6,0.0,56.42,150.0,303.02,13.86,Cash,Cancelled,3.6,Inspection,Visakhapatnam,Honda City,Petrol,3
T01834,2025-05-12,V008,Sedan,D126,Driver_126,4.1,R031,Bengaluru,Kochi,38.3,70,2.58,278.97,2964.99,74.03,371.61,3689.6,1386.09,Card,Completed,4.2,None,Bengaluru,Maruti Dzire,Petrol,5
T01835,2025-01-17,V036,SUV,D143,Driver_143,5.0,R013,Bengaluru,Visakhapatnam,71.2,125,6.66,726.91,0.0,155.7,456.95,1339.56,2231.06,Card,Completed,3.5,Inspection,Bengaluru,Hyundai Creta,Diesel,12
T01836,2025-07-11,V007,Sedan,D025,Driver_025,4.0,R054,Hyderabad,Visakhapatnam,59.1,165,3.72,355.66,0.0,262.45,750.88,1368.99,1402.74,Cash,Completed,4.6,None,Hyderabad,Hyundai Verna,Petrol,7
T01837,2025-08-01,V022,SUV,D122,Driver_122,4.0,R035,Bengaluru,Visakhapatnam,90.1,235,8.93,965.78,0.0,282.85,1008.51,2257.14,2891.92,UPI,Completed,3.1,None,Bengaluru,Kia Seltos,Diesel,4
T01838,2025-09-07,V009,Sedan,D077,Driver_077,4.4,R028,Mumbai,Visakhapatnam,60.9,199,4.16,407.78,0.0,224.02,670.43,1302.23,501.56,Cash,Cancelled,4.5,None,Mumbai,Maruti Dzire,Petrol,12
T01839,2025-09-14,V017,Sedan,D020,Driver_020,4.5,R058,Kochi,Visakhapatnam,36.2,70,2.25,227.51,0.0,149.97,243.93,621.41,1196.05,COD,Completed,4.0,Inspection,Kochi,Honda City,Petrol,5
T01840,2025-08-13,V042,Sedan,D090,Driver_090,3.7,R072,Hyderabad,Delhi,35.7,86,2.24,235.15,0.0,94.44,411.98,741.57,968.75,Cash,Completed,5.0,None,Hyderabad,Hyundai Verna,Petrol,11
T01841,2025-02-22,V053,SUV,D078,Driver_078,3.8,R018,Pune,Kochi,83.7,255,7.37,790.02,0.0,132.22,1179.17,2101.41,2765.08,COD,Completed,4.1,None,Pune,Hyundai Creta,Diesel,3
T01842,2025-04-24,V007,SUV,D119,Driver_119,5.0,R008,Delhi,Chennai,79.4,184,6.08,639.62,9632.58,245.93,1052.24,11570.37,215.52,COD,Cancelled,4.0,None,Delhi,Hyundai Creta,Diesel,6
T01843,2025-01-17,V064,SUV,D142,Driver_142,4.5,R068,Kochi,Hyderabad,64.1,161,6.26,658.11,6181.27,163.22,890.72,7893.32,2267.94,Cash,Completed,4.1,Service,Kochi,Toyota Innova,Diesel,6
T01844,2025-11-18,V099,Sedan,D055,Driver_055,4.7,R035,Pune,Kochi,30.4,84,2.06,208.79,0.0,111.83,361.9,682.52,884.61,Cash,Completed,3.8,None,Pune,Maruti Dzire,Petrol,8
T01845,2025-05-09,V004,SUV,D017,Driver_017,3.5,R046,Kochi,Mumbai,79.4,230,7.84,801.38,6456.81,228.43,1116.57,8603.19,448.03,Card,Cancelled,4.2,Inspection,Kochi,Hyundai Creta,Diesel,4
T01846,2025-01-02,V016,Sedan,D098,Driver_098,3.8,R060,Visakhapatnam,Pune,28.2,58,2.02,202.7,0.0,130.27,308.4,641.37,786.11,Card,Completed,4.6,None,Visakhapatnam,Maruti Dzire,Petrol,12
T01847,2025-05-24,V067,Sedan,D089,Driver_089,5.0,R060,Hyderabad,Pune,90.8,258,5.83,566.28,0.0,353.74,1056.51,1976.53,2138.06,Cash,Completed,4.1,None,Hyderabad,Hyundai Verna,Petrol,8
T01848,2025-02-12,V075,Sedan,D046,Driver_046,4.6,R059,Bengaluru,Delhi,12.5,47,0.86,82.64,0.0,44.42,175.45,302.51,591.07,COD,Completed,3.6,None,Bengaluru,Maruti Dzire,Petrol,2
T01849,2025-10-18,V013,Van,D147,Driver_147,3.6,R077,Bengaluru,Pune,11.3,38,1.21,124.33,0.0,42.83,150.0,317.16,835.11,Cash,Completed,3.8,None,Bengaluru,Tata Winger,Diesel,9
T01850,2025-05-17,V081,Truck,D073,Driver_073,3.3,R034,Delhi,Hyderabad,29.3,48,4.18,432.84,0.0,64.51,265.17,762.52,1322.15,Card,Completed,4.9,None,Delhi,BharatBenz 1015,Diesel,3
T01851,2025-11-24,V051,Sedan,D110,Driver_110,4.4,R031,Visakhapatnam,Chennai,38.2,87,3.02,295.93,0.0,98.15,327.2,721.28,1268.05,COD,Completed,3.1,None,Visakhapatnam,Hyundai Verna,Petrol,7
T01852,2025-02-14,V012,Sedan,D099,Driver_099,4.2,R012,Kochi,Hyderabad,9.5,40,0.58,63.21,0.0,41.6,228.57,333.38,732.6,Net Banking,Completed,4.7,None,Kochi,Hyundai Verna,Petrol,9
T01853,2025-08-12,V007,Truck,D038,Driver_038,4.3,R029,Delhi,Pune,26.1,85,3.83,410.03,3241.16,119.32,286.07,4056.58,288.4,Card,Cancelled,4.5,None,Delhi,Tata 407,Diesel,5
T01854,2025-05-11,V013,Sedan,D084,Driver_084,5.0,R028,Pune,Hyderabad,15.6,54,0.95,104.41,0.0,52.72,245.8,402.93,859.78,COD,Completed,4.7,Service,Pune,Honda City,Petrol,2
T01855,2025-06-12,V072,SUV,D070,Driver_070,3.6,R061,Pune,Chennai,21.3,59,1.94,204.81,0.0,90.93,299.28,595.02,816.48,UPI,completed,4.3,Inspection,Pune,Hyundai Creta,Diesel,6
T01856,2025-04-16,V006,Sedan,D137,Driver_137,4.3,R042,Delhi,Mumbai,17.8,72,1.16,116.24,6870.45,81.67,351.34,7419.7,597.04,Net Banking,Completed,2.7,Service,Delhi,Hyundai Verna,Petrol,4
T01857,2025-01-24,V067,Sedan,D122,Driver_122,4.3,R078,Kochi,Hyderabad,28.5,72,1.87,189.03,3807.95,55.99,322.69,4375.66,1169.25,COD,Completed,5.0,None,Kochi,Maruti Dzire,Petrol,3
T01858,2025-01-24,V012,Van,D099,Driver_099,4.3,R017,Bengaluru,Mumbai,9.9,38,1.11,117.94,8998.89,14.86,150.0,9281.69,854.93,Cash,Completed,5.0,None,Bengaluru,Force Traveller,Diesel,4
T01859,2025-11-23,V077,Sedan,D097,Driver_097,4.5,R012,Bengaluru,Pune,29.5,96,1.79,179.03,0.0,107.75,503.97,790.75,91.72,Card,Cancelled,4.4,None,Bengaluru,Honda City,Petrol,10
T01860,2025-03-19,V093,SUV,D109,Driver_109,3.7,R072,Delhi,Visakhapatnam,34.6,75,3.26,318.95,6054.08,56.44,235.97,6665.44,384.15,COD,Cancelled,4.3,None,Delhi,Kia Seltos,Diesel,6
T01861,2025-06-22,V060,Sedan,D123,Driver_123,3.9,R043,Bengaluru,Mumbai,12.6,36,0.92,88.41,0.0,38.64,150.0,277.05,784.74,Cash,Completed,3.8,None,Bengaluru,Honda City,Petrol,12
T01862,2025-09-12,V081,Van,D126,Driver_126,4.5,R001,Delhi,Visakhapatnam,49.2,145,4.76,501.83,9791.4,201.25,497.62,10992.1,306.07,UPI,Cancelled,4.4,None,Delhi,Force Traveller,Diesel,12
T01863,2025-11-27,V052,SUV,D136,Driver_136,4.0,R004,Visakhapatnam,Bengaluru,63.4,111,5.34,573.38,0.0,273.12,398.99,1245.49,2038.94,Net Banking,Completed,3.4,Service,Visakhapatnam,Kia Seltos,Diesel,6
T01864,2025-05-05,V067,Sedan,D032,Driver_032,3.5,R071,Bengaluru,Chennai,74.7,186,5.51,583.16,797.93,248.04,655.04,2284.17,2141.23,UPI,Completed,3.2,Inspection,Bengaluru,Maruti Dzire,Petrol,9
T01865,2025-05-01,V099,Sedan,D098,Driver_098,4.7,R060,Mumbai,Bengaluru,49.5,83,3.23,320.92,0.0,227.54,298.66,847.12,1353.6,Net Banking,Completed,3.6,Repair,Mumbai,Hyundai Verna,Petrol,1
T01866,2025-03-18,V004,Sedan,D112,Driver_112,4.9,R043,Bengaluru,Pune,41.9,102,2.94,311.21,0.0,150.84,532.3,994.35,1428.67,UPI,Completed,3.8,None,Bengaluru,Hyundai Verna,Petrol,8
T01867,2025-12-18,V011,SUV,D024,Driver_024,4.7,R013,Mumbai,Delhi,50.1,131,4.19,450.67,0.0,223.04,735.67,1409.38,2042.09,Card,Completed,3.7,Repair,Mumbai,Hyundai Creta,Diesel,5
T01868,2025-11-13,V065,SUV,D033,Driver_033,4.6,R068,Delhi,Pune,24.1,85,1.88,181.45,0.0,43.2,395.96,620.61,846.11,UPI,Completed,3.2,Repair,Delhi,Toyota Innova,Diesel,9
T01869,2025-08-02,V049,SUV,D079,Driver_079,3.7,R063,Bengaluru,Visakhapatnam,93.4,208,8.09,795.82,0.0,197.17,1094.41,2087.4,3043.88,Net Banking,Completed,4.9,None,Bengaluru,Kia Seltos,Diesel,12
T01870,2025-09-23,V037,Truck,D070,Driver_070,3.7,R014,Pune,Delhi,31.4,65,4.48,452.63,3309.73,130.42,310.19,4202.97,386.89,UPI,Cancelled,3.8,Repair,Pune,BharatBenz 1015,Diesel,12
T01871,2025-08-05,V035,Van,D022,Driver_022,4.4,R022,Hyderabad,Mumbai,30.3,67,2.88,305.28,0.0,109.68,369.6,784.56,1563.87,COD,Completed,3.6,None,Hyderabad,Maruti Eeco,Diesel,8
T01872,2025-03-14,V093,Sedan,D039,Driver_039,3.4,R033,Kochi,Pune,84.4,225,5.59,541.62,7255.83,261.41,1155.25,9214.11,272.77,Card,Cancelled,3.6,Service,Kochi,Hyundai Verna,Petrol,6
T01873,2025-02-08,V057,Sedan,D017,Driver_017,3.8,R066,Delhi,Hyderabad,33.2,58,2.36,233.65,0.0,144.34,288.13,666.12,958.59,UPI,Completed,4.5,Service,Delhi,Honda City,Petrol,8
T01874,2025-12-01,V011,Van,D028,Driver_028,4.1,R011,Kochi,Visakhapatnam,27.3,53,2.53,254.18,0.0,74.05,272.23,600.46,1432.4,Card,Completed,4.3,Service,Kochi,Maruti Eeco,Diesel,7
T01875,2025-02-16,V042,Van,D109,Driver_109,3.7,R071,Delhi,Hyderabad,14.0,47,1.28,139.18,9443.21,20.64,157.88,9760.91,942.32,Cash,Completed,4.4,None,Delhi,Force Traveller,Diesel,9
T01876,2025-09-12,V064,Truck,D138,Driver_138,4.7,R048,Hyderabad,Pune,24.6,59,3.77,413.54,9082.13,53.43,190.46,9739.56,1119.57,UPI,Completed,3.8,None,Hyderabad,Tata 407,Diesel,10
T01877,2025-02-23,V018,Sedan,D140,Driver_140,4.1,R024,Bengaluru,Pune,9.9,16,0.7,72.24,0.0,38.7,150.0,260.94,18.15,Net Banking,Cancelled,3.2,Repair,Bengaluru,Hyundai Verna,Petrol,12
T01878,2025-03-31,V075,Sedan,D066,Driver_066,4.7,R042,Kochi,Visakhapatnam,81.1,190,,541.02,0.0,244.21,830.33,1615.56,644.4,Card,Cancelled,4.3,Service,Kochi,Hyundai Verna,Petrol,4
T01879,2025-06-01,V071,Sedan,D085,Driver_085,4.5,R009,Mumbai,Hyderabad,41.7,117,3.16,321.19,3836.72,104.76,420.89,4683.56,365.9,COD,Cancelled,3.4,Inspection,Mumbai,Maruti Dzire,Petrol,2
T01880,2025-03-23,V038,Sedan,D086,Driver_086,3.7,R003,Chennai,Kochi,46.5,105,3.12,322.28,0.0,132.29,427.51,882.08,1474.85,Cash,Completed,4.0,None,Chennai,Hyundai Verna,Petrol,9
T01881,2025-03-14,V006,Van,D028,Driver_028,3.6,R006,Visakhapatnam,Delhi,77.8,150,7.81,802.08,0.0,110.5,813.66,1726.24,2950.75,Card,Completed,3.1,Service,Visakhapatnam,Maruti Eeco,Diesel,8
T01882,2025-11-15,V042,SUV,D142,Driver_142,4.3,R062,Hyderabad,Pune,25.2,66,2.51,273.86,0.0,50.63,257.27,581.76,1159.97,Card,Completed,4.7,None,Hyderabad,Hyundai Creta,Diesel,6
T01883,2025-01-09,V064,Van,D026,Driver_026,3.6,R057,Pune,Delhi,51.8,146,4.82,514.01,0.0,217.31,729.61,1460.93,2151.28,Net Banking,Completed,4.4,,Pune,Tata Winger,Diesel,2
T01884,2025-06-25,V083,Sedan,D086,Driver_086,3.8,R059,Delhi,Pune,13.9,41,1.05,100.82,9429.95,55.34,181.8,9767.91,122.37,Card,Cancelled,4.3,Service,Delhi,Hyundai Verna,Petrol,5
T01885,2025-06-28,V098,Sedan,D116,Driver_116,4.2,R023,Mumbai,Visakhapatnam,44.4,85,2.64,276.59,0.0,150.7,457.4,884.69,1397.03,Cash,Completed,2.9,None,Mumbai,Hyundai Verna,Petrol,7
T01886,2025-08-15,V080,Truck,D058,Driver_058,3.8,R048,Delhi,Chennai,29.0,66,4.28,416.81,2150.56,51.06,294.46,2912.89,1343.13,Card,Completed,3.9,None,Delhi,Tata 407,Diesel,12
T01887,2025-11-28,V026,Sedan,D008,Driver_008,3.6,R026,Delhi,Kochi,19.4,75,1.38,143.83,0.0,63.59,265.5,472.92,602.81,Net Banking,Completed,3.0,Inspection,Delhi,Hyundai Verna,Petrol,9
T01888,2025-05-07,V070,Truck,D064,Driver_064,4.2,R039,Chennai,Delhi,57.3,167,8.57,846.3,0.0,100.85,580.52,1527.67,2892.53,UPI,Completed,4.5,None,Chennai,Ashok Leyland Dost,Diesel,1
T01889,2025-04-19,V079,Sedan,D026,Driver_026,3.6,R027,Chennai,Delhi,,43,1.25,123.82,0.0,81.71,215.27,420.8,618.79,UPI,Completed,4.9,None,Chennai,Honda City,Petrol,5
T01890,2025-05-07,V066,SUV,D042,Driver_042,3.6,R003,Bengaluru,Visakhapatnam,42.2,78,4.28,454.61,0.0,189.84,250.16,894.61,1518.8,UPI,Completed,4.9,Repair,Bengaluru,Hyundai Creta,Diesel,10
T01891,2025-12-31,V067,Van,D097,Driver_097,3.9,R051,Chennai,Pune,33.5,44,2.99,312.61,2441.34,63.0,156.01,2972.96,1421.31,Net Banking,Completed,4.9,Inspection,Chennai,Tata Winger,Diesel,6
T01892,2025-11-04,V005,SUV,D103,Driver_103,4.8,R013,Pune,Delhi,63.1,176,4.9,497.33,0.0,130.1,765.02,1392.45,2335.06,COD,Completed,3.6,None,Pune,Hyundai Creta,Diesel,11
T01893,2025-11-12,V025,Van,D146,Driver_146,4.4,R036,Chennai,Pune,80.7,126,7.78,785.5,0.0,283.65,732.85,1802.0,2962.61,Net Banking,Completed,4.6,None,Chennai,Force Traveller,Diesel,5
T01894,2025-10-31,V019,Truck,D021,Driver_021,5.0,R059,Chennai,Bengaluru,71.2,115,9.92,1026.5,0.0,257.86,355.46,1639.82,3244.77,Net Banking,Completed,3.5,None,Chennai,Tata 407,Diesel,7
T01895,2025-05-17,V005,Sedan,D031,Driver_031,3.4,R066,Mumbai,Delhi,65.5,143,4.45,466.13,0.0,193.52,620.69,1280.34,1837.16,UPI,Completed,4.1,None,Mumbai,Honda City,Petrol,4
T01896,2025-09-24,V055,Truck,D091,Driver_091,4.3,R050,Hyderabad,Kochi,51.0,180,8.47,868.93,0.0,79.24,653.36,1601.53,2685.84,Card,Completed,4.5,Repair,Hyderabad,Tata 407,Diesel,9
T01897,2025-01-14,V030,Truck,D021,Driver_021,3.3,R080,Chennai,Kochi,16.7,27,-2.55,255.67,0.0,69.78,150.0,475.45,990.67,Cash,Completed,4.3,None,Chennai,Tata 407,Diesel,12
T01898,2025-02-17,V086,Sedan,D054,Driver_054,3.9,R046,Mumbai,Chennai,49.7,142,4.03,425.53,0.0,94.48,734.99,1255.0,410.36,Card,Cancelled,4.1,Repair,Mumbai,Honda City,Petrol,7
T01899,2025-07-26,V089,Sedan,D106,Driver_106,3.4,R006,Visakhapatnam,Bengaluru,23.8,94,1.61,163.74,0.0,92.81,287.95,544.5,731.85,Card,Completed,3.7,Inspection,Visakhapatnam,Maruti Dzire,Petrol,8
T01900,2025-03-17,V001,Sedan,D111,Driver_111,4.4,R046,Delhi,Kochi,20.0,61,1.43,154.71,7065.84,88.76,303.56,7612.87,585.88,COD,Completed,4.9,Repair,Delhi,Hyundai Verna,Petrol,3
T01901,2025-05-14,V060,Truck,D141,Driver_141,5.0,R066,Visakhapatnam,Delhi,48.3,133,8.09,834.56,0.0,197.43,635.54,1667.53,2239.58,COD,Completed,4.5,Repair,Visakhapatnam,Ashok Leyland Dost,Diesel,11
T01902,2025-06-24,V044,SUV,D121,Driver_121,4.3,R040,Visakhapatnam,Kochi,36.2,82,3.35,324.46,0.0,137.26,349.56,811.28,1430.05,COD,Completed,4.0,Inspection,Visakhapatnam,Toyota Innova,Diesel,2
T01903,2025-05-14,V066,Sedan,D025,Driver_025,4.2,R020,Visakhapatnam,Bengaluru,50.7,135,3.63,352.86,0.0,85.55,596.17,1034.58,1371.2,COD,Completed,4.7,None,Visakhapatnam,Maruti Dzire,Petrol,9
T01904,2025-10-13,V067,Sedan,D019,Driver_019,4.0,R080,Bengaluru,Pune,76.1,160,6.18,596.19,0.0,265.91,707.3,1569.4,2140.69,COD,Completed,3.3,Inspection,Bengaluru,Maruti Dzire,Petrol,6
T01905,2025-04-18,V042,Sedan,D088,Driver_088,3.6,R023,Visakhapatnam,Pune,77.4,128,4.69,503.35,0.0,115.52,408.05,1026.92,2024.33,COD,Completed,2.6,None,Visakhapatnam,Hyundai Verna,Petrol,10
T01906,2025-06-14,V069,Van,D070,Driver_070,4.4,R023,Bengaluru,Visakhapatnam,55.2,107,5.57,592.82,0.0,219.88,486.76,1299.46,2062.89,,Completed,4.4,Inspection,Bengaluru,Force Traveller,Diesel,4
T01907,2025-09-26,V010,Van,D045,Driver_045,3.0,R001,Chennai,Hyderabad,77.2,124,7.78,768.29,0.0,249.04,685.04,1702.37,3131.03,,Completed,4.3,Repair,Chennai,Tata Winger,Diesel,11
T01908,2025-03-07,V050,Sedan,D049,Driver_049,3.7,R004,Bengaluru,Pune,26.7,99,1.69,184.07,0.0,78.69,387.52,650.28,834.2,UPI,Completed,2.9,None,Bengaluru,Maruti Dzire,Petrol,5
T01909,2025-11-20,V040,Sedan,D007,Driver_007,4.5,R030,Chennai,Visakhapatnam,49.4,110,3.88,398.93,0.0,157.69,457.66,1014.28,1477.89,COD,Completed,,Service,Chennai,Honda City,Petrol,2
T01910,2025-02-15,V037,SUV,D055,Driver_055,3.5,R006,Delhi,Pune,55.6,163,5.15,536.99,0.0,196.48,715.4,1448.87,1868.26,Cash,Completed,3.7,None,Delhi,Kia Seltos,Diesel,1
T01911,2025-06-24,V092,Truck,D039,Driver_039,4.4,R065,Visakhapatnam,Bengaluru,40.8,73,6.82,720.66,0.0,72.63,314.48,1107.77,1946.05,Cash,Completed,4.2,None,Visakhapatnam,Tata 407,Diesel,11
T01912,2025-06-10,V060,Sedan,D071,Driver_071,4.4,R034,Kochi,Mumbai,21.7,54,1.74,184.9,0.0,69.73,170.36,424.99,68.94,COD,Cancelled,2.9,None,Kochi,Honda City,Petrol,7
T01913,2025-11-12,V081,Van,D136,Driver_136,3.5,R019,Kochi,Chennai,34.5,81,3.63,348.94,0.0,87.09,323.59,759.62,247.54,Net Banking,Cancelled,3.2,Service,Kochi,Tata Winger,Diesel,5
T01914,2025-02-28,V024,Sedan,D074,Driver_074,4.0,R004,Delhi,Visakhapatnam,91.7,266,5.94,596.46,0.0,341.08,1398.37,2335.91,2350.3,COD,Completed,4.5,None,Delhi,Hyundai Verna,Petrol,4
T01915,2025-02-04,V035,SUV,D078,Driver_078,3.9,R005,Kochi,Hyderabad,24.3,58,2.2,231.61,9824.67,106.03,250.8,10413.11,110.28,UPI,Cancelled,5.0,None,Kochi,Toyota Innova,Diesel,2
T01916,2025-09-08,V042,SUV,D024,Driver_024,4.9,R006,Pune,Delhi,28.5,102,2.49,242.61,0.0,103.61,551.69,897.91,74.64,Cash,Cancelled,3.8,None,Pune,Toyota Innova,Diesel,11
T01917,2025-09-09,V044,Sedan,D001,Driver_001,4.3,R013,Mumbai,Hyderabad,41.2,82,3.16,332.84,0.0,166.54,265.68,765.06,1252.81,Net Banking,Completed,4.1,None,Mumbai,Maruti Dzire,Petrol,11
T01918,2025-06-28,V056,Sedan,D136,Driver_136,4.5,R040,Mumbai,Visakhapatnam,9.7,15,0.62,61.3,0.0,14.92,150.0,226.22,52.87,COD,Cancelled,4.4,None,Mumbai,Hyundai Verna,Petrol,9
T01919,2025-05-09,V083,SUV,D105,Driver_105,3.3,R049,Mumbai,Visakhapatnam,88.3,240,7.6,724.19,0.0,171.25,1306.15,2201.59,2860.17,UPI,Completed,3.2,None,Mumbai,Toyota Innova,Diesel,10
T01920,2025-05-17,V093,Sedan,D083,Driver_083,,R009,Kochi,Hyderabad,102.1,145,8.12,868.59,0.0,375.49,661.11,1905.19,77.84,COD,Cancelled,4.7,Repair,Kochi,Hyundai Verna,Petrol,11
T01921,2025-12-16,V008,Van,D126,Driver_126,4.7,R009,Pune,Delhi,29.4,77,3.23,313.91,0.0,92.7,349.59,756.2,268.71,UPI,Cancelled,3.9,None,Pune,Maruti Eeco,Diesel,7
T01922,2025-10-19,V011,SUV,D057,Driver_057,3.4,R052,Bengaluru,Pune,25.0,91,1.94,195.84,0.0,47.1,291.89,534.83,1259.09,UPI,Completed,3.9,None,Bengaluru,Hyundai Creta,Diesel,5
T01923,2025-10-07,V034,Van,D059,Driver_059,4.0,R016,Hyderabad,Chennai,7.5,44,0.85,90.51,0.0,18.73,167.18,276.42,394.21,Card,Completed,3.8,Service,Hyderabad,Force Traveller,Diesel,9
T01924,2025-12-19,V092,SUV,D134,Driver_134,4.0,R013,Bengaluru,Hyderabad,17.3,73,1.69,175.91,0.0,39.93,351.23,567.07,752.95,Cash,Completed,3.1,Inspection,Bengaluru,Toyota Innova,Diesel,6
T01925,2025-12-11,V015,Truck,D101,Driver_101,4.1,R037,Mumbai,Delhi,19.4,42,2.93,290.05,0.0,61.57,162.76,514.38,1172.15,Cash,Completed,3.2,None,Mumbai,Tata 407,Diesel,2
T01926,2025-12-09,V025,Sedan,D037,Driver_037,3.7,R073,Pune,Mumbai,72.5,213,4.92,482.99,0.0,180.17,656.81,1319.97,388.86,Card,Cancelled,3.8,Service,Pune,Maruti Dzire,Petrol,6
T01927,2025-06-10,V069,Sedan,D105,Driver_105,3.9,R061,Kochi,Bengaluru,30.4,67,1.88,202.04,0.0,100.69,224.88,527.61,1049.0,Net Banking,Completed,4.9,Inspection,Kochi,Honda City,Petrol,6
T01928,2025-05-01,V070,Sedan,D044,Driver_044,4.5,R077,Hyderabad,Visakhapatnam,35.2,129,2.7,264.77,6343.55,70.41,734.41,7413.14,246.63,UPI,Cancelled,4.4,None,Hyderabad,Hyundai Verna,Petrol,1
T01929,2025-04-25,V075,Van,D133,Driver_133,3.9,R040,Pune,Kochi,28.9,87,2.89,314.48,3943.65,75.87,494.72,4828.72,1250.61,COD,Completed,4.3,Inspection,Pune,Maruti Eeco,Diesel,9
T01930,2025-08-30,V019,Sedan,D070,Driver_070,4.4,R052,Kochi,Hyderabad,34.8,105,2.12,201.92,0.0,125.29,599.2,926.41,1042.1,UPI,Completed,4.7,None,Kochi,Honda City,Petrol,11
T01931,2025-01-14,V057,Truck,D124,Driver_124,4.1,R080,Delhi,Visakhapatnam,35.9,86,4.97,542.2,0.0,48.52,441.05,1031.77,2046.98,Card,Completed,3.7,Service,Delhi,BharatBenz 1015,Diesel,1
T01932,2025-01-11,V079,Sedan,D039,Driver_039,5.0,R065,Mumbai,Bengaluru,17.0,50,1.11,122.06,0.0,59.35,199.51,380.92,184.15,Card,Cancelled,3.1,Inspection,Mumbai,Maruti Dzire,Petrol,10
T01933,2025-03-26,V007,Truck,D110,Driver_110,4.8,R068,Delhi,Visakhapatnam,127.2,200,21.58,2089.04,0.0,545.12,817.91,3452.07,5605.65,Cash,Completed,4.6,None,Delhi,Ashok Leyland Dost,Diesel,12
T01934,2025-06-05,V053,Truck,D088,Driver_088,3.5,R061,Hyderabad,Visakhapatnam,32.1,74,5.09,507.59,0.0,88.14,312.03,907.76,1860.56,Cash,Completed,4.3,Inspection,Hyderabad,Ashok Leyland Dost,Diesel,10
T01935,2025-10-19,V001,Van,D044,Driver_044,3.9,R031,Pune,Hyderabad,51.4,102,6.03,594.72,4653.04,185.43,340.85,5774.04,2173.46,COD,Completed,3.1,None,Pune,Tata Winger,Diesel,11
T01936,2025-01-30,V044,Sedan,D112,Driver_112,4.1,R075,Delhi,Chennai,45.0,146,3.32,316.66,0.0,74.51,669.11,1060.28,1195.29,Card,Completed,4.0,Service,Delhi,Honda City,Petrol,5
T01937,2025-07-28,V014,SUV,D135,Driver_135,3.8,R006,Bengaluru,Kochi,76.9,185,6.11,597.97,0.0,108.24,675.55,1381.76,2594.97,Cash,Completed,3.9,None,Bengaluru,Toyota Innova,Diesel,10
T01938,2025-07-28,V083,SUV,D056,Driver_056,3.9,R064,Delhi,Visakhapatnam,108.1,215,8.34,876.65,0.0,239.85,779.86,1896.36,635.6,Net Banking,Cancelled,5.0,Service,Delhi,Kia Seltos,Diesel,1
T01939,2025-02-15,V075,Sedan,D046,Driver_046,3.8,R010,Hyderabad,Mumbai,76.8,213,4.97,477.7,7138.24,309.5,1217.27,9142.71,2037.51,Card,Completed,3.8,None,Hyderabad,Maruti Dzire,Petrol,5
T01940,2025-12-22,V085,Truck,D059,Driver_059,4.1,R059,Visakhapatnam,Bengaluru,54.1,105,7.23,792.93,6732.75,111.92,600.43,8238.03,2764.74,UPI,Completed,3.8,None,Visakhapatnam,Tata 407,Diesel,5
T01941,2025-10-09,V047,Sedan,D005,Driver_005,3.9,R057,Visakhapatnam,Chennai,36.6,125,2.44,257.87,0.0,154.61,523.15,935.63,1030.24,Card,Completed,4.3,None,Visakhapatnam,Maruti Dzire,Petrol,11
T01942,2025-10-05,V093,Sedan,D055,Driver_055,4.1,R062,Bengaluru,Hyderabad,43.3,135,2.71,272.89,2812.37,170.71,516.68,3772.65,1448.03,UPI,Completed,4.6,Repair,Bengaluru,Maruti Dzire,Petrol,9
T01943,2025-03-27,V071,Truck,D106,Driver_106,,R045,Kochi,Chennai,37.5,89,5.83,629.52,3124.51,119.75,467.11,4340.89,1674.88,Net Banking,Completed,4.2,None,Kochi,BharatBenz 1015,Diesel,2
T01944,2025-07-30,V043,SUV,D101,Driver_101,4.2,R077,Chennai,Kochi,31.6,63,2.68,294.48,0.0,94.03,204.38,592.89,1382.22,Net Banking,Completed,2.9,Service,Chennai,Hyundai Creta,Diesel,3
T01945,2025-08-23,V047,Sedan,D137,Driver_137,4.1,R076,Hyderabad,Bengaluru,58.0,179,3.51,385.57,9666.87,232.92,786.23,11071.59,1536.23,UPI,Completed,,None,Hyderabad,Maruti Dzire,Petrol,12
T01946,2025-06-07,V060,Sedan,D050,Driver_050,4.5,R059,Chennai,Pune,25.6,76,2.06,221.29,3535.93,116.55,233.29,4107.06,1020.89,Cash,Completed,,Inspection,Chennai,Maruti Dzire,Petrol,1
T01947,2025-04-19,V063,Sedan,D024,Driver_024,4.6,R047,Visakhapatnam,Chennai,,40,1.03,99.07,0.0,28.8,224.43,352.3,131.4,COD,Cancelled,3.1,Service,Visakhapatnam,Hyundai Verna,Petrol,6
T01948,2025-07-03,V074,Truck,D115,Driver_115,3.9,R053,Bengaluru,Mumbai,25.2,89,3.82,386.13,4110.2,50.84,334.21,4881.38,288.54,Cash,Cancelled,4.3,None,Bengaluru,Ashok Leyland Dost,Diesel,3
T01949,2025-04-06,V075,Sedan,D101,Driver_101,3.5,R053,Visakhapatnam,Bengaluru,50.5,152,3.98,417.09,1565.79,158.02,777.53,2918.43,173.99,Net Banking,Cancelled,5.0,None,Visakhapatnam,Hyundai Verna,Petrol,9
T01950,2025-02-20,V010,Van,D022,Driver_022,4.3,R059,Pune,Mumbai,32.0,107,3.3,335.36,0.0,69.11,417.05,821.52,104.02,Net Banking,Cancelled,3.9,Inspection,Pune,Maruti Eeco,Diesel,6
T01951,2025-10-01,V022,Sedan,D036,Driver_036,4.0,R059,Hyderabad,Pune,46.1,140,3.09,312.16,0.0,127.26,535.76,975.18,1322.32,Net Banking,Completed,4.2,None,Hyderabad,Honda City,Petrol,4
T01952,2025-02-11,V009,Sedan,D087,Driver_087,3.7,R067,Visakhapatnam,Pune,12.3,48,0.89,89.11,5727.44,39.82,209.4,6065.77,704.36,Cash,Completed,4.3,Repair,Visakhapatnam,Honda City,Petrol,3
T01953,2025-12-23,V083,SUV,D119,Driver_119,4.5,R052,Chennai,Delhi,52.3,185,4.23,452.52,0.0,169.9,716.92,1339.34,1654.11,COD,Completed,3.8,Inspection,Chennai,Toyota Innova,Diesel,6
T01954,2025-10-01,V099,Sedan,D078,Driver_078,3.5,R079,Pune,Delhi,68.4,148,5.12,553.09,0.0,301.21,514.85,1369.15,1728.56,COD,Completed,3.9,Inspection,Pune,Maruti Dzire,Petrol,3
T01955,2025-04-18,V086,Sedan,D052,Driver_052,4.0,R066,Visakhapatnam,Pune,88.9,199,5.41,551.44,0.0,145.4,844.5,1541.34,2401.01,Cash,Completed,3.7,Service,Visakhapatnam,Maruti Dzire,Petrol,6
T01956,2025-07-16,V004,Sedan,D128,Driver_128,3.8,R004,Kochi,Delhi,15.5,55,1.06,108.47,0.0,51.35,271.13,430.95,84.94,UPI,Cancelled,4.0,None,Kochi,Honda City,Petrol,4
T01957,2025-04-17,V091,Truck,D091,Driver_091,3.9,R040,Mumbai,Chennai,19.8,70,2.78,278.02,0.0,31.95,350.25,660.22,1039.13,COD,Completed,4.4,Inspection,Mumbai,Tata 407,Diesel,4
T01958,2025-03-21,V004,Sedan,D132,Driver_132,2.8,R017,Visakhapatnam,Chennai,12.6,37,1.01,110.46,0.0,21.13,153.27,284.86,740.93,UPI,Completed,4.3,None,Visakhapatnam,Hyundai Verna,Petrol,4
T01959,2025-02-04,V045,Sedan,D080,Driver_080,4.6,R020,Chennai,Mumbai,33.0,110,2.66,271.35,0.0,59.77,571.9,903.02,1229.17,COD,Completed,4.3,Inspection,Chennai,Hyundai Verna,Petrol,2
T01960,2025-08-21,V089,SUV,D015,Driver_015,,R038,Delhi,Bengaluru,86.7,138,8.03,796.39,6705.16,201.4,635.44,8338.39,3073.94,Net Banking,Completed,3.7,Repair,Delhi,Kia Seltos,Diesel,11
T01961,2025-02-14,V041,SUV,D091,Driver_091,4.5,R071,Delhi,Bengaluru,30.1,61,2.36,235.28,0.0,47.39,267.83,550.5,1010.45,UPI,Completed,3.8,Repair,Delhi,Toyota Innova,Diesel,9
T01962,2025-03-24,V081,Truck,D126,Driver_126,3.4,R028,Delhi,Visakhapatnam,60.0,192,9.38,989.74,0.0,157.95,732.71,1880.4,2880.76,Cash,Completed,4.2,None,Delhi,Ashok Leyland Dost,Diesel,12
T01963,2025-02-15,V048,Sedan,D018,Driver_018,4.4,R068,Pune,Mumbai,53.9,162,3.78,380.78,0.0,240.09,837.02,1457.89,328.9,UPI,Cancelled,4.0,None,Pune,Honda City,Petrol,2
T01964,2025-12-29,V071,Sedan,D138,Driver_138,3.8,R053,Chennai,Hyderabad,67.8,176,5.05,529.18,0.0,245.11,561.93,1336.22,0.23,,Cancelled,3.6,None,Chennai,Hyundai Verna,Petrol,1
T01965,2025-06-24,V094,Van,D122,Driver_122,3.8,R005,Hyderabad,Visakhapatnam,56.4,87,5.73,563.11,0.0,120.25,441.81,1125.17,2057.36,Cash,Completed,5.0,Repair,Hyderabad,Maruti Eeco,Diesel,2
T01966,2025-05-06,V048,Van,D138,Driver_138,3.4,R016,Hyderabad,Mumbai,39.3,109,4.12,406.5,0.0,71.79,433.26,911.55,1721.28,Net Banking,Completed,4.1,Repair,Hyderabad,Force Traveller,Diesel,10
T01967,2025-08-15,V018,Van,D031,Driver_031,4.1,R031,Chennai,Pune,45.6,101,4.33,468.53,0.0,82.93,553.54,1105.0,1948.61,COD,Completed,4.2,None,Chennai,Maruti Eeco,Diesel,3
T01968,2025-12-23,V021,Sedan,D092,Driver_092,4.0,R071,Kochi,Pune,118.7,309,7.53,812.78,0.0,426.14,1587.56,2826.48,2698.18,Net Banking,Completed,3.5,None,Kochi,Maruti Dzire,Petrol,10
T01969,2025-11-08,V004,Sedan,D077,Driver_077,4.3,R005,Hyderabad,Chennai,30.6,104,2.37,254.45,0.0,97.55,523.94,875.94,977.09,COD,Completed,3.6,Inspection,Hyderabad,Honda City,Petrol,7
T01970,2025-03-06,V019,Van,D057,Driver_057,2.8,R074,Pune,Bengaluru,54.3,171,5.72,618.37,0.0,185.34,814.81,1618.52,2336.17,COD,Completed,4.3,Service,Pune,Maruti Eeco,Diesel,7
T01971,2025-03-22,V036,Sedan,D079,Driver_079,4.6,R072,Kochi,Mumbai,59.2,140,3.59,381.41,0.0,242.0,750.51,1373.92,1833.85,Card,Completed,4.1,Inspection,Kochi,Maruti Dzire,Petrol,12
T01972,2025-12-20,V063,Sedan,D149,Driver_149,4.0,R006,Hyderabad,Visakhapatnam,25.6,89,1.63,177.12,0.0,65.76,310.02,552.9,760.89,Net Banking,Completed,3.8,Repair,Hyderabad,Hyundai Verna,Petrol,3
T01973,2025-06-30,V071,Sedan,D101,Driver_101,4.1,R035,Delhi,Chennai,58.3,156,4.29,418.48,0.0,160.73,609.09,1188.3,1608.6,COD,Completed,3.3,None,Delhi,Honda City,Petrol,12
T01974,2025-12-11,V061,Sedan,D076,Driver_076,4.8,R079,Chennai,Visakhapatnam,24.5,69,1.87,188.99,0.0,84.71,327.07,600.77,887.43,Card,Completed,5.0,None,Chennai,Hyundai Verna,Petrol,2
T01975,2025-04-01,V099,Truck,D130,Driver_130,3.8,R047,Chennai,Pune,111.3,270,19.02,1850.13,0.0,206.17,933.39,2989.69,5134.22,Cash,Completed,3.0,None,Chennai,Ashok Leyland Dost,Diesel,8
T01976,2025-02-07,V052,Truck,D018,Driver_018,5.0,R066,Chennai,Delhi,32.2,68,4.59,460.79,0.0,143.04,395.74,999.57,1796.53,Net Banking,Completed,5.0,None,Chennai,Tata 407,Diesel,3
T01977,2025-06-15,V057,Sedan,D063,Driver_063,4.6,R055,Kochi,Chennai,46.1,89,3.6,366.1,9987.13,189.2,447.14,10989.57,1253.42,UPI,Completed,5.0,Service,Kochi,Maruti Dzire,Petrol,9
T01978,2025-11-11,V067,Sedan,D050,Driver_050,4.4,R048,Chennai,Pune,13.5,40,0.87,86.47,9834.01,38.81,170.84,10130.13,569.19,Net Banking,Completed,4.2,Service,Chennai,Honda City,Petrol,12
T01979,2025-12-02,V074,SUV,D018,Driver_018,4.3,R033,Visakhapatnam,Delhi,51.3,106,4.52,493.45,2288.0,91.61,355.49,3228.55,2034.26,UPI,Completed,4.2,None,Visakhapatnam,Kia Seltos,Diesel,9
T01980,2025-09-23,V082,Truck,D004,Driver_004,4.0,R051,Hyderabad,Visakhapatnam,12.8,50,1.67,172.58,0.0,50.68,226.08,449.34,187.92,Cash,Cancelled,3.8,Inspection,Hyderabad,Tata 407,Diesel,7
T01981,2025-02-14,V004,Sedan,D114,Driver_114,3.9,R032,Chennai,Kochi,22.3,68,1.42,154.7,7515.99,84.23,315.42,8070.34,1039.97,Net Banking,Completed,3.3,Inspection,Chennai,Honda City,Petrol,7
T01982,2025-08-18,V047,Sedan,D124,Driver_124,4.3,R020,Pune,Delhi,23.6,73,1.46,142.33,0.0,72.16,358.73,573.22,904.45,Net Banking,Completed,3.8,None,Pune,Honda City,Petrol,12
T01983,2025-01-19,V046,Van,D022,Driver_022,5.0,R060,Kochi,Pune,7.6,31,0.69,70.3,6202.7,26.27,150.0,6449.27,447.96,UPI,Completed,3.2,Inspection,Kochi,Force Traveller,Diesel,2
T01984,2025-01-13,V012,Sedan,D101,Driver_101,5.0,R020,Kochi,Mumbai,8.1,38,0.5,50.27,0.0,14.74,189.6,254.61,126.86,Net Banking,Cancelled,5.0,Inspection,Kochi,Honda City,Petrol,8
T01985,2025-08-20,V082,Sedan,D136,Driver_136,3.4,R074,Mumbai,Chennai,73.5,149,5.38,537.08,0.0,333.16,759.44,1629.68,1932.42,Card,Completed,4.0,,Mumbai,Hyundai Verna,Petrol,7
T01986,2025-04-15,V011,Van,D127,Driver_127,4.1,R076,Mumbai,Visakhapatnam,10.8,15,0.98,99.05,0.0,20.3,150.0,269.35,93.82,Net Banking,Cancelled,4.8,Repair,Mumbai,Force Traveller,Diesel,8
T01987,2025-11-20,V020,Truck,D042,Driver_042,3.3,R011,Delhi,Chennai,72.6,192,11.78,1232.39,0.0,170.52,830.5,2233.41,3538.0,Card,Completed,3.8,None,Delhi,BharatBenz 1015,Diesel,5
T01988,2025-01-11,V044,SUV,D143,Driver_143,4.4,R074,Pune,Chennai,46.9,101,3.71,402.74,6509.72,179.67,564.56,7656.69,1765.56,Cash,Completed,4.5,None,Pune,Toyota Innova,Diesel,7
T01989,2025-11-26,V071,Sedan,D116,Driver_116,3.9,R061,Delhi,,101.8,226,7.79,827.78,0.0,318.03,837.07,1982.88,2343.71,Cash,Completed,3.6,None,Delhi,Maruti Dzire,Petrol,9
T01990,2025-09-14,V005,Sedan,D092,Driver_092,3.3,R018,Delhi,,39.2,134,2.45,265.62,0.0,109.34,546.88,921.84,1165.7,COD,Completed,4.1,Repair,Delhi,Maruti Dzire,Petrol,3
T01991,2025-03-28,V082,SUV,D076,Driver_076,4.7,R074,Mumbai,Pune,48.2,81,4.03,390.38,0.0,95.37,439.64,925.39,1690.22,UPI,Completed,6.0,None,Mumbai,Toyota Innova,Diesel,11
T01992,2025-05-15,V098,Truck,D117,Driver_117,4.4,R037,Pune,Delhi,58.0,138,9.78,935.24,0.0,259.54,565.47,1760.25,2942.74,Card,Completed,4.1,None,Pune,Ashok Leyland Dost,Diesel,12
T01993,2025-01-14,V033,Sedan,D031,Driver_031,4.3,R035,Chennai,Kochi,44.4,133,2.73,294.92,0.0,126.34,571.3,992.56,1306.28,Card,Completed,4.4,Service,Chennai,Honda City,Petrol,11
T01994,2025-04-05,V030,Van,D009,Driver_009,3.8,R074,Chennai,Visakhapatnam,70.4,182,6.51,650.21,0.0,306.01,989.46,1945.68,2583.6,Card,Completed,4.4,,Chennai,Maruti Eeco,Diesel,12
T01995,2025-02-23,V074,Sedan,D099,Driver_099,3.2,R019,Hyderabad,Mumbai,38.8,61,2.79,297.66,0.0,167.34,189.18,654.18,1080.06,UPI,Completed,4.6,None,Hyderabad,Hyundai Verna,Petrol,7
T01996,2025-09-06,V087,Sedan,D013,Driver_013,4.2,R057,Kochi,Mumbai,31.9,80,2.03,217.22,0.0,104.0,281.37,602.59,40.7,Net Banking,Cancelled,3.7,None,Kochi,Hyundai Verna,Petrol,6
T01997,2025-09-09,V033,Truck,D124,Driver_124,4.3,R041,Delhi,Kochi,12.9,32,1.9,202.65,0.0,54.25,150.0,406.9,985.5,UPI,Completed,4.1,Repair,Delhi,Ashok Leyland Dost,Diesel,1
T01998,2025-09-05,V048,Sedan,D133,Driver_133,3.7,R069,Pune,Hyderabad,52.9,148,3.43,350.71,9495.93,103.58,774.48,10724.7,365.63,Card,Cancelled,4.8,None,Pune,Hyundai Verna,Petrol,1
T01999,2025-03-02,V043,Truck,D031,Driver_031,3.7,R013,Chennai,Pune,83.8,222,10.72,1147.48,0.0,275.82,981.59,2404.89,3642.05,UPI,Completed,4.6,None,Chennai,BharatBenz 1015,Diesel,12
T02000,2025-12-20,V047,SUV,D066,Driver_066,3.8,R053,Visakhapatnam,Kochi,79.6,241,7.66,773.49,0.0,111.34,1101.86,1986.69,2922.14,Card,Completed,3.6,None,Visakhapatnam,Kia Seltos,Diesel,11
T02001,2025-10-23,V017,Truck,D040,Driver_040,4.7,R079,Hyderabad,Visakhapatnam,32.1,59,4.56,440.36,0.0,99.52,333.44,873.32,69.19,COD,Cancelled,4.7,Inspection,Hyderabad,BharatBenz 1015,Diesel,4
T02002,2025-06-28,V088,Truck,D117,Driver_117,4.4,R072,Mumbai,Visakhapatnam,50.2,144,6.72,640.72,0.0,96.37,535.24,1272.33,2420.84,Net Banking,Completed,3.9,Service,Mumbai,BharatBenz 1015,Diesel,4
T02003,2025-07-07,V030,SUV,D112,Driver_112,3.7,R061,Kochi,Visakhapatnam,25.6,65,2.13,211.83,0.0,54.43,331.38,597.64,1010.59,Cash,Completed,4.9,Service,Kochi,Hyundai Creta,Diesel,11
T02004,2025-02-22,V040,SUV,D097,Driver_097,3.8,R058,Bengaluru,Pune,9.2,19,0.9,86.7,0.0,16.54,150.0,253.24,532.29,UPI,Completed,3.7,Repair,Bengaluru,Hyundai Creta,Diesel,7
T02005,2025-12-06,V042,Van,D030,Driver_030,3.3,R041,Hyderabad,Delhi,36.4,75,3.75,361.96,0.0,109.28,399.65,870.89,1583.4,UPI,Completed,4.8,Service,Hyderabad,Maruti Eeco,Diesel,8
T02006,2025-07-19,V001,Truck,D044,Driver_044,4.7,R015,Mumbai,Pune,-54.4,114,8.41,917.76,0.0,133.52,573.89,1625.17,2642.32,COD,Completed,4.1,None,Mumbai,BharatBenz 1015,Diesel,10
T02007,2025-06-15,V009,Sedan,D101,Driver_101,4.1,R023,Kochi,Visakhapatnam,50.4,82,3.81,404.44,0.0,185.22,352.27,941.93,1396.16,UPI,Completed,4.1,Repair,Kochi,Maruti Dzire,Petrol,7
T02008,2025-10-30,V061,Sedan,D122,Driver_122,4.6,R068,Pune,Chennai,29.0,89,2.31,230.26,6379.87,119.97,365.69,7095.79,814.0,Cash,Completed,5.0,Inspection,Pune,Hyundai Verna,Petrol,12
T02009,2025-10-21,V038,Truck,D034,Driver_034,4.1,R079,Pune,Bengaluru,94.1,302,14.55,1465.61,4726.27,191.85,1370.77,7754.5,4168.56,Card,Completed,4.3,,Pune,Tata 407,Diesel,11
T02010,2025-11-24,V094,Sedan,D144,Driver_144,3.3,R053,Delhi,Hyderabad,70.2,122,5.23,535.46,0.0,175.67,587.23,1298.36,1735.31,Card,Completed,4.2,Inspection,Delhi,Hyundai Verna,Petrol,10
T02011,2025-05-17,V037,Sedan,D017,Driver_017,4.1,R028,Pune,Chennai,28.5,91,2.03,212.6,1679.85,71.94,489.11,2453.5,1160.06,UPI,Completed,3.6,None,Pune,Maruti Dzire,Petrol,5
T02012,2025-06-23,V061,Truck,D126,Driver_126,3.9,R001,Hyderabad,Kochi,142.1,422,18.81,1943.75,0.0,530.91,1593.13,4067.79,6503.45,COD,Completed,3.3,None,Hyderabad,BharatBenz 1015,Diesel,8
T02013,2025-02-21,V097,SUV,D110,Driver_110,4.1,R029,Hyderabad,Kochi,31.8,77,2.72,290.57,9364.75,126.55,328.44,10110.31,1151.44,Card,Completed,3.5,Repair,Hyderabad,Kia Seltos,Diesel,6
T02014,2025-10-07,V013,Sedan,D029,Driver_029,3.0,R071,Hyderabad,Bengaluru,23.5,90,1.54,147.75,0.0,44.82,400.36,592.93,917.54,Card,Completed,3.8,Inspection,Hyderabad,Maruti Dzire,Petrol,9
T02015,2025-04-29,V002,Sedan,D053,Driver_053,4.6,R027,Hyderabad,Chennai,30.7,124,2.39,239.64,0.0,106.01,662.95,1008.6,755.59,Net Banking,Completed,3.7,None,Hyderabad,Hyundai Verna,Petrol,11
T02016,2025-04-30,V099,Van,D045,Driver_045,4.8,R059,Kochi,Mumbai,23.9,42,2.61,272.52,0.0,95.47,189.23,557.22,1375.91,Card,Completed,4.3,None,Kochi,Tata Winger,Diesel,4
T02017,2025-11-06,V062,Van,D062,Driver_062,4.1,R079,Bengaluru,Hyderabad,42.8,68,4.09,420.99,0.0,171.23,213.21,805.43,1670.5,Net Banking,Completed,4.2,Repair,Bengaluru,Tata Winger,Diesel,9
T02018,2025-10-16,V099,Sedan,D032,Driver_032,4.9,R038,Mumbai,Visakhapatnam,34.2,73,2.59,246.37,4730.81,146.21,398.42,5521.81,1176.89,COD,Completed,4.2,None,Mumbai,Honda City,Petrol,5
T02019,2025-12-11,V055,Sedan,D058,Driver_058,3.6,R055,Pune,Bengaluru,33.8,78,2.34,241.72,0.0,83.85,381.77,707.34,1104.98,Net Banking,Completed,5.0,Repair,Pune,Hyundai Verna,Petrol,9
T02020,2025-08-03,V098,Sedan,D004,Driver_004,4.0,R027,Mumbai,Visakhapatnam,159.6,422,9.78,1005.87,0.0,366.14,1871.69,3243.7,3760.55,Net Banking,Completed,3.8,Inspection,Mumbai,Honda City,Petrol,3
T02021,2025-02-08,V085,Van,D095,Driver_095,4.1,R017,Bengaluru,Kochi,45.4,121,4.17,443.27,0.0,210.14,556.93,1210.34,1720.76,UPI,Completed,4.1,None,Bengaluru,Force Traveller,Diesel,5
T02022,2025-08-25,V100,Van,D128,Driver_128,3.8,R036,Visakhapatnam,Bengaluru,53.0,120,4.75,463.65,0.0,227.29,445.93,1136.87,8.48,Cash,Cancelled,4.0,None,Visakhapatnam,Force Traveller,Diesel,6
T02023,2025-05-12,V058,Van,D019,Driver_019,4.4,R071,Kochi,Hyderabad,25.8,54,2.68,291.83,0.0,120.36,253.6,665.79,16.75,UPI,completed,4.3,Repair,Kochi,Force Traveller,Diesel,4
T02024,2025-07-05,V056,Sedan,D115,Driver_115,4.1,R024,Delhi,Chennai,41.7,108,2.53,250.95,9634.45,114.81,520.03,10520.24,1220.17,UPI,Completed,4.5,None,Delhi,Hyundai Verna,Petrol,3
T02025,2025-09-11,V022,Van,D076,Driver_076,4.1,R056,Mumbai,Hyderabad,55.9,148,5.23,571.12,0.0,116.36,729.19,1416.67,2464.95,COD,Completed,4.6,Service,Mumbai,Force Traveller,Diesel,7
T02026,2025-10-11,V098,SUV,D071,Driver_071,4.0,R071,Mumbai,Chennai,27.3,66,2.45,241.91,0.0,67.8,215.18,524.89,1150.42,Cash,Completed,4.7,None,Mumbai,Toyota Innova,Diesel,2
T02027,2025-09-04,V060,Sedan,D071,Driver_071,4.5,R041,Kochi,Mumbai,15.7,44,1.15,120.77,3621.36,58.51,210.2,4010.84,837.58,Net Banking,Completed,4.6,None,Kochi,Maruti Dzire,Petrol,11
T02028,2025-11-09,V052,SUV,D134,Driver_134,3.7,R054,Pune,Bengaluru,52.5,166,4.98,503.65,0.0,186.34,691.98,1381.97,1805.8,Cash,Completed,4.8,Service,Pune,Toyota Innova,Diesel,6
T02029,2025-06-10,V065,SUV,D106,Driver_106,4.6,R075,Delhi,Pune,21.3,43,1.65,161.05,1944.35,70.12,150.0,2325.52,792.56,Net Banking,Completed,3.8,Repair,Delhi,Hyundai Creta,Diesel,5
T02030,2025-03-27,V014,SUV,D093,Driver_093,3.0,R076,Kochi,Chennai,15.7,29,1.59,157.47,0.0,56.8,150.0,364.27,745.51,COD,Completed,4.1,None,Kochi,Kia Seltos,Diesel,11
T02031,2025-12-24,V073,Sedan,D101,Driver_101,3.4,R078,Hyderabad,Kochi,30.8,90,2.13,219.5,0.0,41.14,483.32,743.96,340.44,UPI,Cancelled,3.3,None,Hyderabad,Hyundai Verna,Petrol,10
T02032,2025-07-03,V044,Van,D098,Driver_098,3.4,R019,Delhi,Visakhapatnam,34.4,128,3.96,397.44,9215.38,76.07,563.99,10252.88,1305.9,Cash,Completed,5.0,Repair,Delhi,Maruti Eeco,Diesel,11
T02033,2025-07-08,V068,SUV,D028,Driver_028,4.2,R006,Chennai,Visakhapatnam,25.6,80,1.93,211.69,0.0,68.77,391.56,672.02,998.02,UPI,Completed,4.5,None,Chennai,Hyundai Creta,Diesel,4
T02034,2025-07-20,V013,Truck,D018,Driver_018,4.2,R003,Kochi,Chennai,29.0,70,3.72,403.78,0.0,41.98,360.13,805.89,1442.19,Card,Completed,3.6,Service,Kochi,Tata 407,Diesel,9
T02035,2025-01-18,V083,Sedan,D021,Driver_021,3.6,R064,Kochi,Visakhapatnam,14.3,46,0.86,84.45,0.0,57.29,174.75,316.49,736.21,Net Banking,Completed,4.3,Repair,Kochi,Maruti Dzire,Petrol,4
T02036,2025-06-04,V013,Van,D019,Driver_019,4.4,R074,Mumbai,Visakhapatnam,59.3,119,7.09,761.47,0.0,89.12,646.99,1497.58,2550.02,Net Banking,Completed,4.9,Inspection,Mumbai,Maruti Eeco,Diesel,2
T02037,2025-08-02,V013,Sedan,D125,Driver_125,3.6,R079,Mumbai,Visakhapatnam,84.8,200,6.66,677.21,0.0,274.94,752.71,1704.86,1953.41,Cash,Completed,4.4,Service,Mumbai,Maruti Dzire,Petrol,5
T02038,2025-12-31,V062,Truck,D101,Driver_101,3.9,R002,Visakhapatnam,Delhi,56.8,135,9.67,918.66,2083.95,262.51,564.09,3829.21,369.38,Card,Cancelled,3.2,Inspection,Visakhapatnam,Ashok Leyland Dost,Diesel,10
T02039,2025-04-21,V067,Van,D126,Driver_126,4.6,R008,Kochi,Hyderabad,23.7,69,2.88,296.62,0.0,33.98,229.9,560.5,198.23,Net Banking,Cancelled,3.8,Repair,Kochi,Tata Winger,Diesel,7
T02040,2025-11-17,V020,SUV,D106,Driver_106,4.9,R066,Hyderabad,Pune,10.7,24,0.88,91.39,0.0,17.43,150.0,258.82,423.72,Net Banking,Completed,3.7,Repair,Hyderabad,Toyota Innova,Diesel,12
T02041,2025-02-12,V019,Sedan,D111,Driver_111,3.7,R036,Delhi,Chennai,47.5,145,3.57,356.59,0.0,157.71,601.29,1115.59,1557.51,UPI,Completed,4.5,None,Delhi,Honda City,Petrol,1
T02042,2025-03-29,V033,SUV,D038,Driver_038,4.0,R002,Bengaluru,Pune,68.8,187,5.66,575.45,0.0,176.76,946.9,1699.11,2466.55,COD,Completed,3.9,Service,Bengaluru,Hyundai Creta,Diesel,3
T02043,2025-05-19,V025,Van,D023,Driver_023,4.2,R022,Kochi,Delhi,60.7,132,6.57,712.55,0.0,121.06,653.03,1486.64,2267.4,COD,Completed,3.4,Repair,Kochi,Tata Winger,Diesel,10
T02044,2025-04-20,V079,Van,D088,Driver_088,4.1,R071,Delhi,Pune,39.2,110,4.64,466.38,7664.3,61.3,618.89,8810.87,1751.0,Net Banking,Completed,4.7,,Delhi,Force Traveller,Diesel,10
T02045,2025-06-11,V003,SUV,D141,Driver_141,3.8,R077,Visakhapatnam,Bengaluru,13.4,36,1.15,123.92,0.0,61.36,150.0,335.28,695.16,COD,Completed,4.8,Service,Visakhapatnam,Kia Seltos,Diesel,8
T02046,2025-03-14,V012,Truck,D016,Driver_016,3.8,R053,Visakhapatnam,Mumbai,56.2,110,8.37,806.44,0.0,89.36,527.08,1422.88,2708.61,Card,Completed,5.0,Repair,Visakhapatnam,Tata 407,Diesel,1
T02047,2025-10-18,V097,SUV,D060,Driver_060,3.4,R075,Mumbai,Pune,59.2,134,5.51,550.06,3392.86,150.88,641.43,4735.23,2309.31,Net Banking,Completed,4.5,Service,Mumbai,Kia Seltos,Diesel,10
T02048,2025-07-08,V034,SUV,D074,Driver_074,3.0,R039,Hyderabad,Pune,20.3,82,1.62,158.99,1264.47,87.83,388.42,1899.71,923.07,COD,Completed,3.3,Repair,Hyderabad,Hyundai Creta,Diesel,6
T02049,2025-07-20,V002,Sedan,D050,Driver_050,3.4,R008,Mumbai,Bengaluru,34.1,115,2.54,264.67,7327.7,56.77,470.35,8119.49,1070.5,Card,Completed,4.0,Repair,Mumbai,Hyundai Verna,Petrol,9
T02050,2025-10-31,V042,Truck,D117,Driver_117,4.0,R051,Delhi,Kochi,9.6,38,1.52,157.47,0.0,13.02,187.0,357.49,739.74,COD,Completed,5.0,Inspection,Delhi,BharatBenz 1015,Diesel,10
T02051,2025-12-26,V078,Van,D022,Driver_022,4.5,R070,Bengaluru,Pune,24.1,52,2.21,229.01,0.0,90.77,285.93,605.71,157.84,COD,Cancelled,4.5,Repair,Bengaluru,Maruti Eeco,Diesel,4
T02052,2025-06-17,V091,Sedan,D138,Driver_138,4.1,R064,Hyderabad,Visakhapatnam,24.5,66,1.95,209.27,0.0,77.71,247.39,534.37,809.64,Cash,Completed,3.2,Inspection,Hyderabad,Maruti Dzire,Petrol,8
T02053,2025-11-19,V083,Sedan,D082,Driver_082,4.4,R025,Bengaluru,Visakhapatnam,73.5,137,5.34,548.93,0.0,195.0,592.21,1336.14,1810.68,UPI,Completed,4.7,Repair,Bengaluru,Hyundai Verna,Petrol,6
T02054,2025-05-29,V029,Sedan,D086,Driver_086,4.5,R019,Mumbai,Bengaluru,32.0,81,2.07,220.52,0.0,135.88,345.02,701.42,220.31,COD,Cancelled,3.8,Service,Mumbai,Hyundai Verna,Petrol,4
T02055,2025-10-10,V005,Van,D098,Driver_098,3.7,R071,Pune,Mumbai,28.9,48,3.31,339.69,0.0,52.01,209.9,601.6,1152.87,Card,Completed,3.7,None,Pune,Tata Winger,Diesel,2
T02056,2025-02-19,V082,SUV,D132,Driver_132,3.8,R076,Kochi,Hyderabad,34.1,73,3.25,335.88,0.0,68.28,298.42,702.58,1347.34,COD,Completed,5.0,Repair,Kochi,Toyota Innova,Diesel,10
T02057,2025-05-04,V014,Sedan,D095,Driver_095,4.2,R004,Delhi,Kochi,31.0,82,1.9,201.11,9264.33,78.53,319.75,9863.72,148.3,UPI,Cancelled,4.4,Inspection,Delhi,Honda City,Petrol,6
T02058,2025-07-04,V041,SUV,D075,Driver_075,4.2,R039,Delhi,Kochi,69.0,196,6.73,642.92,0.0,256.05,761.32,1660.29,2271.61,Cash,Completed,3.7,Repair,Delhi,Kia Seltos,Diesel,11
T02059,2025-02-22,V029,Sedan,D025,Driver_025,3.8,R060,Delhi,Bengaluru,37.8,83,2.4,263.41,0.0,136.16,384.64,784.21,1187.55,Cash,completed,3.5,None,Delhi,Hyundai Verna,Petrol,12
T02060,2025-09-04,V048,Van,D041,Driver_041,4.0,R048,Mumbai,Hyderabad,17.2,80,1.65,165.28,0.0,76.64,407.2,649.12,325.0,UPI,Cancelled,4.3,None,Mumbai,Force Traveller,Diesel,4
T02061,2025-01-25,V055,Truck,D002,Driver_002,3.9,R067,Mumbai,Bengaluru,48.2,161,7.32,728.9,0.0,172.28,614.89,1516.07,458.61,Card,Cancelled,4.1,None,Mumbai,Tata 407,Diesel,7
T02062,2025-01-11,V063,Sedan,D070,Driver_070,4.7,R031,Hyderabad,Mumbai,15.3,62,1.0,107.01,0.0,29.39,316.97,453.37,854.07,Net Banking,Completed,4.4,None,Hyderabad,Honda City,Petrol,6
T02063,2025-04-15,V082,Van,D058,Driver_058,4.5,R001,Kochi,Chennai,51.6,115,5.99,612.94,0.0,87.29,454.11,1154.34,347.73,Card,Cancelled,3.6,None,Kochi,Tata Winger,Diesel,12
T02064,2025-01-22,V041,SUV,D067,Driver_067,4.3,R020,Delhi,Visakhapatnam,31.8,64,2.42,258.61,0.0,45.96,333.92,638.49,1054.09,Card,Completed,4.9,Service,Delhi,Toyota Innova,Diesel,1
T02065,2025-04-17,V091,Sedan,D075,Driver_075,4.4,R077,Visakhapatnam,Bengaluru,49.1,132,3.21,333.41,0.0,75.91,538.49,947.81,95.07,Net Banking,Cancelled,4.5,Repair,Visakhapatnam,Maruti Dzire,Petrol,3
T02066,2025-02-24,V076,Sedan,D048,Driver_048,3.5,R039,Visakhapatnam,Mumbai,,256,6.25,683.48,0.0,326.11,1046.76,2056.35,2137.72,Cash,Completed,4.5,Service,Visakhapatnam,Hyundai Verna,Petrol,8
T02067,2025-09-26,V063,Van,D049,Driver_049,4.3,R026,Visakhapatnam,Mumbai,29.5,87,3.32,330.64,1635.99,137.5,366.32,2470.45,1520.11,UPI,Completed,4.4,None,Visakhapatnam,Maruti Eeco,Diesel,7
T02068,2025-11-19,V060,Sedan,D080,Driver_080,,R053,Visakhapatnam,Bengaluru,31.7,105,2.33,227.91,6571.55,55.97,349.13,7204.56,1150.8,Cash,Completed,4.3,None,Visakhapatnam,Honda City,Petrol,1
T02069,2025-06-26,V062,Truck,D041,Driver_041,4.6,R060,Pune,Visakhapatnam,65.0,110,10.01,1034.53,0.0,239.76,559.4,1833.69,2907.45,Card,Completed,4.5,None,Pune,Tata 407,Diesel,7
T02070,2025-11-08,V088,Truck,D062,Driver_062,,R075,Delhi,Bengaluru,18.8,21,2.68,275.8,0.0,84.61,150.0,510.41,1171.42,Cash,Completed,3.1,Repair,Delhi,Ashok Leyland Dost,Diesel,1
T02071,2025-09-23,V078,Truck,D012,Driver_012,4.5,R054,Hyderabad,Bengaluru,34.9,74,4.73,487.58,0.0,94.04,253.16,834.78,1868.02,COD,Completed,4.3,Service,Hyderabad,Ashok Leyland Dost,Diesel,8
T02072,2025-08-01,V030,Sedan,D098,Driver_098,3.5,R072,Visakhapatnam,Kochi,19.0,19,1.33,137.15,0.0,75.17,150.0,362.32,62.94,Card,Cancelled,3.8,None,Visakhapatnam,Hyundai Verna,Petrol,4
T02073,2025-08-17,V019,Sedan,D031,Driver_031,4.1,R005,Chennai,Bengaluru,9.6,16,0.74,80.0,0.0,37.38,150.0,267.38,462.59,Cash,Completed,3.4,Inspection,Chennai,Maruti Dzire,Petrol,12
T02074,2025-06-24,V088,SUV,D029,Driver_029,4.2,R072,Visakhapatnam,Chennai,27.4,63,2.26,243.11,0.0,78.28,316.68,638.07,183.44,Card,Cancelled,3.5,None,Visakhapatnam,Toyota Innova,Diesel,10
T02075,2025-03-06,V087,Van,D119,Driver_119,4.4,R035,Bengaluru,Chennai,42.0,137,3.97,397.78,0.0,140.82,429.65,968.25,1836.87,Net Banking,Completed,3.9,None,Bengaluru,Maruti Eeco,Diesel,2
T02076,2025-02-24,V050,SUV,D107,Driver_107,4.2,R059,Chennai,Delhi,74.8,199,5.79,552.44,7322.91,273.6,678.38,8827.33,123.27,Net Banking,Cancelled,4.6,None,Chennai,Hyundai Creta,Diesel,12
T02077,2025-08-05,V053,SUV,D047,Driver_047,3.9,R012,Mumbai,Delhi,28.0,87,2.78,284.93,4538.76,71.04,434.89,5329.62,972.91,Cash,Completed,2.9,Repair,Mumbai,Toyota Innova,Diesel,11
T02078,2025-07-30,V053,Truck,D127,Driver_127,4.7,R074,Kochi,Pune,47.5,136,8.05,824.29,6147.0,150.99,485.01,7607.29,2129.12,Card,Completed,4.2,Repair,Kochi,Tata 407,Diesel,7
T02079,2025-02-06,V009,Sedan,D135,Driver_135,4.0,R028,Kochi,Bengaluru,27.7,101,1.68,160.28,7862.87,115.82,306.8,8445.77,1158.06,COD,Completed,3.6,None,Kochi,Honda City,Petrol,5
T02080,2025-10-09,V010,Sedan,D094,Driver_094,3.5,R026,Bengaluru,Visakhapatnam,36.2,98,2.79,291.62,0.0,49.69,434.59,775.9,223.16,UPI,Cancelled,3.0,Repair,Bengaluru,Honda City,Petrol,8
T02081,2025-03-14,V072,Truck,D004,Driver_004,3.5,R048,Visakhapatnam,Hyderabad,58.1,181,9.6,1044.89,0.0,255.83,1040.88,2341.6,2660.46,UPI,Completed,3.8,None,Visakhapatnam,Tata 407,Diesel,3
T02082,2025-04-24,V079,Sedan,D109,Driver_109,4.3,R057,Mumbai,Bengaluru,61.8,161,4.35,426.74,0.0,216.38,620.82,1263.94,1676.92,UPI,Completed,3.7,None,Mumbai,Hyundai Verna,Petrol,9
T02083,2025-05-25,V086,Truck,D118,Driver_118,3.5,R014,Pune,Kochi,36.9,86,4.91,501.25,3627.9,105.61,339.86,4574.62,1798.09,Net Banking,Completed,4.1,Repair,Pune,Tata 407,Diesel,12
T02084,2025-05-07,V019,Sedan,D036,Driver_036,4.6,R078,Pune,Kochi,91.6,264,6.18,660.91,0.0,308.9,1375.97,2345.78,589.85,Net Banking,Cancelled,4.1,None,Pune,Hyundai Verna,Petrol,5
T02085,2025-01-24,V089,SUV,D050,Driver_050,4.5,R024,Visakhapatnam,Mumbai,38.5,106,3.21,352.48,0.0,75.98,513.45,941.91,1616.77,Net Banking,Completed,4.7,Service,Visakhapatnam,Kia Seltos,Diesel,1
T02086,2025-03-25,V068,Truck,D138,Driver_138,4.0,R025,Delhi,Hyderabad,25.8,26,4.0,427.0,0.0,105.36,150.0,682.36,1428.02,Cash,Completed,3.2,Service,Delhi,Ashok Leyland Dost,Diesel,8
T02087,2025-05-01,V078,Truck,D113,Driver_113,4.4,R007,Pune,Visakhapatnam,48.0,108,7.41,760.95,0.0,71.41,583.63,1415.99,2520.07,UPI,Completed,3.5,Service,Pune,Tata 407,Diesel,2
T02088,2025-02-17,V073,Sedan,D075,Driver_075,4.2,R037,Mumbai,Visakhapatnam,38.3,116,2.73,272.9,2639.45,133.07,611.22,3656.64,1250.39,COD,Completed,4.4,Service,Mumbai,Honda City,Petrol,1
T02089,2025-09-30,V078,Sedan,D096,Driver_096,3.4,R040,Kochi,Visakhapatnam,15.2,46,1.23,126.09,0.0,57.93,262.18,446.2,25.56,COD,Cancelled,3.6,None,Kochi,Honda City,Petrol,12
T02090,2025-06-23,V057,Van,D029,Driver_029,5.0,R044,Delhi,Bengaluru,11.9,22,1.43,152.43,0.0,50.53,150.0,352.96,684.47,Card,Completed,4.2,Service,Delhi,Tata Winger,Diesel,11
T02091,2025-08-21,V061,Sedan,D125,Driver_125,4.1,R064,Pune,Visakhapatnam,31.4,128,2.49,238.92,0.0,108.82,480.73,828.47,5.29,COD,Cancelled,,None,Pune,Honda City,Petrol,8
T02092,2025-01-09,V044,Sedan,D014,Driver_014,3.8,R006,Chennai,Hyderabad,20.5,57,1.63,171.46,0.0,40.49,262.55,474.5,213.86,Net Banking,Cancelled,3.9,None,Chennai,Hyundai Verna,Petrol,8
T02093,2025-11-15,V044,Sedan,D096,Driver_096,5.0,R043,Kochi,Visakhapatnam,52.1,119,3.72,357.55,0.0,201.92,649.9,1209.37,1596.2,upi,Completed,3.5,Repair,Kochi,Maruti Dzire,Petrol,4
T02094,2025-12-20,V025,Sedan,D066,Driver_066,3.9,R016,Bengaluru,Kochi,33.9,94,2.32,235.46,3921.47,57.35,330.92,4545.2,1265.84,COD,Completed,3.7,Inspection,Bengaluru,Hyundai Verna,Petrol,8
T02095,2025-09-26,V097,Truck,D042,Driver_042,3.9,R004,Mumbai,Bengaluru,53.7,139,7.99,866.73,0.0,240.73,601.34,1708.8,2681.5,UPI,Completed,4.2,None,Mumbai,Tata 407,Diesel,5
T02096,2025-09-03,V047,SUV,D073,Driver_073,4.3,R026,Pune,Delhi,57.8,209,4.86,484.75,964.71,164.55,776.44,2390.45,2084.74,Cash,Completed,4.8,None,Pune,Toyota Innova,Diesel,2
T02097,2025-07-25,V095,Truck,D096,Driver_096,4.3,R016,Hyderabad,Bengaluru,57.4,194,7.61,834.88,0.0,266.74,661.68,1763.3,2646.85,COD,Completed,3.8,Inspection,Hyderabad,Ashok Leyland Dost,Diesel,8
T02098,2025-06-25,V091,Sedan,D066,Driver_066,4.0,R059,Mumbai,Delhi,98.8,156,6.94,690.96,4569.71,400.48,554.31,6215.46,2398.88,Cash,Completed,3.5,Service,Mumbai,Maruti Dzire,Petrol,5
T02099,2025-08-23,V075,Sedan,D113,Driver_113,4.4,R073,Delhi,Hyderabad,58.3,151,3.62,357.24,0.0,242.25,798.32,1397.81,1817.3,UPI,Completed,3.8,None,Delhi,Maruti Dzire,Petrol,8
T02100,2025-09-04,V075,Van,D048,Driver_048,4.3,R063,Delhi,Visakhapatnam,25.5,46,2.96,300.49,0.0,118.58,262.55,681.62,1116.96,COD,Completed,3.9,Repair,Delhi,Force Traveller,Diesel,5
T02101,2025-01-03,V027,Sedan,D050,Driver_050,3.8,R018,Hyderabad,Mumbai,30.6,67,1.84,178.59,0.0,103.1,204.44,486.13,236.99,Cash,Cancelled,4.5,None,Hyderabad,Hyundai Verna,Petrol,11
T02102,2025-12-23,V094,Van,D036,Driver_036,3.2,R050,Kochi,Bengaluru,36.4,101,3.93,397.65,913.08,104.13,350.8,1765.66,105.9,UPI,Cancelled,3.2,Repair,Kochi,Tata Winger,Diesel,11
T02103,2025-07-31,V027,Truck,D010,Driver_010,3.2,R007,Kochi,Visakhapatnam,44.1,147,7.47,771.11,0.0,158.49,486.72,1416.32,210.21,Cash,Cancelled,4.3,Repair,Kochi,Tata 407,Diesel,12
T02104,2025-03-06,V019,Sedan,D056,Driver_056,4.5,R065,Delhi,Pune,138.0,200,8.56,933.68,0.0,593.06,1048.96,2575.7,3559.57,Net Banking,Completed,,None,Delhi,Hyundai Verna,Petrol,5
T02105,2025-12-31,V077,Sedan,D131,Driver_131,4.8,R008,Visakhapatnam,Chennai,23.8,94,1.78,187.81,0.0,49.23,323.17,560.21,95.94,Net Banking,Cancelled,3.6,None,Visakhapatnam,Hyundai Verna,Petrol,5
T02106,2025-07-29,V018,SUV,D021,Driver_021,3.4,R073,Visakhapatnam,Kochi,34.1,102,2.77,289.54,0.0,75.43,445.44,810.41,1443.43,Cash,Completed,3.2,None,Visakhapatnam,Kia Seltos,Diesel,2
T02107,2025-04-22,V074,Van,D109,Driver_109,4.6,R032,Hyderabad,Bengaluru,33.9,86,3.2,321.07,0.0,117.49,350.09,788.65,1341.28,COD,Completed,4.0,None,Hyderabad,Tata Winger,Diesel,2
T02108,2025-08-09,V016,SUV,D101,Driver_101,3.0,R053,Chennai,Bengaluru,50.5,135,3.85,376.98,4664.32,113.43,742.5,5897.23,1828.47,Cash,Completed,4.2,None,Chennai,Toyota Innova,Diesel,3
T02109,2025-04-29,V022,SUV,D059,Driver_059,4.5,R005,Hyderabad,Visakhapatnam,45.3,105,3.48,337.3,0.0,129.44,544.43,1011.17,1864.83,COD,Completed,3.7,Repair,Hyderabad,Toyota Innova,Diesel,1
T02110,2025-12-27,V024,Sedan,D093,Driver_093,5.0,R031,Mumbai,Visakhapatnam,16.9,68,1.33,131.25,0.0,31.88,239.74,402.87,456.43,Net Banking,Completed,4.5,None,Mumbai,Maruti Dzire,Petrol,5
T02111,2025-09-14,V047,Sedan,D086,Driver_086,4.3,R005,Visakhapatnam,Hyderabad,38.5,64,2.31,240.88,0.0,70.45,366.2,677.53,1143.42,Net Banking,Completed,,None,Visakhapatnam,Hyundai Verna,Petrol,5
T02112,2025-05-25,V024,Sedan,D034,Driver_034,4.4,R061,Visakhapatnam,Mumbai,44.6,72,3.07,296.56,1629.82,91.08,310.47,2327.93,1238.52,Cash,Completed,3.6,Repair,Visakhapatnam,Hyundai Verna,Petrol,4
T02113,2025-07-24,V041,Sedan,D089,Driver_089,4.3,R032,Pune,Mumbai,18.1,74,1.28,134.16,0.0,79.02,365.42,578.6,630.66,UPI,Completed,4.5,None,Pune,Honda City,Petrol,2
T02114,2025-11-19,V019,Truck,D095,Driver_095,4.8,R030,Delhi,Hyderabad,122.0,246,17.31,1665.88,0.0,501.09,975.89,3142.86,1183.46,Cash,Cancelled,3.2,None,Delhi,Tata 407,Diesel,8
T02115,2025-11-01,V094,Sedan,D149,Driver_149,5.0,R021,Visakhapatnam,Bengaluru,47.5,147,2.84,272.32,0.0,127.07,768.92,1168.31,1545.69,Cash,Completed,4.6,Service,Visakhapatnam,Hyundai Verna,Petrol,9
T02116,2025-10-23,V046,Van,D094,Driver_094,3.9,R023,Delhi,Hyderabad,41.5,106,4.19,407.22,0.0,178.38,610.2,1195.8,1990.57,Cash,Completed,4.3,None,Delhi,Maruti Eeco,Diesel,11
T02117,2025-08-09,V097,Van,D130,Driver_130,4.5,R069,Chennai,Delhi,10.1,16,1.18,119.71,0.0,24.03,150.0,293.74,885.41,Card,Completed,4.3,Inspection,Chennai,Maruti Eeco,Diesel,4
T02118,2025-11-26,V076,Sedan,D014,Driver_014,3.8,R010,Chennai,Visakhapatnam,65.5,194,4.72,510.51,0.0,114.93,947.98,1573.42,1973.03,UPI,Completed,3.6,None,Chennai,Hyundai Verna,Petrol,9
T02119,2025-11-15,V002,Sedan,D137,Driver_137,4.7,R068,Mumbai,Kochi,25.9,81,1.66,178.92,0.0,83.54,342.64,605.1,167.63,UPI,Cancelled,4.7,None,Mumbai,Hyundai Verna,Petrol,1
T02120,2025-09-09,V062,Sedan,D150,Driver_150,4.1,R036,Hyderabad,Mumbai,37.9,88,3.04,308.45,7495.59,70.47,320.88,8195.39,1197.61,Cash,Completed,4.4,None,Hyderabad,Maruti Dzire,Petrol,9
T02121,2025-05-04,V082,Sedan,D072,Driver_072,3.6,R032,Kochi,Mumbai,85.6,180,5.39,533.05,0.0,379.82,600.59,1513.46,2331.75,Cash,Completed,2.6,Service,Kochi,Maruti Dzire,Petrol,8
T02122,2025-01-19,V045,Sedan,D135,Driver_135,4.4,R054,Hyderabad,Kochi,25.5,49,1.54,167.78,0.0,72.31,275.14,515.23,134.89,UPI,Cancelled,2.9,None,Hyderabad,Maruti Dzire,Petrol,12
T02123,2025-05-19,V078,Van,D111,Driver_111,3.9,R049,Mumbai,Kochi,20.2,52,2.44,244.88,2236.99,62.45,285.54,2829.86,1048.66,UPI,Completed,4.6,None,Mumbai,Force Traveller,Diesel,8
T02124,2025-07-02,V058,Sedan,D075,Driver_075,3.9,R011,Chennai,Delhi,68.7,125,5.21,543.22,0.0,198.67,544.43,1286.32,1873.17,Card,Completed,4.6,Service,Chennai,Honda City,Petrol,9
T02125,2025-05-04,V009,Van,D074,Driver_074,4.1,R013,Kochi,Bengaluru,55.5,154,5.8,630.87,9021.29,209.96,591.65,10453.77,115.83,UPI,Cancelled,4.4,Service,Kochi,Maruti Eeco,Diesel,11
T02126,2025-11-05,V100,Sedan,D119,Driver_119,4.3,R002,Kochi,Bengaluru,50.7,136,3.67,355.25,0.0,125.71,607.52,1088.48,1562.7,COD,Completed,3.0,None,Kochi,Honda City,Petrol,8
T02127,2025-12-06,V067,Sedan,D022,Driver_022,4.6,R079,Kochi,Pune,83.1,204,5.82,566.47,0.0,329.01,1048.0,1943.48,2317.41,,Completed,3.6,None,Kochi,Hyundai Verna,Petrol,6
T02128,2025-02-20,V058,Sedan,D122,Driver_122,3.6,R076,Kochi,Bengaluru,29.2,102,2.24,217.28,0.0,89.0,585.64,891.92,1095.85,Net Banking,Completed,4.0,Repair,Kochi,Honda City,Petrol,11
T02129,2025-02-15,V021,Sedan,D109,Driver_109,4.0,R001,Bengaluru,Delhi,41.9,87,2.58,263.29,0.0,139.67,349.53,752.49,1329.28,Card,Completed,3.7,None,Bengaluru,Hyundai Verna,Petrol,1
T02130,2025-02-09,V025,Truck,D016,Driver_016,4.2,R009,Chennai,Kochi,43.1,119,5.55,543.25,880.19,132.52,603.82,2159.78,2337.67,UPI,Completed,3.3,Repair,Chennai,BharatBenz 1015,Diesel,1
T02131,2025-09-13,V033,SUV,D114,Driver_114,3.5,R026,Pune,Bengaluru,49.7,121,5.03,492.2,529.73,79.12,422.51,1523.56,1829.9,UPI,Completed,4.1,Service,Pune,Hyundai Creta,Diesel,5
T02132,2025-11-21,V020,SUV,D056,Driver_056,3.7,R041,Kochi,Bengaluru,32.6,101,3.16,338.86,0.0,87.04,380.85,806.75,1373.29,Cash,Completed,3.8,None,Kochi,Toyota Innova,Diesel,6
T02133,2025-07-16,V033,SUV,D133,Driver_133,4.3,R057,Pune,Visakhapatnam,61.8,120,4.65,491.37,4018.72,189.46,465.26,5164.81,4.02,UPI,Cancelled,5.0,None,Pune,Kia Seltos,Diesel,12
T02134,2025-07-21,V074,Van,D037,Driver_037,4.9,R052,Mumbai,Kochi,29.6,87,3.31,328.05,0.0,55.18,505.97,889.2,1515.69,Card,Completed,5.0,None,Mumbai,Tata Winger,Diesel,2
T02135,2025-03-13,V046,Truck,D144,Driver_144,3.6,R020,Bengaluru,Chennai,63.9,167,9.77,929.88,0.0,266.48,886.92,2083.28,63.17,Card,Cancelled,2.3,Service,Bengaluru,BharatBenz 1015,Diesel,5
T02136,2025-08-07,V099,Sedan,D027,Driver_027,4.5,R074,Mumbai,Pune,70.5,154,4.26,452.98,2506.28,185.16,750.17,3894.59,1911.96,Card,Completed,4.7,None,Mumbai,Honda City,Petrol,4
T02137,2025-03-12,V090,Truck,D126,Driver_126,2.9,R051,Bengaluru,Hyderabad,59.5,120,10.25,1116.4,0.0,134.6,592.3,1843.3,2996.08,Net Banking,Completed,3.6,Inspection,Bengaluru,BharatBenz 1015,Diesel,9
T02138,2025-10-19,V067,Van,D026,Driver_026,4.1,R078,Mumbai,Delhi,140.7,400,14.76,1575.49,3490.13,554.51,1705.77,7325.9,5033.62,Net Banking,Completed,3.9,Inspection,Mumbai,Maruti Eeco,Diesel,2
T02139,2025-08-25,V050,Truck,D030,Driver_030,4.2,R074,Visakhapatnam,Chennai,50.4,145,7.29,738.36,0.0,73.28,620.04,1431.68,2442.84,UPI,Completed,3.9,None,Visakhapatnam,BharatBenz 1015,Diesel,9
T02140,2025-01-18,V018,Sedan,D056,Driver_056,4.0,R010,Chennai,Bengaluru,42.4,99,2.53,273.15,0.0,105.82,338.97,717.94,1350.06,UPI,Completed,3.7,Service,Chennai,Hyundai Verna,Petrol,3
T02141,2025-07-15,V017,Sedan,D092,Driver_092,4.4,R055,Mumbai,Bengaluru,34.0,79,2.1,219.32,0.0,118.28,397.8,735.4,1231.85,COD,Completed,3.8,None,Mumbai,Maruti Dzire,Petrol,10
T02142,2025-12-15,V068,Sedan,D093,Driver_093,4.5,R057,Visakhapatnam,Chennai,24.7,55,1.92,187.57,0.0,58.56,274.87,521.0,95.58,Cash,Cancelled,3.9,Inspection,Visakhapatnam,Hyundai Verna,Petrol,4
T02143,2025-11-12,V076,Truck,D042,Driver_042,4.9,R005,Chennai,Mumbai,49.9,115,6.41,697.5,3860.78,212.1,568.19,5338.57,2311.82,Cash,Completed,3.1,Service,Chennai,Ashok Leyland Dost,Diesel,10
T02144,2025-05-09,V019,Sedan,D109,Driver_109,4.1,R033,Visakhapatnam,Chennai,31.9,94,2.58,267.2,2615.04,51.46,298.46,3232.16,142.44,UPI,Cancelled,3.8,Service,Visakhapatnam,Honda City,Petrol,7
T02145,2025-03-26,V035,Sedan,D073,Driver_073,2.9,R026,Bengaluru,Mumbai,59.0,110,4.34,453.3,1778.96,175.63,467.14,2875.03,272.79,Card,Cancelled,5.0,Service,Bengaluru,Honda City,Petrol,3
T02146,2025-02-15,V010,Sedan,D011,Driver_011,3.7,R067,Visakhapatnam,Hyderabad,59.0,180,4.76,504.82,0.0,242.23,890.63,1637.68,1561.04,UPI,Completed,3.5,None,Visakhapatnam,Honda City,Petrol,9
T02147,2025-07-06,V031,Truck,D062,Driver_062,3.9,R026,Pune,Delhi,26.7,68,4.31,414.24,0.0,55.96,320.71,790.91,1210.96,UPI,Completed,3.7,Inspection,Pune,BharatBenz 1015,Diesel,6
T02148,2025-05-26,V003,Sedan,D119,Driver_119,3.7,R051,Kochi,Bengaluru,9.7,37,0.74,79.93,0.0,33.74,206.02,319.69,678.76,Card,Completed,5.0,Inspection,Kochi,Honda City,Petrol,12
T02149,2025-11-15,V063,SUV,D059,Driver_059,4.6,R042,Visakhapatnam,Mumbai,27.6,65,2.79,306.03,0.0,94.65,356.77,757.45,161.92,COD,Cancelled,4.8,None,Visakhapatnam,Hyundai Creta,Diesel,8
T02150,2025-11-12,V081,SUV ,D072,Driver_072,4.8,R050,Bengaluru,Chennai,46.6,112,6.86,754.17,0.0,217.33,344.8,1316.3,2109.97,Card,completed,3.4,Service,Bengaluru,Tata 407,Diesel,2
T02151,2025-12-22,V044,Van,D028,Driver_028,3.8,R024,Bengaluru,Delhi,19.5,53,1.74,184.69,0.0,64.23,272.07,520.99,290.49,Net Banking,Cancelled,3.5,Inspection,Bengaluru,Maruti Eeco,Diesel,8
T02152,2025-05-24,V056,SUV,D075,Driver_075,4.3,R023,Hyderabad,Kochi,26.1,77,2.22,227.5,0.0,93.23,411.12,731.85,888.52,Card,Completed,4.0,None,Hyderabad,Hyundai Creta,Diesel,1
T02153,2025-05-09,V075,Sedan,D007,Driver_007,3.8,R029,Chennai,Bengaluru,20.5,62,1.33,129.24,0.0,76.44,235.55,441.23,758.04,Card,Completed,3.8,Repair,Chennai,Maruti Dzire,Petrol,4
T02154,2025-05-20,V014,Sedan,D006,Driver_006,4.6,R064,Bengaluru,Chennai,47.0,75,3.01,311.57,0.0,172.02,258.07,741.66,1475.1,Cash,Completed,3.2,Repair,Bengaluru,Maruti Dzire,Petrol,4
T02155,2025-07-15,V069,Sedan,D017,Driver_017,3.7,R023,Bengaluru,Chennai,13.6,30,0.96,97.12,6719.49,47.04,150.0,7013.65,652.15,Net Banking,Completed,3.4,None,Bengaluru,Hyundai Verna,Petrol,6
T02156,2025-01-25,V090,Van,D121,Driver_121,,R011,Delhi,Chennai,57.2,174,5.57,553.72,0.0,176.73,551.51,1281.96,2327.8,Net Banking,Completed,2.4,None,Delhi,Tata Winger,Diesel,7
T02157,2025-07-18,V068,Sedan,D071,Driver_071,4.0,R078,Mumbai,Pune,61.5,111,3.72,380.93,5664.2,194.8,566.02,6805.95,1559.0,UPI,Completed,2.7,Repair,Mumbai,Hyundai Verna,Petrol,5
T02158,2025-10-30,V084,SUV,D075,Driver_075,3.9,R008,Kochi,Bengaluru,37.9,132,2.99,320.87,0.0,54.09,562.06,937.02,1467.25,Card,Completed,4.1,None,Kochi,Hyundai Creta,Diesel,6
T02159,2025-06-06,V013,SUV,D023,Driver_023,3.9,R039,Hyderabad,Chennai,32.6,90,2.9,316.83,2989.58,96.0,293.38,3695.79,1062.42,COD,Completed,4.3,Repair,Hyderabad,Hyundai Creta,Diesel,6
T02160,2025-07-04,V068,SUV,D081,Driver_081,3.8,R074,Mumbai,Delhi,77.3,225,7.5,725.11,2538.15,340.78,683.12,4287.16,2554.21,Cash,Completed,3.5,Service,Mumbai,Hyundai Creta,Diesel,7
T02161,2025-10-28,V022,Van,D102,Driver_102,3.2,R010,Visakhapatnam,Mumbai,72.5,126,7.37,776.07,5403.98,265.65,460.92,6906.62,2653.34,Cash,Completed,4.8,Repair,Visakhapatnam,Maruti Eeco,Diesel,8
T02162,2025-04-03,V055,Sedan,D023,Driver_023,4.0,R032,Pune,Chennai,13.0,35,0.89,88.6,0.0,51.75,166.6,306.95,149.41,COD,Cancelled,5.0,None,Pune,Hyundai Verna,Petrol,12
T02163,2025-01-07,V024,SUV,D012,Driver_012,4.0,R037,Kochi,Delhi,56.1,87,5.65,608.86,0.0,242.27,472.96,1324.09,1911.58,COD,Completed,3.4,None,Kochi,Toyota Innova,Diesel,1
T02164,2025-01-05,V063,SUV,D039,Driver_039,3.8,R071,Hyderabad,Delhi,22.9,56,1.73,183.87,0.0,51.0,309.63,544.5,38.9,UPI,Cancelled,4.5,Repair,Hyderabad,Kia Seltos,Diesel,8
T02165,2025-02-26,V018,Truck,D041,Driver_041,5.0,R033,Visakhapatnam,Bengaluru,67.2,191,8.74,852.3,0.0,283.16,766.95,1902.41,3149.5,COD,Completed,4.4,Inspection,Visakhapatnam,Ashok Leyland Dost,Diesel,4
T02166,2025-04-02,V065,Sedan,D055,Driver_055,4.6,R065,Bengaluru,Delhi,41.5,136,2.65,277.56,0.0,174.77,718.38,1170.71,1123.36,UPI,Completed,5.0,Inspection,Bengaluru,Honda City,Petrol,9
T02167,2025-05-01,V009,Sedan,D075,Driver_075,4.2,R052,Chennai,Pune,26.9,79,1.79,185.51,7930.24,43.32,430.84,8589.91,710.29,Card,Completed,3.0,Service,Chennai,Honda City,Petrol,8
T02168,2025-07-17,V012,Van,D036,Driver_036,4.9,R039,Delhi,Bengaluru,79.9,173,7.96,789.65,0.0,361.75,535.67,1687.07,2911.13,Cash,Completed,3.0,Repair,Delhi,Force Traveller,Diesel,11
T02169,2025-04-24,V027,SUV,D036,Driver_036,4.2,R074,Pune,Delhi,24.3,51,2.07,215.98,4221.86,52.58,252.94,4743.36,178.81,Card,Cancelled,3.4,Inspection,Pune,Toyota Innova,Diesel,5
T02170,2025-03-26,V040,Sedan,D097,Driver_097,4.6,R001,Bengaluru,Hyderabad,48.1,125,3.13,334.44,0.0,64.93,726.34,1125.71,1548.51,COD,Completed,3.1,Service,Bengaluru,Maruti Dzire,Petrol,10
T02171,2025-09-11,V038,SUV,D037,Driver_037,4.4,R024,Bengaluru,Pune,22.3,44,1.98,202.84,6406.7,62.85,150.0,6822.39,1000.91,Cash,Completed,3.5,None,Bengaluru,Hyundai Creta,Diesel,7
T02172,2025-06-13,V031,SUV,D084,Driver_084,4.0,R052,Kochi,Visakhapatnam,15.6,70,1.54,159.25,0.0,48.87,295.02,503.14,905.87,Card,Completed,4.1,None,Kochi,Kia Seltos,Diesel,4
T02173,2025-05-28,V100,Sedan,D017,Driver_017,3.8,R075,Mumbai,Pune,38.8,83,2.53,278.08,0.0,107.72,483.07,868.87,82.72,Cash,Cancelled,4.0,None,Mumbai,Maruti Dzire,Petrol,5
T02174,2025-03-21,V048,Sedan,D088,Driver_088,4.1,R014,Pune,Hyderabad,43.8,111,2.62,257.45,0.0,179.06,350.41,786.92,1323.6,Net Banking,completed,4.6,None,Pune,Maruti Dzire,Petrol,4
T02175,2025-03-22,V030,Van,D085,Driver_085,3.7,R058,Delhi,Pune,49.1,131,4.48,430.63,7748.02,129.68,712.91,9021.24,2229.25,Net Banking,Completed,3.6,Inspection,Delhi,Force Traveller,Diesel,4
T02176,2025-05-17,V005,SUV,D011,Driver_011,3.6,R010,Hyderabad,Chennai,104.0,297,7.77,835.17,0.0,476.17,1373.81,2685.15,3509.14,UPI,Completed,3.0,Inspection,Hyderabad,Toyota Innova,Diesel,11
T02177,2025-06-22,V028,SUV,D033,Driver_033,4.4,R018,Delhi,Chennai,83.1,224,6.4,652.04,0.0,273.25,683.01,1608.3,2828.19,UPI,Completed,4.2,Repair,Delhi,Hyundai Creta,Diesel,3
T02178,2025-07-22,V089,Sedan,D115,Driver_115,3.2,R007,Visakhapatnam,Chennai,21.6,50,1.37,131.45,0.0,86.27,171.69,389.41,744.55,UPI,Completed,5.0,None,Visakhapatnam,Honda City,Petrol,5
T02179,2025-07-23,V098,Sedan,D006,Driver_006,4.0,R065,Hyderabad,Visakhapatnam,42.0,88,2.82,279.61,7695.12,144.79,342.44,8461.96,1265.74,UPI,Completed,3.4,Repair,Hyderabad,Hyundai Verna,Petrol,7
T02180,2025-04-14,V047,SUV,D118,Driver_118,3.7,R046,Visakhapatnam,Chennai,64.2,192,5.57,557.89,0.0,149.55,958.65,1666.09,2294.41,Cash,Completed,4.9,Inspection,Visakhapatnam,Kia Seltos,Diesel,8
T02181,2025-06-27,V051,Van,D131,Driver_131,4.1,R040,Delhi,Pune,53.1,161,6.36,622.56,0.0,157.7,771.42,1551.68,2040.84,Net Banking,Completed,4.4,Inspection,Delhi,Force Traveller,Diesel,8
T02182,2025-10-27,V063,Sedan,D022,Driver_022,4.7,R042,Delhi,Hyderabad,81.5,141,6.32,659.2,0.0,367.98,576.32,1603.5,2292.05,Cash,Completed,3.4,None,Delhi,Maruti Dzire,Petrol,5
T02183,2025-10-15,V100,Van,D120,Driver_120,3.4,R053,Visakhapatnam,Bengaluru,34.2,83,3.75,377.0,0.0,139.36,415.37,931.73,1279.2,Cash,Completed,3.8,None,Visakhapatnam,Maruti Eeco,Diesel,1
T02184,2025-08-28,V075,SUV,D098,Driver_098,4.4,R074,Visakhapatnam,Bengaluru,12.1,45,1.14,109.02,0.0,23.34,230.62,362.98,799.91,Net Banking,Completed,4.4,None,Visakhapatnam,Kia Seltos,Diesel,6
T02185,2025-12-04,V042,SUV,D083,Driver_083,4.3,R010,Kochi,Visakhapatnam,56.9,105,5.15,499.69,5490.32,110.04,573.01,6673.06,1841.14,UPI,Completed,3.3,None,Kochi,Hyundai Creta,Diesel,12
T02186,2025-01-15,V009,Sedan,D067,Driver_067,3.4,R063,Kochi,Bengaluru,86.7,197,5.38,574.12,4755.54,234.65,685.96,6250.27,2016.39,COD,Completed,4.9,Inspection,Kochi,Honda City,Petrol,2
T02187,2025-07-01,V018,Truck,D130,Driver_130,4.7,R010,Hyderabad,Delhi,30.1,75,5.15,493.43,5503.94,115.49,343.52,6456.38,1449.31,Net Banking,Completed,5.0,None,Hyderabad,Tata 407,Diesel,3
T02188,2025-07-23,V002,Van,D065,Driver_065,3.4,R022,Delhi,Kochi,40.0,100,4.19,399.89,0.0,105.12,402.4,907.41,1812.99,Card,Completed,4.2,None,Delhi,Tata Winger,Diesel,12
T02189,2025-09-13,V062,SUV,D073,Driver_073,3.3,R041,Kochi,Mumbai,69.0,119,6.88,695.65,0.0,106.84,464.14,1266.63,2448.78,Net Banking,Completed,4.1,None,Kochi,Hyundai Creta,Diesel,9
T02190,2025-10-16,V098,Sedan,D056,Driver_056,4.9,R004,Bengaluru,Delhi,72.0,213,5.31,509.28,0.0,125.09,1141.58,1775.95,372.27,COD,Cancelled,5.0,Service,Bengaluru,Honda City,Petrol,7
T02191,2025-09-01,V028,Van,D126,Driver_126,4.6,R017,Hyderabad,Chennai,81.1,133,8.1,851.2,0.0,164.2,764.7,1780.1,3120.82,UPI,Completed,3.7,None,Hyderabad,Tata Winger,Diesel,6
T02192,2025-07-14,V006,Sedan,D146,Driver_146,4.7,R033,Delhi,Chennai,40.8,91,3.08,303.7,2174.07,71.7,523.16,3072.63,1217.15,Card,Completed,4.6,Inspection,Delhi,Hyundai Verna,Petrol,7
T02193,2025-03-24,V035,Sedan,D017,Driver_017,3.6,R044,Pune,Kochi,103.9,161,6.35,676.33,1674.04,173.05,525.18,3048.6,2435.24,UPI,Completed,3.4,Service,Pune,Maruti Dzire,Petrol,3
T02194,2025-12-24,V021,Sedan,D085,Driver_085,3.9,R080,Chennai,Kochi,55.3,140,4.46,489.46,0.0,193.05,672.18,1354.69,106.89,COD,Cancelled,3.5,None,Chennai,Maruti Dzire,Petrol,6
T02195,2025-06-05,V044,Sedan,D036,Driver_036,3.9,R061,Bengaluru,Mumbai,29.2,86,2.17,226.54,0.0,114.26,398.75,739.55,988.75,UPI,Completed,4.5,Inspection,Bengaluru,Honda City,Petrol,9
T02196,2025-08-26,V013,Sedan,D125,Driver_125,3.7,R026,Bengaluru,Chennai,22.2,58,1.7,171.15,0.0,86.25,271.68,529.08,698.91,UPI,Completed,3.4,Repair,Bengaluru,Maruti Dzire,Petrol,7
T02197,2025-05-03,V067,SUV,D118,Driver_118,3.9,R040,Visakhapatnam,Hyderabad,31.2,51,2.54,264.36,0.0,103.2,232.87,600.43,188.39,Card,Cancelled,4.0,Service,Visakhapatnam,Hyundai Creta,Diesel,4
T02198,2025-01-03,V027,SUV,D146,Driver_146,4.6,R043,Mumbai,Delhi,78.0,192,7.83,743.91,8964.06,136.14,1069.71,10913.82,627.24,Card,Cancelled,4.4,None,Mumbai,Kia Seltos,Diesel,7
T02199,2025-06-11,V001,Sedan,D145,Driver_145,4.2,R006,Bengaluru,Chennai,10.0,17,0.77,74.49,8242.63,44.1,150.0,8511.22,628.34,Cash,Completed,4.2,Service,Bengaluru,Hyundai Verna,Petrol,9
T02200,2025-10-25,V089,Sedan,D114,Driver_114,3.7,R053,Chennai,Mumbai,65.5,220,3.92,396.81,0.0,207.05,818.25,1422.11,1605.7,COD,Completed,3.9,None,Chennai,Honda City,Petrol,4
T02201,2025-11-11,V044,Truck,D112,Driver_112,3.2,R047,Bengaluru,Mumbai,23.9,51,3.78,368.91,0.0,74.71,156.37,599.99,276.19,Net Banking,Cancelled,3.2,Repair,Bengaluru,Tata 407,Diesel,9
T02202,2025-09-25,V010,SUV,D047,Driver_047,3.8,R023,Chennai,Bengaluru,9.5,30,0.88,87.69,8274.37,34.97,162.55,8559.58,462.2,Card,Completed,2.6,Service,Chennai,Hyundai Creta,Diesel,4
T02203,2025-01-19,V070,Van,D027,Driver_027,4.2,R078,Visakhapatnam,Chennai,77.2,171,7.37,786.98,0.0,353.2,622.51,1762.69,2929.7,Card,Completed,5.0,Service,Visakhapatnam,Maruti Eeco,Diesel,12
T02204,2025-10-15,V060,Van,D133,Driver_133,4.2,R016,Visakhapatnam,Chennai,47.8,93,4.61,495.73,0.0,182.17,332.92,1010.82,1927.95,Card,Completed,3.4,None,Visakhapatnam,Maruti Eeco,Diesel,5
T02205,2025-03-16,V065,SUV,D135,Driver_135,4.1,R018,Chennai,Pune,71.2,220,5.52,598.84,6349.85,213.36,899.76,8061.81,529.61,UPI,Cancelled,4.5,None,Chennai,Toyota Innova,Diesel,6
T02206,2025-07-20,V072,Van,D112,Driver_112,4.1,R034,Visakhapatnam,Bengaluru,76.3,197,7.67,828.56,0.0,339.38,786.27,1954.21,3171.75,Net Banking,Completed,4.4,Service,Visakhapatnam,Force Traveller,Diesel,6
T02207,2025-01-29,V068,SUV,D103,Driver_103,4.1,R010,Hyderabad,Mumbai,27.6,61,2.59,256.4,1903.13,47.4,189.6,2396.53,983.43,Card,Completed,3.8,Inspection,Hyderabad,Hyundai Creta,Diesel,2
T02208,2025-01-26,V071,SUV,D076,Driver_076,3.4,R073,Mumbai,Bengaluru,45.5,116,4.55,436.41,0.0,167.33,469.93,1073.67,1642.28,Card,Completed,3.6,Service,Mumbai,Hyundai Creta,Diesel,6
T02209,2025-09-06,V097,SUV,D143,Driver_143,4.2,R018,Hyderabad,Kochi,22.6,65,2.2,226.45,0.0,86.35,378.38,691.18,784.03,Cash,Completed,3.3,None,Hyderabad,Toyota Innova,Diesel,12
T02210,2025-10-04,V098,Truck,D057,Driver_057,4.3,R057,Visakhapatnam,Kochi,47.1,90,7.68,806.44,6290.02,142.98,362.16,7601.6,2442.49,UPI,Completed,5.0,None,Visakhapatnam,Ashok Leyland Dost,Diesel,9
T02211,2025-10-30,V078,Van,D084,Driver_084,4.5,R003,Pune,Visakhapatnam,103.6,297,10.21,1050.22,0.0,267.5,1006.27,2323.99,979.07,Cash,Cancelled,4.5,Inspection,Pune,Force Traveller,Diesel,9
T02212,2025-07-14,V003,Sedan,D138,Driver_138,3.5,R054,Kochi,Chennai,14.6,42,0.87,93.79,0.0,66.49,239.25,399.53,649.47,Net Banking,Completed,4.2,Service,Kochi,Maruti Dzire,Petrol,4
T02213,2025-04-14,V074,Van,D102,Driver_102,3.5,R067,Kochi,Mumbai,45.1,122,5.5,560.98,0.0,122.89,534.04,1217.91,2065.88,UPI,Completed,3.5,None,Kochi,Tata Winger,Diesel,4
T02214,2025-09-01,V076,SUV,D045,Driver_045,4.2,R046,Mumbai,Kochi,87.8,270,8.4,839.93,0.0,368.42,903.41,2111.76,3134.69,Cash,Completed,4.2,Repair,Mumbai,Toyota Innova,Diesel,8
T02215,2025-05-01,V061,SUV,D056,Driver_056,3.9,R021,Mumbai,Chennai,33.4,129,2.84,292.26,0.0,149.1,585.23,1026.59,1219.21,UPI,Completed,3.9,Service,Mumbai,Hyundai Creta,Diesel,2
T02216,2025-12-11,V085,Truck,D124,Driver_124,5.0,R053,Visakhapatnam,Kochi,49.9,110,8.64,828.87,0.0,99.38,632.82,1561.07,2349.22,COD,Completed,4.3,Repair,Visakhapatnam,BharatBenz 1015,Diesel,7
T02217,2025-04-13,V051,Sedan,D134,Driver_134,4.2,R004,Mumbai,Visakhapatnam,39.2,82,2.87,294.3,9375.37,176.26,388.07,10234.0,202.27,upi,Cancelled,3.9,None,Mumbai,Honda City,Petrol,3
T02218,2025-02-09,V081,Van,D018,Driver_018,4.5,R066,Hyderabad,Visakhapatnam,15.8,49,1.45,143.88,5244.48,54.15,150.0,5592.51,812.29,Card,Completed,3.2,None,Hyderabad,Tata Winger,Diesel,7
T02219,2025-10-02,V072,SUV,D093,Driver_093,4.3,R074,Hyderabad,Kochi,24.7,74,2.44,263.86,0.0,64.25,412.73,740.84,1199.06,Card,Completed,3.8,None,Hyderabad,Hyundai Creta,Diesel,1
T02220,2025-02-06,V091,SUV,D039,Driver_039,3.1,R018,Pune,Visakhapatnam,16.3,33,,158.26,0.0,64.72,179.3,402.28,922.84,Cash,Completed,4.7,None,Pune,Kia Seltos,Diesel,6
T02221,2025-09-15,V087,Sedan,D037,Driver_037,3.4,R026,Hyderabad,Bengaluru,35.0,128,2.44,249.15,0.0,70.78,466.8,786.73,1275.96,Net Banking,Completed,4.5,None,Hyderabad,Maruti Dzire,Petrol,10
T02222,2025-03-17,V059,SUV,D034,Driver_034,4.2,R071,Pune,Visakhapatnam,119.3,279,10.07,1080.03,0.0,482.42,1053.89,2616.34,1017.68,Card,Cancelled,4.2,Repair,Pune,Toyota Innova,Diesel,12
T02223,2025-01-09,V045,Sedan,D102,Driver_102,4.0,R064,Visakhapatnam,Delhi,71.8,190,4.67,493.21,0.0,133.03,911.23,1537.47,1675.15,UPI,Completed,2.9,Inspection,Visakhapatnam,Maruti Dzire,Petrol,1
T02224,2025-04-01,V032,SUV,D032,Driver_032,,R037,Delhi,Hyderabad,62.2,201,4.72,480.41,2728.93,160.78,604.58,3974.7,603.64,UPI,Cancelled,3.6,Inspection,Delhi,Toyota Innova,Diesel,12
T02225,2025-06-15,V090,Sedan,D092,Driver_092,3.6,R046,Pune,Mumbai,23.8,75,,152.13,0.0,82.59,388.0,622.72,82.99,Card,Cancelled,3.6,None,Pune,Honda City,Petrol,4
T02226,2025-03-30,V020,Van,D026,Driver_026,3.5,R005,Kochi,Delhi,81.4,235,7.78,739.67,4217.42,316.97,1162.58,6436.64,3155.07,Card,Completed,4.0,Service,Kochi,Maruti Eeco,Diesel,12
T02227,2025-11-14,V058,Truck,D029,Driver_029,4.3,R040,Bengaluru,Visakhapatnam,32.8,74,4.91,533.61,0.0,123.68,401.97,1059.26,1562.23,Net Banking,Completed,4.3,Inspection,Bengaluru,Tata 407,Diesel,7
T02228,2025-06-29,V081,Truck,D127,Driver_127,4.6,R031,Pune,Kochi,37.6,104,4.91,531.47,5363.63,142.98,362.92,6401.0,116.12,Net Banking,Cancelled,4.0,Inspection,Pune,BharatBenz 1015,Diesel,2
T02229,2025-02-01,V018,SUV,D064,Driver_064,4.6,R070,Mumbai,Delhi,67.2,190,6.43,631.26,0.0,270.81,804.52,1706.59,2341.77,UPI,Completed,4.4,Service,Mumbai,Toyota Innova,Diesel,2
T02230,2025-03-13,V085,Sedan,D012,Driver_012,3.9,R074,Visakhapatnam,Kochi,22.0,50,1.54,151.42,0.0,44.46,229.02,424.9,866.86,UPI,Completed,3.7,Service,Visakhapatnam,Maruti Dzire,Petrol,6
T02231,2025-05-01,V024,Truck,D101,Driver_101,4.8,R068,Delhi,Chennai,31.8,77,4.87,517.22,0.0,147.61,386.17,1051.0,1429.94,COD,Completed,3.8,,Delhi,Tata 407,Diesel,6
T02232,2025-04-24,V099,Sedan,D129,Driver_129,4.6,R036,Kochi,Delhi,77.7,240,5.98,655.16,0.0,163.75,1337.29,2156.2,2121.25,Cash,Completed,4.2,None,Kochi,Honda City,Petrol,9
T02233,2025-04-10,V019,Sedan,D091,Driver_091,3.8,R012,Bengaluru,Chennai,42.1,138,2.75,264.68,0.0,140.26,707.02,1111.96,1336.36,Card,Completed,3.9,None,Bengaluru,Maruti Dzire,Petrol,11
T02234,2025-10-19,V084,Van,D093,Driver_093,4.5,R071,Kochi,Hyderabad,9.8,25,0.89,89.26,0.0,16.86,150.0,256.12,688.56,Card,Completed,3.2,None,Kochi,Maruti Eeco,Diesel,11
T02235,2025-06-30,V100,SUV,D071,Driver_071,5.0,R005,Bengaluru,Hyderabad,32.0,57,2.44,249.23,0.0,113.26,240.41,602.9,272.59,UPI,Cancelled,3.7,Service,Bengaluru,Toyota Innova,Diesel,12
T02236,2025-09-12,V023,SUV,D127,Driver_127,4.3,R034,Bengaluru,Hyderabad,47.5,147,4.34,424.82,0.0,146.28,609.58,1180.68,1888.95,COD,Completed,4.9,None,Bengaluru,Toyota Innova,Diesel,8
T02237,2025-04-09,V022,Sedan,D142,Driver_142,3.8,R027,Chennai,Pune,15.7,30,1.07,111.6,6093.19,71.06,150.0,6425.85,674.44,Card,Completed,4.3,Repair,Chennai,Honda City,Petrol,12
T02238,2025-11-29,V068,Sedan,D038,Driver_038,4.3,R054,Hyderabad,Visakhapatnam,24.4,78,1.84,180.35,0.0,97.04,403.23,680.62,1004.92,Cash,Completed,4.6,None,Hyderabad,Maruti Dzire,Petrol,9
T02239,2025-03-09,V073,Sedan,D109,Driver_109,4.0,R005,Bengaluru,Mumbai,66.4,193,4.04,442.11,1125.33,271.71,961.42,2800.57,1693.16,Cash,Completed,3.3,Repair,Bengaluru,Honda City,Petrol,8
T02240,2025-03-29,V074,Truck,D077,Driver_077,3.9,R013,Kochi,Hyderabad,70.4,138,11.37,1135.93,0.0,292.32,510.36,1938.61,536.89,Net Banking,Cancelled,4.4,Service,Kochi,BharatBenz 1015,Diesel,1
T02241,2025-05-06,V042,Sedan,D134,Driver_134,3.5,R066,Delhi,Chennai,27.8,96,1.78,180.97,0.0,50.61,500.69,732.27,837.7,Cash,Completed,3.2,None,Delhi,Hyundai Verna,Petrol,4
T02242,2025-02-18,V076,Sedan,D052,Driver_052,4.5,R066,Bengaluru,Delhi,72.3,140,4.51,439.96,0.0,286.54,696.77,1423.27,1942.71,Net Banking,Completed,3.4,None,Bengaluru,Maruti Dzire,Petrol,5
T02243,2025-09-26,V033,Sedan,D128,Driver_128,4.1,R075,Mumbai,Delhi,34.7,94,2.74,276.18,0.0,128.92,431.39,836.49,219.59,Net Banking,Cancelled,4.3,Service,Mumbai,Honda City,Petrol,6
T02244,2025-07-23,V092,Sedan,D033,Driver_033,4.4,R024,Mumbai,Visakhapatnam,38.2,128,2.47,255.75,0.0,173.42,525.15,954.32,208.52,UPI,Cancelled,3.9,None,Mumbai,Maruti Dzire,Petrol,8
T02245,2025-08-04,V038,SUV,D078,Driver_078,3.4,R037,Mumbai,Pune,22.0,56,1.87,182.97,0.0,36.52,209.57,429.06,815.25,Net Banking,Completed,3.9,None,Mumbai,Hyundai Creta,Diesel,4
T02246,2025-05-27,V066,Van,D042,Driver_042,4.5,R074,Kochi,Visakhapatnam,13.5,26,1.43,142.53,0.0,50.94,150.0,343.47,585.22,Card,Completed,4.3,Service,Kochi,Tata Winger,Diesel,12
T02247,2025-10-26,V078,Truck,D032,Driver_032,4.2,R068,Chennai,Hyderabad,11.8,33,1.54,165.45,0.0,34.55,175.42,375.42,1037.64,Card,Completed,3.5,None,Chennai,Tata 407,Diesel,9
T02248,2025-01-03,V019,Sedan,D090,Driver_090,4.0,R021,Bengaluru,Chennai,29.2,64,1.9,190.36,0.0,41.38,336.9,568.64,820.49,COD,Completed,3.5,Service,Bengaluru,Maruti Dzire,Petrol,6
T02249,2025-06-11,V007,Sedan,D139,Driver_139,5.0,R031,Pune,Hyderabad,8.1,42,0.51,54.82,0.0,14.44,156.98,226.24,548.8,Card,Completed,3.8,None,Pune,Hyundai Verna,Petrol,2
T02250,2025-06-13,V062,Sedan,D132,Driver_132,4.1,R041,Visakhapatnam,Delhi,60.8,148,4.79,466.57,0.0,201.27,646.35,1314.19,1686.8,Card,Completed,2.9,Inspection,Visakhapatnam,Hyundai Verna,Petrol,7
T02251,2025-10-13,V019,Truck,D104,Driver_104,4.4,R068,Mumbai,Chennai,55.7,177,7.16,710.21,0.0,188.04,954.85,1853.1,2512.98,Card,completed,3.2,Repair,Mumbai,Ashok Leyland Dost,Diesel,9
T02252,2025-12-31,V003,Sedan,D008,Driver_008,4.5,R018,Mumbai,Chennai,178.3,360,11.02,1128.66,6112.5,307.89,2006.48,9555.53,4117.81,COD,Completed,3.9,Repair,Mumbai,Hyundai Verna,Petrol,7
T02253,2025-08-07,V096,Van,D124,Driver_124,3.4,R010,Bengaluru,Chennai,43.2,113,4.85,461.55,0.0,113.21,555.59,1130.35,1829.16,Cash,Completed,3.9,None,Bengaluru,Tata Winger,Diesel,3
T02254,2025-04-28,V045,SUV,D067,Driver_067,4.8,R022,Pune,Delhi,12.8,33,1.1,105.05,0.0,57.66,150.0,312.71,83.22,Card,Cancelled,4.4,Inspection,Pune,Kia Seltos,Diesel,6
T02255,2025-02-07,V024,Van,D063,Driver_063,4.6,R005,Mumbai,Pune,16.0,51,1.79,193.97,0.0,24.85,276.61,495.43,1053.8,Cash,Completed,4.9,Inspection,Mumbai,Tata Winger,Diesel,9
T02256,2025-05-06,V019,Van,D025,Driver_025,2.9,R080,Pune,Kochi,29.0,100,2.85,271.85,8980.4,43.9,412.61,9708.76,300.9,Card,Cancelled,4.4,None,Pune,Maruti Eeco,Diesel,7
T02257,2025-07-13,V073,Sedan,D139,Driver_139,4.0,R041,Bengaluru,Pune,57.2,129,3.62,370.34,0.0,77.68,643.29,1091.31,1428.66,Card,Completed,4.3,None,Bengaluru,Honda City,Petrol,8
T02258,2025-07-09,V094,SUV,D131,Driver_131,3.5,R071,Pune,Chennai,52.8,132,3.93,387.35,0.0,226.54,538.97,1152.86,1922.63,Cash,Completed,4.4,Repair,Pune,Toyota Innova,Diesel,6
T02259,2025-03-23,V048,Sedan,D070,Driver_070,3.9,R052,Visakhapatnam,Pune,41.2,104,2.8,286.09,6252.72,114.74,425.0,7078.55,1078.82,COD,Completed,3.2,Service,Visakhapatnam,Maruti Dzire,Petrol,9
T02260,2025-05-11,V073,Sedan,D036,Driver_036,4.0,R025,Pune,Chennai,53.0,103,3.67,373.8,8211.96,103.0,528.15,9216.91,1462.57,Net Banking,Completed,4.0,Repair,Pune,Honda City,Petrol,9
T02261,2025-02-17,V038,Sedan,D042,Driver_042,3.8,R026,Kochi,Chennai,102.5,318,6.71,649.0,1179.77,221.75,1435.9,3486.42,4.57,Cash,Cancelled,4.9,Inspection,Kochi,Maruti Dzire,Petrol,10
T02262,2025-02-27,V056,Sedan,D034,Driver_034,4.6,R049,Visakhapatnam,Bengaluru,47.5,128,2.91,319.0,0.0,189.94,726.88,1235.82,1383.79,Card,Completed,4.4,None,Visakhapatnam,Honda City,Petrol,8
T02263,2025-07-12,V022,Sedan,D034,Driver_034,3.6,R007,Bengaluru,Pune,24.9,94,1.57,150.83,0.0,48.8,530.04,729.67,837.14,UPI,Completed,3.7,Repair,Bengaluru,Maruti Dzire,Petrol,6
T02264,2025-11-21,V070,SUV,D018,Driver_018,3.8,R016,Mumbai,Delhi,58.5,91,4.64,451.26,2304.65,259.28,429.9,3445.09,435.5,Net Banking,Cancelled,4.0,Inspection,Mumbai,Toyota Innova,Diesel,8
T02265,2025-10-20,V076,Truck,D145,Driver_145,4.1,R054,Kochi,Delhi,30.6,75,4.75,469.61,0.0,117.83,381.44,968.88,1749.49,Card,Completed,4.7,Service,Kochi,Ashok Leyland Dost,Diesel,7
T02266,2025-03-17,V018,Sedan,D113,Driver_113,3.8,R021,Kochi,Mumbai,72.1,132,4.94,508.95,0.0,169.5,576.43,1254.88,559.83,UPI,Cancelled,3.3,,Kochi,Hyundai Verna,Petrol,7
T02267,2025-07-30,V072,SUV,D128,Driver_128,4.4,R044,Visakhapatnam,Mumbai,5.3,15,0.46,45.62,9790.62,9.75,150.0,9995.99,424.13,upi,Completed,3.9,Inspection,Visakhapatnam,Toyota Innova,Diesel,7
T02268,2025-01-13,V090,Sedan,D148,Driver_148,4.4,R078,Mumbai,Pune,22.8,65,1.71,164.15,0.0,31.99,332.48,528.62,146.85,COD,Cancelled,4.7,Repair,Mumbai,Hyundai Verna,Petrol,10
T02269,2025-07-01,V096,SUV,D054,Driver_054,4.6,R030,Mumbai,Delhi,25.5,60,2.16,210.34,0.0,87.72,214.03,512.09,1186.8,Card,Completed,4.3,None,Mumbai,Toyota Innova,Diesel,10
T02270,2025-08-08,V044,Truck,D036,Driver_036,3.5,R021,Kochi,Visakhapatnam,21.3,35,3.41,339.5,0.0,48.4,166.06,553.96,1207.82,UPI,Completed,4.5,Service,Kochi,Tata 407,Diesel,7
T02271,2025-05-28,V041,Sedan,D092,Driver_092,4.4,R064,Kochi,Visakhapatnam,20.7,80,1.39,144.32,5409.34,43.96,339.92,5937.54,938.56,Cash,Completed,3.5,Service,Kochi,Maruti Dzire,Petrol,11
T02272,2025-01-01,V055,Truck,D044,Driver_044,3.2,R056,Mumbai,Pune,19.2,87,2.51,251.33,0.0,52.46,501.55,805.34,174.95,UPI,Cancelled,4.2,Inspection,Mumbai,Ashok Leyland Dost,Diesel,5
T02273,2025-10-22,V071,Sedan,D059,Driver_059,4.2,R061,Hyderabad,Bengaluru,23.2,45,1.45,155.46,0.0,76.08,216.95,448.49,983.12,UPI,Completed,2.9,None,Hyderabad,Honda City,Petrol,1
T02274,2025-08-09,V045,SUV,D025,Driver_025,4.2,R065,Mumbai,Delhi,94.9,149,8.9,956.85,2130.35,440.95,738.7,4266.85,3245.15,COD,completed,3.8,Service,Mumbai,Hyundai Creta,Diesel,12
T02275,2025-08-12,V050,Truck,D111,Driver_111,4.9,R053,Mumbai,Visakhapatnam,35.1,72,5.06,545.16,0.0,83.52,252.85,881.53,310.6,COD,Cancelled,4.3,Service,Mumbai,Tata 407,Diesel,10
T02276,2025-02-01,V003,Sedan,D063,Driver_063,3.8,R038,Pune,Bengaluru,111.8,200,8.15,875.54,0.0,453.88,894.87,2224.29,2702.26,COD,Completed,3.3,None,Pune,Hyundai Verna,Petrol,10
T02277,2025-07-16,V065,SUV,D057,Driver_057,3.2,R010,Chennai,Hyderabad,27.1,36,2.73,270.19,0.0,50.72,150.0,470.91,1339.41,COD,Completed,4.5,None,Chennai,Toyota Innova,Diesel,10
T02278,2025-02-20,V067,Van,D057,Driver_057,4.3,R006,Kochi,Mumbai,59.9,165,6.97,674.21,0.0,140.95,943.94,1759.1,2609.93,UPI,Completed,4.6,None,Kochi,Force Traveller,Diesel,5
T02279,2025-08-20,V079,Sedan,D025,Driver_025,3.6,R011,Kochi,Delhi,51.9,162,4.14,402.54,0.0,222.14,565.47,1190.15,1471.19,Cash,Completed,4.2,None,Kochi,Maruti Dzire,Petrol,4
T02280,2025-09-14,V084,SUV,D118,Driver_118,4.2,R039,Hyderabad,Kochi,25.4,69,2.44,265.35,0.0,55.97,253.3,574.62,976.64,UPI,Completed,4.5,None,Hyderabad,Toyota Innova,Diesel,6
T02281,2025-10-10,V019,SUV,D127,Driver_127,4.2,R078,Chennai,Delhi,15.3,59,1.29,141.14,5118.0,67.81,262.19,5589.14,687.6,Card,Completed,3.9,Repair,Chennai,Hyundai Creta,Diesel,7
T02282,2025-02-22,V099,Van,D045,Driver_045,4.1,R033,Chennai,Delhi,74.1,223,7.41,756.57,0.0,244.08,883.54,1884.19,2865.34,Cash,Completed,5.0,Service,Chennai,Maruti Eeco,Diesel,4
T02283,2025-08-09,V041,SUV,D141,Driver_141,3.4,R066,Pune,Chennai,47.5,91,3.74,368.95,0.0,134.83,521.69,1025.47,1842.65,Card,Completed,3.6,None,Pune,Kia Seltos,Diesel,5
T02284,2025-01-22,V003,SUV,D075,Driver_075,3.6,R048,Chennai,Bengaluru,21.1,68,2.08,200.62,0.0,80.85,385.13,666.6,1108.0,Card,Completed,4.0,Service,Chennai,Toyota Innova,Diesel,4
T02285,2025-04-25,V053,SUV,D142,Driver_142,4.3,R063,Bengaluru,Delhi,47.9,145,3.79,393.12,0.0,71.98,569.86,1034.96,1890.28,COD,Completed,3.3,None,Bengaluru,Hyundai Creta,Diesel,6
T02286,2025-04-21,V066,SUV,D003,Driver_003,4.2,R025,Delhi,Visakhapatnam,21.7,77,1.64,176.74,0.0,48.4,312.35,537.49,1074.47,COD,Completed,4.9,Service,Delhi,Hyundai Creta,Diesel,9
T02287,2025-07-02,V018,Sedan,D103,Driver_103,4.4,R074,Mumbai,Pune,29.3,72,2.36,231.85,0.0,56.44,298.14,586.43,56.48,Cash,Cancelled,4.9,None,Mumbai,Honda City,Petrol,11
T02288,2025-08-02,V052,Sedan,D020,Driver_020,4.0,R080,Visakhapatnam,Bengaluru,27.0,71,1.77,171.88,0.0,118.54,348.72,639.14,833.96,COD,Completed,3.6,None,Visakhapatnam,Hyundai Verna,Petrol,10
T02289,2025-09-08,V054,Sedan,D092,Driver_092,3.7,R005,Visakhapatnam,Hyderabad,37.6,91,2.98,301.09,0.0,115.6,395.06,811.75,1199.31,COD,Completed,4.3,Inspection,Visakhapatnam,Hyundai Verna,Petrol,4
T02290,2025-07-16,V016,Sedan,D143,Driver_143,3.1,R004,Mumbai,Chennai,26.4,84,1.73,164.78,0.0,90.55,313.31,568.64,955.94,Cash,Completed,4.7,Repair,Mumbai,Maruti Dzire,Petrol,10
T02291,2025-06-16,V081,SUV,D097,Driver_097,3.9,R053,Delhi,Pune,8.2,32,0.68,68.23,0.0,35.49,150.0,253.72,619.22,Net Banking,Completed,3.7,None,Delhi,Kia Seltos,Diesel,10
T02292,2025-08-24,V094,Sedan,D093,Driver_093,4.2,R058,Chennai,Hyderabad,43.5,147,3.06,321.15,0.0,175.75,556.93,1053.83,1347.98,COD,Completed,5.0,Service,Chennai,Hyundai Verna,Petrol,3
T02293,2025-02-27,V004,Truck,D021,Driver_021,4.4,R011,Chennai,Delhi,18.1,49,2.9,300.33,0.0,39.67,180.13,520.13,867.43,UPI,Completed,3.0,Repair,Chennai,Tata 407,Diesel,6
T02294,2025-07-23,V008,Truck,D149,Driver_149,4.8,R045,Hyderabad,Delhi,66.5,220,10.44,1067.78,0.0,266.86,1181.7,2516.34,618.95,Cash,Cancelled,4.2,None,Hyderabad,Ashok Leyland Dost,Diesel,7
T02295,2025-04-08,V094,SUV,D063,Driver_063,3.7,R075,Chennai,Pune,93.4,284,8.59,877.73,0.0,332.78,1644.96,2855.47,3247.03,COD,Completed,3.6,None,Chennai,Toyota Innova,Diesel,9
T02296,2025-05-16,V091,Sedan,D003,Driver_003,4.5,R030,Pune,Bengaluru,73.1,160,4.65,479.13,8568.92,318.44,737.2,10103.69,160.52,Cash,Cancelled,2.8,None,Pune,Hyundai Verna,Petrol,9
T02297,2025-07-01,V098,Truck,D107,Driver_107,5.0,R024,Kochi,Bengaluru,50.5,88,6.55,680.35,6720.46,133.87,495.63,8030.31,2423.29,Card,Completed,4.2,Service,Kochi,Tata 407,Diesel,3
T02298,2025-09-10,V026,Sedan,D081,Driver_081,3.7,R011,Pune,Chennai,29.0,107,1.79,195.05,0.0,133.72,433.5,762.27,733.21,COD,Completed,4.0,Service,Pune,Maruti Dzire,Petrol,10
T02299,2025-10-10,V019,SUV,D117,Driver_117,3.8,R059,Delhi,Hyderabad,6.8,15,0.57,54.91,0.0,21.9,150.0,226.81,581.98,Card,Completed,4.0,None,Delhi,Toyota Innova,Diesel,11
T02300,2025-09-12,V048,Truck,D016,Driver_016,4.0,R007,Visakhapatnam,Mumbai,24.9,76,3.3,333.66,0.0,75.18,385.78,794.62,245.69,COD,Cancelled,4.6,None,Visakhapatnam,BharatBenz 1015,Diesel,7
T02301,2025-11-12,V017,SUV,D006,Driver_006,3.7,R007,Mumbai,Pune,42.4,127,3.38,334.62,0.0,92.59,495.39,922.6,167.5,COD,Cancelled,4.1,Repair,Mumbai,Hyundai Creta,Diesel,5
T02302,2025-11-27,V064,Sedan,D003,Driver_003,3.4,R020,Delhi,Bengaluru,44.5,101,3.4,334.99,0.0,165.51,525.49,1025.99,1213.76,Card,Completed,4.3,None,Delhi,Maruti Dzire,Petrol,8
T02303,2025-08-23,V050,Sedan,D053,Driver_053,5.0,R039,Visakhapatnam,Kochi,74.0,232,5.74,573.09,0.0,229.89,1342.06,2145.04,2015.89,Card,Completed,4.5,Repair,Visakhapatnam,Honda City,Petrol,12
T02304,2025-06-05,V025,Van,D091,Driver_091,3.8,R021,Kochi,Chennai,40.6,111,4.31,453.83,8587.68,94.18,421.01,9556.7,1669.04,Card,Completed,3.9,Service,Kochi,Maruti Eeco,Diesel,3
T02305,2025-09-23,V048,Truck,D091,Driver_091,3.6,R033,Kochi,Delhi,14.5,40,2.33,248.26,0.0,25.17,206.56,479.99,761.6,Cash,Completed,3.1,None,Kochi,Ashok Leyland Dost,Diesel,5
T02306,2025-09-06,V013,Sedan,D046,Driver_046,3.8,R022,Delhi,Chennai,32.9,52,2.48,268.42,0.0,150.46,190.05,608.93,988.17,Net Banking,Completed,4.1,None,Delhi,Hyundai Verna,Petrol,1
T02307,2025-12-25,V087,Sedan,D081,Driver_081,4.0,R077,Pune,Chennai,70.9,118,4.47,470.73,6397.64,144.02,541.49,7553.88,1681.27,Cash,Completed,3.6,Service,Pune,Maruti Dzire,Petrol,4
T02308,2025-02-19,V028,Truck,D011,Driver_011,4.2,R008,Delhi,Mumbai,33.4,88,4.35,456.13,0.0,58.43,304.97,819.53,1799.82,Net Banking,Completed,4.4,Service,Delhi,BharatBenz 1015,Diesel,7
T02309,2025-07-09,V001,SUV,D061,Driver_061,3.7,R076,Mumbai,Chennai,111.0,152,9.6,1028.43,0.0,471.37,782.03,2281.83,3787.82,UPI,Completed,4.6,Repair,Mumbai,Hyundai Creta,Diesel,1
T02310,2025-05-01,V048,Sedan,D124,Driver_124,3.5,R025,Mumbai,Delhi,13.9,43,0.94,102.96,0.0,19.72,189.63,312.31,77.5,Cash,Cancelled,3.5,Service,Mumbai,Hyundai Verna,Petrol,8
T02311,2025-02-15,V085,Van,D142,Driver_142,4.2,R011,Kochi,Chennai,10.5,17,1.0,102.61,7120.83,30.92,150.0,7404.36,823.7,Net Banking,Completed,4.2,None,Kochi,Force Traveller,Diesel,10
T02312,2025-05-16,V061,Sedan,D046,Driver_046,4.1,R022,Delhi,Pune,30.0,74,1.97,188.11,707.75,75.11,411.43,1382.4,1047.05,Net Banking,Completed,4.4,Service,Delhi,Honda City,Petrol,4
T02313,2025-08-14,V002,Truck,D116,Driver_116,4.3,R060,Pune,Mumbai,27.5,73,4.73,508.43,0.0,43.23,269.34,821.0,1313.6,Net Banking,Completed,3.4,Inspection,Pune,BharatBenz 1015,Diesel,8
T02314,2025-07-29,V030,Truck,D052,Driver_052,4.4,R074,Bengaluru,Kochi,16.3,71,2.58,261.87,0.0,30.46,372.23,664.56,1163.46,Net Banking,Completed,3.9,Inspection,Bengaluru,BharatBenz 1015,Diesel,6
T02315,2025-09-01,V073,Truck,D125,Driver_125,3.7,R020,Hyderabad,Bengaluru,19.4,62,3.08,303.01,0.0,75.65,239.96,618.62,1339.69,Card,Completed,3.9,Inspection,Hyderabad,BharatBenz 1015,Diesel,12
T02316,2025-07-18,V099,Sedan,D038,Driver_038,4.5,R015,Mumbai,Visakhapatnam,32.7,73,2.48,254.72,0.0,95.41,307.77,657.9,1267.1,Cash,Completed,3.8,Inspection,Mumbai,Honda City,Petrol,5
T02317,2025-05-05,V057,Sedan,D094,Driver_094,3.4,R071,Visakhapatnam,Kochi,40.5,108,2.54,248.32,0.0,87.18,442.41,777.91,1132.71,UPI,Completed,4.2,Repair,Visakhapatnam,Honda City,Petrol,1
T02318,2025-06-27,V093,SUV,D011,Driver_011,4.2,R078,Mumbai,Hyderabad,23.1,84,1.76,189.03,0.0,54.87,422.74,666.64,853.91,COD,Completed,3.8,Inspection,Mumbai,Kia Seltos,Diesel,5
T02319,2025-09-27,V032,Sedan,D061,Driver_061,4.9,R068,Mumbai,Hyderabad,26.9,75,1.8,193.14,3214.61,93.38,412.18,3913.31,1023.33,Cash,Completed,4.2,None,Mumbai,Hyundai Verna,Petrol,2
T02320,2025-09-01,V085,Van,D028,Driver_028,4.9,R005,Pune,Kochi,48.2,88,5.42,545.36,7155.03,190.11,331.85,8222.35,1902.32,COD,Completed,3.7,Service,Pune,Maruti Eeco,Diesel,1
T02321,2025-06-09,V030,Truck,D078,Driver_078,3.5,R016,Visakhapatnam,Mumbai,42.7,101,6.39,635.97,0.0,185.94,344.8,1166.71,1967.62,COD,Completed,3.8,Service,Visakhapatnam,Tata 407,Diesel,2
T02322,2025-03-15,V062,Sedan,D142,Driver_142,3.6,R080,Mumbai,Delhi,72.6,157,4.96,527.22,0.0,337.64,630.63,1495.49,425.1,COD,Cancelled,4.0,None,Mumbai,Hyundai Verna,Petrol,4
T02323,2025-05-31,V072,Sedan,D035,Driver_035,4.2,R034,Visakhapatnam,Bengaluru,13.7,38,0.96,99.53,0.0,29.42,150.0,278.95,580.41,COD,Completed,4.0,None,Visakhapatnam,Honda City,Petrol,11
T02324,2025-05-11,V014,Sedan,D008,Driver_008,3.8,R075,Visakhapatnam,Kochi,15.6,46,1.07,112.39,0.0,47.45,236.7,396.54,163.13,Card,Cancelled,2.9,None,Visakhapatnam,Hyundai Verna,Petrol,4
T02325,2025-10-03,V039,SUV,D115,Driver_115,4.4,R058,Chennai,Hyderabad,26.6,59,2.36,238.81,0.0,43.06,233.27,515.14,273.47,Net Banking,Cancelled,3.7,Inspection,Chennai,Kia Seltos,Diesel,6
T02326,2025-06-26,V025,Van,D004,Driver_004,4.3,R037,Visakhapatnam,Mumbai,56.8,185,6.79,746.16,0.0,213.55,761.29,1721.0,2500.02,UPI,Completed,4.2,None,Visakhapatnam,Tata Winger,Diesel,3
T02327,2025-11-20,V003,Van,D087,Driver_087,4.2,R009,Delhi,Kochi,16.4,37,1.86,199.46,0.0,62.36,179.77,441.59,17.85,Cash,Cancelled,4.6,None,Delhi,Force Traveller,Diesel,9
T02328,2025-06-29,V077,Sedan,D074,Driver_074,4.7,R054,Hyderabad,Bengaluru,19.6,49,1.36,143.88,0.0,55.59,282.58,482.05,,Cash,Cancelled,4.1,Inspection,Hyderabad,Honda City,Petrol,11
T02329,2025-09-14,V012,Van,D072,Driver_072,3.9,R026,Pune,Delhi,14.7,27,1.35,144.66,0.0,58.32,150.0,352.98,931.29,UPI,Completed,4.6,None,Pune,Tata Winger,Diesel,12
T02330,2025-05-16,V002,Van,D087,Driver_087,3.9,R013,Bengaluru,Hyderabad,109.7,235,10.67,1105.36,0.0,228.51,802.06,2135.93,990.43,Card,Cancelled,3.5,Inspection,Bengaluru,Tata Winger,Diesel,9
T02331,2025-07-22,V006,SUV,D053,Driver_053,4.5,R053,Visakhapatnam,Chennai,60.7,198,4.64,464.42,0.0,228.96,1011.21,1704.59,2103.73,Net Banking,Completed,4.8,None,Visakhapatnam,Toyota Innova,Diesel,10
T02332,2025-05-12,V006,Sedan,D005,Driver_005,3.7,R056,Mumbai,Visakhapatnam,12.2,35,0.84,88.83,6617.08,21.37,150.0,6877.28,451.11,Card,Completed,3.9,Repair,Mumbai,Hyundai Verna,Petrol,12
T02333,2025-06-09,V028,Truck,D128,Driver_128,4.0,R057,Delhi,Pune,10.0,52,1.43,141.6,6839.0,14.43,274.83,7269.86,551.23,Net Banking,Completed,5.0,Repair,Delhi,BharatBenz 1015,Diesel,3
T02334,2025-02-03,V095,SUV,D016,Driver_016,3.7,R042,Bengaluru,Pune,58.9,107,4.39,466.74,0.0,269.71,549.44,1285.89,2308.97,Net Banking,Completed,3.9,None,Bengaluru,Toyota Innova,Diesel,7
T02335,2025-03-15,V033,SUV,D040,Driver_040,,R051,Mumbai,Hyderabad,29.9,113,2.31,228.81,8599.46,128.68,437.45,9394.4,1390.61,Cash,Completed,3.7,Repair,Mumbai,Kia Seltos,Diesel,5
T02336,2025-09-08,V007,Sedan,D131,Driver_131,3.9,R042,Bengaluru,Hyderabad,26.9,78,1.95,207.9,523.0,100.86,402.23,1233.99,973.28,Cash,Completed,2.5,Repair,Bengaluru,Maruti Dzire,Petrol,11
T02337,2025-05-23,V035,Sedan,D017,Driver_017,4.2,R027,Mumbai,Pune,16.0,49,1.08,106.25,0.0,46.23,260.56,413.04,584.25,UPI,Completed,3.8,None,Mumbai,Hyundai Verna,Petrol,7
T02338,2025-06-25,V008,Van,D106,Driver_106,4.0,R063,Bengaluru,Chennai,48.1,118,4.5,457.44,7744.86,64.95,630.34,8897.59,1978.36,Card,Completed,4.4,None,Bengaluru,Tata Winger,Diesel,3
T02339,2025-05-17,V013,Truck,D073,Driver_073,4.2,R033,Bengaluru,Pune,74.9,199,10.5,1074.23,0.0,182.56,611.61,1868.4,3601.38,Cash,Completed,4.3,Service,Bengaluru,Tata 407,Diesel,10
T02340,2025-07-14,V055,Sedan,D091,Driver_091,3.6,R055,Mumbai,Delhi,42.9,86,3.42,326.06,0.0,90.14,260.84,677.04,1106.17,UPI,Completed,3.9,Repair,Mumbai,Honda City,Petrol,8
T02341,2025-07-10,V030,Sedan,D116,Driver_116,3.9,R009,Kochi,Delhi,19.1,63,1.16,117.59,0.0,60.81,349.32,527.72,880.05,Cash,Completed,4.8,Inspection,Kochi,Maruti Dzire,Petrol,12
T02342,2025-09-22,V006,SUV,D006,Driver_006,4.0,R005,Chennai,Hyderabad,12.2,18,1.17,128.66,0.0,56.58,150.0,335.24,728.3,COD,Completed,3.9,None,Chennai,Toyota Innova,Diesel,11
T02343,2025-06-13,V062,Sedan,D093,Driver_093,,R067,Chennai,Hyderabad,55.4,114,3.47,351.06,0.0,238.72,626.29,1216.07,1746.55,Net Banking,Completed,3.6,Service,Chennai,Honda City,Petrol,7
T02344,2025-12-02,V053,Sedan,D110,Driver_110,3.6,R080,Pune,Delhi,55.1,121,3.48,382.41,0.0,155.96,437.45,975.82,1479.9,Net Banking,Completed,3.4,None,Pune,Maruti Dzire,Petrol,10
T02345,2025-08-04,V083,SUV,D002,Driver_002,4.8,R077,Hyderabad,Mumbai,31.4,90,2.34,223.99,0.0,53.54,389.49,667.02,1230.9,Cash,Completed,3.2,None,Hyderabad,Hyundai Creta,Diesel,9
T02346,2025-01-09,V086,Sedan,D025,Driver_025,4.5,R006,Visakhapatnam,Pune,52.3,133,3.55,389.52,0.0,82.27,692.0,1163.79,1570.33,Card,Completed,4.0,Inspection,Visakhapatnam,Hyundai Verna,Petrol,7
T02347,2025-10-26,V040,Sedan,D095,Driver_095,3.9,R023,Chennai,Pune,19.8,53,1.32,142.67,0.0,29.38,273.6,445.65,557.98,COD,Completed,4.7,None,Chennai,Honda City,Petrol,7
T02348,2025-05-23,V018,Truck,D120,Driver_120,3.1,R031,Bengaluru,Pune,58.2,172,9.96,1018.25,9411.33,83.97,962.82,11476.37,712.88,UPI,Cancelled,3.3,Inspection,Bengaluru,Ashok Leyland Dost,Diesel,11
T02349,2025-05-19,V036,Truck,D118,Driver_118,4.7,R028,Chennai,Mumbai,11.2,33,1.55,155.75,0.0,41.81,150.0,347.56,906.64,Cash,Completed,3.2,Inspection,Chennai,Tata 407,Diesel,5
T02350,2025-12-08,V021,SUV,D058,Driver_058,4.0,R004,Kochi,Chennai,54.7,125,4.72,451.19,0.0,200.61,427.48,1079.28,1866.68,Cash,Completed,4.0,Service,Kochi,Kia Seltos,Diesel,2
T02351,2025-06-27,V056,Van,D001,Driver_001,4.4,R030,Mumbai,Chennai,35.6,94,3.99,400.4,0.0,153.04,528.83,1082.27,1627.26,Card,Completed,4.1,Inspection,Mumbai,Tata Winger,Diesel,9
T02352,2025-04-29,V053,Van,D099,Driver_099,4.7,R006,Hyderabad,Visakhapatnam,30.6,98,3.38,341.01,0.0,69.45,334.59,745.05,1480.2,COD,Completed,4.1,Repair,Hyderabad,Maruti Eeco,Diesel,6
T02353,2025-11-09,V072,Sedan,D069,Driver_069,4.0,R063,Pune,Mumbai,18.9,46,1.33,140.97,0.0,63.48,206.9,411.35,25.34,Net Banking,Cancelled,3.4,None,Pune,Honda City,Petrol,9
T02354,2025-11-19,V006,SUV,D142,Driver_142,3.6,R046,Pune,Chennai,32.3,84,2.45,240.78,0.0,148.73,261.29,650.8,1168.32,COD,Completed,4.2,Repair,Pune,Toyota Innova,Diesel,5
T02355,2025-11-01,V092,Van,D037,Driver_037,4.8,R067,Bengaluru,Kochi,13.4,35,1.27,125.57,5471.92,61.35,202.22,5861.06,726.84,Cash,Completed,4.2,None,Bengaluru,Tata Winger,Diesel,6
T02356,2025-02-25,V001,SUV,D123,Driver_123,3.5,R076,Bengaluru,Kochi,56.7,144,4.83,464.41,0.0,139.6,453.91,1057.92,1941.07,UPI,Completed,4.0,None,Bengaluru,Kia Seltos,Diesel,5
T02357,2025-04-05,V086,Van,D037,Driver_037,4.5,R061,Chennai,Hyderabad,41.4,114,3.96,376.4,0.0,183.85,612.28,1172.53,1751.79,Card,Completed,4.2,Inspection,Chennai,Tata Winger,Diesel,6
T02358,2025-02-23,V018,Van,D100,Driver_100,4.2,R060,Delhi,Mumbai,20.2,68,2.32,231.16,0.0,91.75,304.91,627.82,980.57,Card,Completed,3.8,None,Delhi,Tata Winger,Diesel,3
T02359,2025-01-14,V065,Sedan,D090,Driver_090,3.4,R060,Chennai,Visakhapatnam,41.2,70,2.57,275.92,0.0,162.15,248.45,686.52,1354.69,COD,Completed,4.9,Repair,Chennai,Maruti Dzire,Petrol,2
T02360,2025-09-07,V096,SUV,D105,Driver_105,3.9,R030,Pune,Chennai,76.1,255,6.28,632.01,0.0,278.85,1246.74,2157.6,812.85,Card,Cancelled,3.7,None,Pune,Hyundai Creta,Diesel,2
T02361,2025-08-02,V074,Van,D142,Driver_142,4.5,R031,Kochi,Delhi,23.6,58,2.19,237.32,0.0,89.59,323.75,650.66,1324.29,Cash,Completed,4.5,Service,Kochi,Maruti Eeco,Diesel,8
T02362,2025-08-05,V091,Sedan,D034,Driver_034,3.8,R080,Mumbai,Bengaluru,79.8,184,4.84,525.62,0.0,131.9,748.43,1405.95,2118.1,Card,Completed,4.2,Service,Mumbai,Maruti Dzire,Petrol,1
T02363,2025-09-05,V044,SUV,D132,Driver_132,4.2,R076,Hyderabad,Chennai,29.4,83,2.24,236.04,1785.17,119.15,338.12,2478.48,1009.5,Net Banking,Completed,4.7,None,Hyderabad,Toyota Innova,Diesel,10
T02364,2025-02-16,V100,Van,D128,Driver_128,4.5,R012,Kochi,Visakhapatnam,9.7,41,1.02,97.42,522.38,37.74,150.0,807.54,876.0,Cash,Completed,3.4,None,Kochi,Maruti Eeco,Diesel,10
T02365,2025-06-26,V093,SUV,D003,Driver_003,5.0,R070,Bengaluru,Delhi,50.7,94,3.77,406.11,0.0,153.94,371.84,931.89,2045.34,Net Banking,Completed,4.2,None,Bengaluru,Toyota Innova,Diesel,8
T02366,2025-04-20,V059,Van,D085,Driver_085,4.5,R045,Kochi,Visakhapatnam,18.4,62,1.82,191.91,5252.24,55.4,201.91,5701.46,971.25,COD,Completed,4.0,Inspection,Kochi,Tata Winger,Diesel,3
T02367,2025-06-12,V086,Van,D009,Driver_009,4.8,R077,Bengaluru,Mumbai,11.9,21,1.16,125.1,0.0,19.18,150.0,294.28,738.71,COD,Completed,3.9,Repair,Bengaluru,Maruti Eeco,Diesel,3
T02368,2025-04-21,V032,Sedan,D121,Driver_121,4.7,R010,Mumbai,Bengaluru,77.6,175,4.67,511.77,9076.75,214.65,839.4,10642.57,2239.97,Card,Completed,3.8,Service,Mumbai,Maruti Dzire,Petrol,6
T02369,2025-01-14,V024,Sedan,D121,Driver_121,4.3,R027,Visakhapatnam,Delhi,15.2,52,1.06,102.72,0.0,39.42,260.73,402.87,689.9,UPI,Completed,2.9,None,Visakhapatnam,Maruti Dzire,Petrol,4
T02370,2025-09-11,V077,Sedan,D149,Driver_149,4.0,R049,Visakhapatnam,Mumbai,22.0,35,1.43,138.07,0.0,57.25,150.0,345.32,955.23,Cash,Completed,3.8,Inspection,Visakhapatnam,Honda City,Petrol,9
T02371,2025-03-17,V003,Sedan,D014,Driver_014,4.2,R060,Delhi,Chennai,18.5,51,1.29,139.91,4853.4,62.16,166.78,5222.25,711.45,Net Banking,Completed,3.9,None,Delhi,Maruti Dzire,Petrol,10
T02372,2025-12-01,V043,Sedan,D119,Driver_119,3.5,R012,Bengaluru,Chennai,25.1,91,1.66,165.68,0.0,62.57,323.6,551.85,1073.9,COD,Completed,3.3,None,Bengaluru,Hyundai Verna,Petrol,6
T02373,2025-10-25,V091,Sedan,D092,Driver_092,4.1,R020,Chennai,Kochi,33.2,114,2.29,246.72,0.0,104.57,405.38,756.67,1112.45,Cash,Completed,4.5,None,Chennai,Honda City,Petrol,4
T02374,2025-01-27,V096,Sedan,D024,Driver_024,3.9,R059,Hyderabad,Mumbai,30.8,100,2.06,210.89,0.0,141.67,436.26,788.82,859.98,Cash,Completed,4.1,None,Hyderabad,Honda City,Petrol,11
T02375,2025-11-12,V003,Sedan,D114,Driver_114,3.6,R038,Delhi,Chennai,14.8,42,1.14,112.97,0.0,55.87,199.23,368.07,809.49,Cash,Completed,2.8,Service,Delhi,Maruti Dzire,Petrol,12
T02376,2025-03-23,V057,SUV,D061,Driver_061,4.7,R030,Mumbai,Visakhapatnam,36.9,79,2.9,306.31,0.0,164.09,255.36,725.76,1628.02,upi,Completed,3.7,None,Mumbai,Toyota Innova,Diesel,9
T02377,2025-06-08,V026,SUV,D018,Driver_018,4.3,R070,Chennai,Kochi,38.7,86,3.89,386.11,0.0,56.0,447.72,889.83,1244.44,Net Banking,Completed,4.4,Inspection,Chennai,Hyundai Creta,Diesel,10
T02378,2025-12-04,V053,Sedan,D058,Driver_058,4.5,R013,Kochi,Visakhapatnam,35.2,120,2.34,229.48,0.0,139.04,450.11,818.63,1321.94,Cash,Completed,3.4,Service,Kochi,Maruti Dzire,Petrol,5
T02379,2025-09-16,V037,Sedan,D117,Driver_117,4.3,R066,Chennai,Visakhapatnam,106.8,190,6.43,648.92,0.0,307.39,679.13,1635.44,2492.39,Card,Completed,4.5,None,Chennai,Maruti Dzire,Petrol,8
T02380,2025-10-25,V037,Truck,D050,Driver_050,4.8,R046,Bengaluru,Delhi,52.4,135,8.73,937.56,0.0,179.58,454.31,1571.45,50.74,Card,Cancelled,3.7,Inspection,Bengaluru,BharatBenz 1015,Diesel,9
T02381,2025-02-12,V025,Truck,D097,Driver_097,3.7,R045,Pune,Bengaluru,59.4,146,9.98,953.28,0.0,257.04,580.54,1790.86,2864.51,COD,Completed,4.1,None,Pune,Ashok Leyland Dost,Diesel,4
T02382,2025-07-26,V070,Van,D111,Driver_111,4.3,R047,Kochi,Hyderabad,19.4,72,1.74,182.97,0.0,78.67,385.31,646.95,969.6,Net Banking,Completed,3.6,None,Kochi,Force Traveller,Diesel,12
T02383,2025-03-29,V006,Van,D096,Driver_096,3.8,R051,Hyderabad,Visakhapatnam,13.7,26,1.64,164.31,0.0,56.34,150.0,370.65,646.4,Card,Completed,4.0,Service,Hyderabad,Force Traveller,Diesel,6
T02384,2025-01-09,V041,Sedan,D020,Driver_020,4.7,R045,Bengaluru,Visakhapatnam,17.9,35,1.43,137.01,0.0,37.25,150.0,324.26,173.26,UPI,Cancelled,3.5,None,Bengaluru,Hyundai Verna,Petrol,6
T02385,2025-12-27,V095,SUV,D103,Driver_103,3.7,R004,Visakhapatnam,Hyderabad,27.4,99,2.08,198.06,0.0,39.21,555.99,793.26,1006.22,UPI,Completed,3.0,Inspection,Visakhapatnam,Toyota Innova,Diesel,4
T02386,2025-05-29,V045,SUV,D110,Driver_110,4.5,R007,Delhi,Chennai,35.4,108,2.63,265.45,0.0,106.32,342.71,714.48,1529.11,Net Banking,Completed,5.0,None,Delhi,Hyundai Creta,Diesel,6
T02387,2025-05-03,V041,Sedan,D073,Driver_073,4.3,R015,Hyderabad,Kochi,67.0,121,4.38,467.64,0.0,162.63,625.41,1255.68,1880.61,Cash,Completed,4.6,Repair,Hyderabad,Maruti Dzire,Petrol,2
T02388,2025-06-24,V034,SUV,D142,Driver_142,4.0,R014,Kochi,Visakhapatnam,112.1,354,11.09,1150.0,0.0,257.6,1525.31,2932.91,371.49,UPI,Cancelled,4.2,Inspection,Kochi,Kia Seltos,Diesel,11
T02389,2025-03-02,V069,Van,D117,Driver_117,4.3,R001,Mumbai,Kochi,32.4,91,3.66,399.67,0.0,63.51,515.28,978.46,1387.47,Card,Completed,4.8,None,Mumbai,Maruti Eeco,Diesel,12
T02390,2025-11-20,V069,Sedan,D144,Driver_144,4.0,R041,Pune,Bengaluru,26.9,58,2.06,210.13,0.0,68.33,268.73,547.19,998.93,Cash,Completed,2.9,Repair,Pune,Hyundai Verna,Petrol,8
T02391,2025-06-17,V076,SUV,D149,Driver_149,4.1,R068,Visakhapatnam,Kochi,50.2,113,4.81,470.17,0.0,102.81,432.87,1005.85,1599.82,UPI,Completed,4.3,None,Visakhapatnam,Toyota Innova,Diesel,4
T02392,2025-10-24,V066,Truck,D096,Driver_096,3.2,R057,Visakhapatnam,Delhi,42.1,137,5.56,608.18,0.0,193.6,721.71,1523.49,2301.65,Cash,Completed,3.9,None,Visakhapatnam,Ashok Leyland Dost,Diesel,2
T02393,2025-06-27,V084,Truck,D054,Driver_054,4.4,R075,Mumbai,,18.0,41,2.68,280.88,1515.25,67.85,198.16,2062.14,1001.41,COD,Completed,4.5,Inspection,Mumbai,Tata 407,Diesel,6
T02394,2025-05-29,V078,Sedan,D084,Driver_084,3.8,R059,Delhi,Hyderabad,73.2,110,5.18,524.5,0.0,106.05,470.39,1100.94,2135.37,UPI,Completed,4.1,None,Delhi,Honda City,Petrol,11
T02395,2025-03-11,V066,SUV,D104,Driver_104,4.2,R018,Visakhapatnam,Delhi,45.4,152,3.8,369.98,0.0,146.65,505.0,1021.63,1469.78,UPI,Completed,4.7,Repair,Visakhapatnam,Kia Seltos,Diesel,11
T02396,2025-06-15,V021,Sedan,D121,Driver_121,4.3,R075,Delhi,Mumbai,19.7,61,1.3,137.18,3810.72,65.09,299.59,4312.58,665.55,Cash,Completed,3.6,Repair,Delhi,Maruti Dzire,Petrol,6
T02397,2025-05-02,V057,SUV,D111,Driver_111,3.4,R044,Pune,Delhi,32.8,93,2.61,268.99,0.0,113.68,416.07,798.74,1118.25,COD,Completed,4.1,Repair,Pune,Hyundai Creta,Diesel,10
T02398,2025-11-18,V088,Van,D074,Driver_074,3.8,R072,Chennai,,84.1,248,9.16,918.9,0.0,256.21,1116.9,2292.01,3439.82,UPI,Completed,4.8,None,Chennai,Force Traveller,Diesel,11
T02399,2025-11-22,V016,SUV,D088,Driver_088,5.0,R038,Mumbai,Delhi,30.7,66,2.5,243.23,0.0,80.31,263.2,586.74,22.97,Net Banking,Cancelled,3.7,None,Mumbai,Toyota Innova,Diesel,2
T02400,2025-08-22,V025,SUV,D115,Driver_115,4.3,R077,Hyderabad,Bengaluru,46.3,153,3.8,383.09,0.0,189.78,572.27,1145.14,1743.11,Cash,Completed,4.4,Service,Hyderabad,Hyundai Creta,Diesel,2
T02401,2025-06-13,V098,Van,D004,Driver_004,4.4,R071,Delhi,Bengaluru,112.8,317,11.13,1188.44,0.0,370.67,1115.81,2674.92,4129.03,UPI,Completed,4.3,None,Delhi,Maruti Eeco,Diesel,6
T02402,2025-02-11,V022,Sedan,D140,Driver_140,3.7,R051,Hyderabad,Bengaluru,30.9,72,2.3,248.01,0.0,133.97,359.62,741.6,925.29,COD,Completed,4.2,None,Hyderabad,Maruti Dzire,Petrol,11
T02403,2025-06-12,V010,SUV,D016,Driver_016,3.6,R009,Delhi,Kochi,43.1,89,3.94,427.24,0.0,118.91,299.25,845.4,343.86,Cash,Cancelled,3.9,Service,Delhi,Toyota Innova,Diesel,2
T02404,2025-07-08,V009,Truck,D134,Driver_134,3.6,R062,Pune,Mumbai,14.7,50,2.29,242.87,0.0,62.4,156.03,461.3,802.75,Net Banking,Completed,4.0,Service,Pune,BharatBenz 1015,Diesel,10
T02405,2025-08-10,V062,Sedan,D015,Driver_015,3.8,R004,Delhi,Chennai,34.0,68,2.03,208.61,0.0,136.67,348.56,693.84,905.67,Card,Completed,3.8,None,Delhi,Hyundai Verna,Petrol,7
T02406,2025-03-29,V074,Sedan,D003,Driver_003,3.7,R042,Pune,Delhi,101.4,163,6.78,697.81,5585.49,258.28,653.55,7195.13,2477.05,Cash,Completed,5.0,Inspection,Pune,Honda City,Petrol,11
T02407,2025-07-26,V100,SUV,D034,Driver_034,4.4,R075,Visakhapatnam,Delhi,47.5,68,3.77,413.13,7231.2,116.18,240.01,8000.52,1777.4,COD,Completed,3.7,Repair,Visakhapatnam,Toyota Innova,Diesel,9
T02408,2025-12-07,V030,Truck,D135,Driver_135,2.7,R078,Mumbai,Bengaluru,25.1,92,3.37,330.68,0.0,94.13,279.08,703.89,1418.06,UPI,Completed,3.5,None,Mumbai,Tata 407,Diesel,10
T02409,2025-02-02,V041,Sedan,D086,Driver_086,4.6,R061,Mumbai,Kochi,52.6,152,4.09,403.4,0.0,241.95,702.05,1347.4,1614.05,COD,Completed,4.8,Inspection,Mumbai,Hyundai Verna,Petrol,4
T02410,2025-04-17,V057,SUV,D129,Driver_129,4.2,R001,Chennai,Pune,45.7,122,3.91,404.16,0.0,171.93,622.82,1198.91,1508.85,COD,Completed,4.2,Service,Chennai,Toyota Innova,Diesel,7
T02411,2025-10-18,V007,SUV,D008,Driver_008,4.7,R061,Delhi,Visakhapatnam,71.8,191,5.89,613.1,0.0,102.3,944.65,1660.05,698.6,UPI,Cancelled,3.9,None,Delhi,Kia Seltos,Diesel,3
T02412,2025-05-28,V068,SUV,D110,Driver_110,4.7,R046,Kochi,Hyderabad,12.8,48,1.17,123.16,0.0,23.4,274.76,421.32,644.53,UPI,Completed,3.3,None,Kochi,Hyundai Creta,Diesel,1
T02413,2025-10-17,V095,Sedan,D043,Driver_043,4.4,R041,Bengaluru,Pune,17.1,32,1.38,134.3,0.0,53.01,150.0,337.31,622.71,COD,Completed,4.2,Inspection,Bengaluru,Maruti Dzire,Petrol,6
T02414,2025-06-05,V098,Sedan,D056,Driver_056,3.8,R003,Mumbai,Bengaluru,40.7,121,3.24,325.64,0.0,159.33,555.17,1040.14,1101.06,Card,Completed,3.9,None,Mumbai,Honda City,Petrol,2
T02415,2025-05-31,V061,Sedan,D034,Driver_034,3.7,R041,Kochi,Bengaluru,17.9,60,1.24,134.35,0.0,60.39,236.63,431.37,561.5,Net Banking,Completed,4.2,Repair,Kochi,Hyundai Verna,Petrol,11
T02416,2025-09-08,V063,SUV,D110,Driver_110,4.6,R026,Delhi,Hyderabad,24.4,77,2.14,207.65,0.0,33.15,388.53,629.33,270.78,Cash,Cancelled,4.0,None,Delhi,Kia Seltos,Diesel,11
T02417,2025-06-16,V062,Truck,D082,Driver_082,4.6,R048,Visakhapatnam,Hyderabad,34.7,133,4.46,470.13,3501.99,84.88,603.04,4660.04,2003.74,Card,Completed,4.0,None,Visakhapatnam,Ashok Leyland Dost,Diesel,8
T02418,2025-03-04,V019,Sedan,D103,Driver_103,4.7,R045,Hyderabad,Delhi,14.5,36,0.93,102.26,0.0,40.85,150.0,293.11,860.07,COD,Completed,4.0,None,Hyderabad,Honda City,Petrol,6
T02419,2025-10-08,V053,SUV,D031,Driver_031,5.0,R037,Delhi,Pune,60.0,154,4.53,481.09,0.0,246.37,840.81,1568.27,2015.05,COD,Completed,2.8,Service,Delhi,Toyota Innova,Diesel,6
T02420,2025-06-29,V081,Sedan,D099,Driver_099,4.4,R033,Kochi,Chennai,6.3,41,0.44,43.49,0.0,10.24,150.0,203.73,357.38,Cash,Completed,4.0,None,Kochi,Hyundai Verna,Petrol,2
T02421,2025-07-15,V010,Van,D064,Driver_064,4.6,R047,Kochi,Hyderabad,32.3,65,3.73,395.44,0.0,43.85,377.51,816.8,1216.31,Cash,Completed,4.0,None,Kochi,Force Traveller,Diesel,5
T02422,2025-01-19,V091,Sedan,D065,Driver_065,4.2,R058,Visakhapatnam,Kochi,28.2,43,1.88,183.14,0.0,53.48,176.84,413.46,1147.62,Net Banking,Completed,3.9,Repair,Visakhapatnam,Maruti Dzire,Petrol,7
T02423,2025-06-11,V018,Truck,D056,Driver_056,3.9,R067,Kochi,Hyderabad,20.2,76,3.15,308.29,0.0,79.29,242.62,630.2,1092.16,UPI,Completed,3.7,None,Kochi,Ashok Leyland Dost,Diesel,3
T02424,2025-02-14,V056,Truck,D149,Driver_149,4.4,R029,Pune,Hyderabad,45.4,94,7.01,692.0,0.0,162.84,506.52,1361.36,2138.16,Cash,Completed,4.0,Repair,Pune,BharatBenz 1015,Diesel,2
T02425,2025-08-26,V034,SUV,D048,Driver_048,4.2,R024,Kochi,Bengaluru,182.0,363,13.71,1332.97,0.0,488.98,1534.83,3356.78,5767.62,Card,Completed,2.9,Repair,Kochi,Kia Seltos,Diesel,6
T02426,2025-09-21,V046,Sedan,D032,Driver_032,4.6,R014,Hyderabad,Bengaluru,34.3,72,2.21,239.76,0.0,60.28,236.63,536.67,274.01,Card,Cancelled,4.0,None,Hyderabad,Honda City,Petrol,2
T02427,2025-07-13,V002,Truck,D131,Driver_131,4.4,R041,Chennai,Visakhapatnam,65.2,198,8.36,883.12,0.0,179.11,1050.5,2112.73,3001.85,Card,Completed,3.5,None,Chennai,Tata 407,Diesel,2
T02428,2025-06-22,V053,Van,D022,Driver_022,4.9,R036,Visakhapatnam,Hyderabad,38.5,101,3.71,381.73,1295.08,129.47,327.05,2133.33,1679.63,UPI,Completed,2.2,Repair,Visakhapatnam,Maruti Eeco,Diesel,6
T02429,2025-12-25,V049,Van,D104,Driver_104,4.3,R017,Pune,Delhi,60.6,100,7.25,698.4,0.0,270.08,443.66,1412.14,2382.65,Net Banking,Completed,4.4,None,Pune,Force Traveller,Diesel,5
T02430,2025-11-24,V030,Truck,D127,Driver_127,3.8,R037,Pune,Visakhapatnam,97.7,249,13.89,1400.33,0.0,144.4,1395.34,2940.07,4246.41,Net Banking,Completed,3.9,None,Pune,Ashok Leyland Dost,Diesel,10
T02431,2025-05-29,V087,Van,D061,Driver_061,4.1,R044,Pune,Visakhapatnam,61.9,182,6.71,726.16,0.0,275.65,790.45,1792.26,2264.44,Cash,Completed,4.0,None,Pune,Tata Winger,Diesel,6
T02432,2025-04-13,V007,Truck,D144,Driver_144,4.2,R050,Chennai,Bengaluru,94.4,177,14.32,1548.3,0.0,400.8,845.41,2794.51,4191.09,UPI,Completed,4.9,Inspection,Chennai,BharatBenz 1015,Diesel,8
T02433,2025-12-25,V026,Van,D124,Driver_124,4.6,R053,Bengaluru,Visakhapatnam,39.7,116,4.28,451.41,0.0,72.99,521.29,1045.69,1873.11,UPI,Completed,4.4,None,Bengaluru,Tata Winger,Diesel,7
T02434,2025-12-01,V001,Sedan,D147,Driver_147,4.1,R063,Kochi,Delhi,32.8,89,2.33,253.04,7919.82,100.39,499.16,8772.41,1010.14,Card,Completed,6.0,Inspection,Kochi,Hyundai Verna,Petrol,6
T02435,2025-06-25,V063,Sedan,D135,Driver_135,4.7,R057,Pune,Bengaluru,34.0,94,2.5,266.93,0.0,77.98,341.78,686.69,1040.99,Card,Completed,5.0,None,Pune,Hyundai Verna,Petrol,5
T02436,2025-11-03,V052,Sedan,D088,Driver_088,3.4,R075,Visakhapatnam,Chennai,29.2,88,2.0,209.53,0.0,105.07,509.66,824.26,114.75,COD,Cancelled,3.3,Repair,Visakhapatnam,Honda City,Petrol,5
T02437,2025-08-26,V097,Sedan,D065,Driver_065,3.8,R025,Mumbai,Hyderabad,9.0,51,0.56,59.71,0.0,25.71,288.42,373.84,464.53,Card,Completed,3.9,None,Mumbai,Hyundai Verna,Petrol,5
T02438,2025-03-09,V060,Truck,D101,Driver_101,3.9,R010,Visakhapatnam,Pune,15.6,33,2.6,279.15,0.0,67.12,150.0,496.27,820.98,Card,Completed,3.8,None,Visakhapatnam,Tata 407,Diesel,5
T02439,2025-07-08,V049,Sedan,D049,Driver_049,4.2,R001,Chennai,Kochi,105.6,203,7.65,788.22,9382.02,367.69,912.47,11450.4,54.8,Cash,Cancelled,3.6,None,Chennai,Maruti Dzire,Petrol,12
T02440,2025-10-16,V039,Van,D119,Driver_119,3.8,R029,Pune,Hyderabad,-21.7,60,2.16,234.7,6937.49,97.68,187.1,7456.97,1163.04,,Completed,4.2,None,Pune,Force Traveller,Diesel,1
T02441,2025-10-30,V062,Sedan,D032,Driver_032,4.3,R048,Delhi,Chennai,12.1,46,0.83,83.63,0.0,28.21,222.17,334.01,727.29,COD,Completed,3.9,None,Delhi,Hyundai Verna,Petrol,6
T02442,2025-02-12,V063,SUV,D014,Driver_014,4.4,R071,Visakhapatnam,Chennai,78.9,178,7.16,686.6,0.0,296.67,845.16,1828.43,2651.17,Cash,Completed,4.7,Service,Visakhapatnam,Toyota Innova,Diesel,7
T02443,2025-05-14,V021,Sedan,D011,Driver_011,4.3,R064,Kochi,Delhi,47.5,171,3.21,320.45,0.0,114.91,588.42,1023.78,257.71,UPI,Cancelled,3.9,Service,Kochi,Honda City,Petrol,7
T02444,2025-09-20,V075,Truck,D075,Driver_075,3.8,R048,Visakhapatnam,Bengaluru,37.5,83,6.03,608.55,0.0,59.68,482.93,1151.16,1994.79,COD,Completed,,Inspection,Visakhapatnam,BharatBenz 1015,Diesel,9
T02445,2025-06-07,V004,Sedan,D099,Driver_099,3.9,R080,Hyderabad,Visakhapatnam,38.6,121,2.79,291.11,0.0,81.43,457.12,829.66,1158.53,UPI,Completed,4.3,None,Hyderabad,Honda City,Petrol,9
T02446,2025-06-23,V063,SUV,D097,Driver_097,3.7,R018,Visakhapatnam,Delhi,23.1,34,1.73,190.01,0.0,106.31,163.89,460.21,885.51,Cash,Completed,3.7,None,Visakhapatnam,Toyota Innova,Diesel,1
T02447,2025-10-03,V086,Sedan,D131,Driver_131,4.4,R069,Visakhapatnam,Pune,26.4,33,1.94,197.86,0.0,46.36,155.2,399.42,673.44,Card,Completed,4.9,Service,Visakhapatnam,Hyundai Verna,Petrol,12
T02448,2025-10-12,V032,Sedan,D013,Driver_013,4.6,R048,Bengaluru,Visakhapatnam,98.8,256,6.32,611.56,839.2,186.3,1310.33,2947.39,2644.06,Net Banking,Completed,4.2,None,Bengaluru,Maruti Dzire,Petrol,7
T02449,2025-04-05,V015,SUV,D077,Driver_077,4.3,R042,Pune,Visakhapatnam,80.2,222,6.63,726.89,2949.01,328.71,751.65,4756.26,691.07,Net Banking,Cancelled,4.0,None,Pune,Kia Seltos,Diesel,11
T02450,2025-07-16,V082,Sedan,D035,Driver_035,3.3,R005,Kochi,Visakhapatnam,35.5,82,2.12,216.91,9238.05,108.48,454.36,10017.8,348.73,Card,Cancelled,3.8,None,Kochi,Hyundai Verna,Petrol,4
T02451,2025-07-17,V067,SUV,D018,Driver_018,,R021,Mumbai,Chennai,46.3,139,3.5,334.49,0.0,65.82,617.49,1017.8,1828.89,Card,Completed,3.3,None,Mumbai,Toyota Innova,Diesel,6
T02452,2025-05-31,V038,SUV,D098,Driver_098,4.2,R067,Chennai,Visakhapatnam,36.8,74,3.08,315.88,0.0,145.86,269.52,731.26,1421.5,Net Banking,Completed,3.5,Repair,Chennai,Hyundai Creta,Diesel,4
T02453,2025-02-09,V016,Sedan,D122,Driver_122,4.7,R059,Chennai,Hyderabad,51.5,176,3.2,308.85,0.0,97.26,992.11,1398.22,1652.64,Net Banking,Completed,4.4,None,Chennai,Maruti Dzire,Petrol,6
T02454,2025-05-12,V010,Sedan,D132,Driver_132,4.7,R077,Delhi,Kochi,48.6,104,3.49,351.82,0.0,175.73,528.99,1056.54,37.92,COD,Cancelled,4.5,Service,Delhi,Maruti Dzire,Petrol,3
T02455,2025-06-10,V081,SUV,D097,Driver_097,4.0,R040,Delhi,Visakhapatnam,47.8,69,4.28,417.68,0.0,210.57,304.85,933.1,1514.18,Cash,Completed,4.1,Service,Delhi,Hyundai Creta,Diesel,8
T02456,2025-09-22,V010,SUV,D016,Driver_016,3.7,R078,Bengaluru,,20.9,82,1.99,204.84,0.0,57.96,266.63,529.43,964.06,Cash,Completed,2.9,Repair,Bengaluru,Kia Seltos,Diesel,7
T02457,2025-07-21,V014,SUV,D029,Driver_029,3.5,R041,Delhi,Kochi,9.1,15,0.79,81.78,0.0,40.34,150.0,272.12,211.15,Card,Cancelled,3.3,Service,Delhi,Hyundai Creta,Diesel,3
T02458,2025-06-12,V008,Sedan,D055,Driver_055,4.3,R027,Visakhapatnam,Chennai,32.4,71,2.0,199.92,6571.38,122.65,340.71,7234.66,959.31,,Completed,3.7,Service,Visakhapatnam,Honda City,Petrol,11
T02459,2025-03-14,V089,Sedan,D012,Driver_012,5.0,R019,Visakhapatnam,Chennai,19.9,46,1.29,124.51,0.0,28.64,246.31,399.46,681.0,COD,Completed,2.8,None,Visakhapatnam,Honda City,Petrol,9
T02460,2025-03-27,V070,SUV,D108,Driver_108,3.8,R029,Bengaluru,Chennai,46.0,153,3.77,385.33,0.0,129.41,678.87,1193.61,1536.11,COD,Completed,4.1,None,Bengaluru,Hyundai Creta,Diesel,9
T02461,2025-03-16,V034,Sedan,D033,Driver_033,3.8,R036,Mumbai,Pune,29.9,90,2.26,219.01,0.0,136.37,346.36,701.74,787.84,COD,Completed,2.7,None,Mumbai,Honda City,Petrol,10
T02462,2025-10-23,V007,Truck,D062,Driver_062,4.1,R052,Mumbai,Kochi,,79,7.56,737.11,0.0,164.1,300.91,1202.12,2281.88,UPI,Completed,3.7,None,Mumbai,Ashok Leyland Dost,Diesel,12
T02463,2025-07-21,V081,Van,D116,Driver_116,4.9,R070,Hyderabad,Delhi,41.1,126,3.71,365.0,9377.82,178.38,465.08,10386.28,90.06,COD,Cancelled,3.4,Inspection,Hyderabad,Tata Winger,Diesel,1
T02464,2025-12-21,V016,Sedan,D065,Driver_065,3.9,R021,Kochi,Chennai,27.0,71,2.02,201.75,0.0,115.79,243.59,561.13,235.8,COD,Cancelled,4.3,Inspection,Kochi,Honda City,Petrol,10
T02465,2025-05-11,V046,Truck,D025,Driver_025,4.4,R049,Kochi,Visakhapatnam,11.2,33,1.95,200.99,0.0,39.07,160.84,400.9,927.44,UPI,Completed,4.1,Service,Kochi,Tata 407,Diesel,10
T02466,2025-12-09,V100,Sedan,D140,Driver_140,2.9,R031,Bengaluru,Visakhapatnam,43.0,120,2.69,268.04,1268.95,141.92,495.73,2174.64,1420.45,Net Banking,Completed,3.4,None,Bengaluru,Hyundai Verna,Petrol,11
T02467,2025-05-04,V048,Sedan,D111,Driver_111,5.0,R017,Chennai,Bengaluru,97.9,148,6.17,648.68,6392.29,168.85,833.27,8043.09,2594.2,Net Banking,Completed,3.0,None,Chennai,Honda City,Petrol,3
T02468,2025-06-10,V084,Truck,D078,Driver_078,4.5,R053,Bengaluru,Pune,42.3,91,6.34,643.53,0.0,122.64,391.23,1157.4,1940.75,COD,Completed,3.9,None,Bengaluru,BharatBenz 1015,Diesel,1
T02469,2025-10-11,V036,SUV,D124,Driver_124,3.7,R064,Kochi,Mumbai,14.1,31,1.16,110.55,0.0,28.46,150.0,289.01,761.11,Card,Completed,3.9,None,Kochi,Toyota Innova,Diesel,7
T02470,2025-09-23,V032,Sedan,D111,Driver_111,3.5,R057,Chennai,Visakhapatnam,59.3,126,4.19,415.68,8756.9,215.39,593.16,9981.13,352.32,UPI,Cancelled,3.9,Inspection,Chennai,Hyundai Verna,Petrol,7
T02471,2025-10-17,V032,Van,D124,Driver_124,4.1,R030,Delhi,Chennai,16.2,35,1.89,199.53,6255.93,49.41,175.99,6680.86,1018.05,Card,Completed,3.2,None,Delhi,Force Traveller,Diesel,9
T02472,2025-06-01,V018,Van,D016,Driver_016,3.8,R028,Mumbai,Chennai,62.0,142,6.62,648.37,0.0,84.96,563.5,1296.83,2622.84,Cash,Completed,4.8,None,Mumbai,Tata Winger,Diesel,7
T02473,2025-04-27,V082,Sedan,D004,Driver_004,4.4,R029,Visakhapatnam,Pune,35.4,75,2.83,301.79,0.0,84.39,296.16,682.34,348.91,UPI,Cancelled,3.9,Inspection,Visakhapatnam,Maruti Dzire,Petrol,6
T02474,2025-05-22,V059,SUV,D079,Driver_079,4.0,R003,Chennai,Mumbai,59.4,159,4.86,506.1,0.0,80.57,825.16,1411.83,2253.12,COD,Completed,4.1,None,Chennai,Toyota Innova,Diesel,8
T02475,2025-06-02,V090,SUV,D093,Driver_093,4.4,R025,Chennai,Bengaluru,37.6,108,-3.23,349.93,8933.39,97.03,379.18,9759.53,1358.67,Net Banking,Completed,4.6,Repair,Chennai,Toyota Innova,Diesel,9
T02476,2025-03-14,V020,Sedan,D079,Driver_079,4.4,R050,Hyderabad,Visakhapatnam,30.3,93,2.01,218.0,0.0,79.05,452.84,749.89,804.61,Card,Completed,3.7,Service,Hyderabad,Hyundai Verna,Petrol,4
T02477,2025-11-15,V060,Sedan,D015,Driver_015,3.8,R026,Hyderabad,Pune,100.1,308,7.17,776.06,3745.94,212.2,1617.01,6351.21,625.49,Card,Cancelled,3.9,Inspection,Hyderabad,Hyundai Verna,Petrol,1
T02478,2025-09-07,V074,Sedan,D074,Driver_074,4.7,R044,Mumbai,Delhi,18.9,49,1.51,162.57,0.0,68.7,193.02,424.29,593.83,Cash,Completed,4.5,None,Mumbai,Hyundai Verna,Petrol,1
T02479,2025-09-15,V009,SUV,D055,Driver_055,3.2,R074,Delhi,Pune,70.7,123,,649.29,0.0,226.53,683.65,1559.47,2344.67,UPI,completed,3.7,Inspection,Delhi,Kia Seltos,Diesel,6
T02480,2025-12-03,V006,Van,D008,Driver_008,4.4,R062,Bengaluru,Delhi,19.4,56,2.21,240.99,0.0,85.51,177.18,503.68,1017.94,Card,Completed,4.5,Service,Bengaluru,Tata Winger,Diesel,4
T02481,2025-02-22,V066,Sedan,D115,Driver_115,3.3,R031,Mumbai,Kochi,50.5,107,3.63,390.72,0.0,103.9,359.56,854.18,1539.76,Cash,Completed,4.2,None,Mumbai,Hyundai Verna,Petrol,1
T02482,2025-01-05,V013,SUV,D111,Driver_111,4.1,R042,Delhi,Chennai,8.3,43,0.82,86.82,0.0,33.69,155.93,276.44,733.08,COD,Completed,3.1,None,Delhi,Toyota Innova,Diesel,12
T02483,2025-06-09,V072,Sedan,D083,Driver_083,3.9,R050,Kochi,Chennai,25.6,119,1.69,177.1,0.0,35.52,686.29,898.91,659.6,Card,Completed,3.6,None,Kochi,Hyundai Verna,Petrol,11
T02484,2025-03-07,V090,Van,D010,Driver_010,4.8,R050,Pune,Kochi,69.4,231,7.85,836.12,0.0,139.34,1230.74,2206.2,226.8,Cash,Cancelled,2.6,None,Pune,Maruti Eeco,Diesel,2
T02485,2025-08-25,V003,Sedan,D086,Driver_086,3.5,R008,Mumbai,Chennai,11.7,40,0.85,84.5,4116.5,31.83,225.12,4457.95,33.24,Cash,Cancelled,3.7,None,Mumbai,Honda City,Petrol,4
T02486,2025-06-22,V035,Sedan,D121,Driver_121,,R022,Bengaluru,Hyderabad,56.3,130,4.06,392.63,0.0,88.43,468.15,949.21,1473.25,COD,Completed,4.1,Service,Bengaluru,Hyundai Verna,Petrol,9
T02487,2025-02-21,V037,SUV,D011,Driver_011,3.9,R015,Kochi,Chennai,31.2,85,2.98,311.86,0.0,83.66,258.12,653.64,1277.32,COD,Completed,4.6,,Kochi,Hyundai Creta,Diesel,10
T02488,2025-07-15,V049,Truck,D101,Driver_101,4.4,R048,Bengaluru,Kochi,12.5,37,1.87,189.32,0.0,42.98,178.78,411.08,1067.11,COD,Completed,4.2,Inspection,Bengaluru,Tata 407,Diesel,2
T02489,2025-10-11,V067,Sedan,D097,Driver_097,3.7,R053,Pune,Chennai,69.0,124,4.53,451.21,0.0,252.55,466.25,1170.01,1691.14,COD,Completed,,None,Pune,Hyundai Verna,Petrol,8
T02490,2025-09-04,V061,SUV,D044,Driver_044,3.6,R028,Kochi,Delhi,42.6,138,3.94,409.2,0.0,94.18,487.25,990.63,1433.74,Card,Completed,4.6,None,Kochi,Kia Seltos,Diesel,2
T02491,2025-07-09,V061,SUV,D138,Driver_138,3.6,R074,Chennai,Kochi,54.7,125,4.37,448.23,868.47,207.3,708.23,2232.23,1797.81,UPI,Completed,4.4,Service,Chennai,Toyota Innova,Diesel,11
T02492,2025-11-05,V034,Sedan,D111,Driver_111,4.6,R062,Pune,Mumbai,16.9,39,1.01,97.34,0.0,59.48,187.63,344.45,458.15,Cash,Completed,2.9,None,Pune,Maruti Dzire,Petrol,4
T02493,2025-06-11,V083,SUV,D092,Driver_092,3.5,R032,Kochi,Visakhapatnam,30.8,62,2.6,272.77,0.0,61.65,283.41,617.83,1180.78,UPI,Completed,4.3,,Kochi,Toyota Innova,Diesel,8
T02494,2025-02-12,V066,SUV,D014,Driver_014,4.6,R034,Delhi,Chennai,6.5,23,0.56,59.54,0.0,24.76,150.0,234.3,585.47,Net Banking,Completed,3.6,None,Delhi,Toyota Innova,Diesel,4
T02495,2025-08-13,V096,SUV,D034,Driver_034,4.4,R031,Chennai,Visakhapatnam,25.3,51,2.32,230.74,0.0,77.12,184.79,492.65,1069.32,UPI,Completed,3.4,Inspection,Chennai,Toyota Innova,Diesel,6
T02496,2025-03-04,V049,SUV,D148,Driver_148,4.2,R075,Visakhapatnam,Pune,18.1,64,1.59,158.14,0.0,50.9,370.22,579.26,210.63,Card,Cancelled,4.5,Service,Visakhapatnam,Toyota Innova,Diesel,5
T02497,2025-08-11,V002,Sedan,D035,Driver_035,3.4,R034,Delhi,Pune,57.3,106,3.81,376.82,0.0,224.3,470.92,1072.04,1793.31,UPI,Completed,6.0,Repair,Delhi,Maruti Dzire,Petrol,3
T02498,2025-11-02,V087,SUV,D040,Driver_040,4.7,R037,Pune,Mumbai,61.3,169,5.91,605.11,7744.41,250.8,683.27,9283.59,222.36,Net Banking,Cancelled,3.4,None,Pune,Toyota Innova,Diesel,11
T02499,2025-09-24,V028,SUV,D045,Driver_045,4.0,R007,Bengaluru,Kochi,46.3,139,3.81,366.54,3287.74,144.55,619.0,4417.83,1814.32,Card,Completed,4.5,Service,Bengaluru,Hyundai Creta,Diesel,7
T02500,2025-04-06,V073,Truck,D098,Driver_098,4.5,R002,Bengaluru,Delhi,11.2,28,1.94,184.82,0.0,21.64,150.0,356.46,782.76,COD,Completed,3.2,None,Bengaluru,Ashok Leyland Dost,Diesel,12
T02501,2025-02-18,V029,Sedan,D061,Driver_061,3.3,R023,Pune,Delhi,26.5,44,2.0,217.83,5245.99,49.16,194.98,5707.96,20.73,Cash,Cancelled,4.7,None,Pune,Honda City,Petrol,4
T02502,2025-04-07,V024,Sedan,D019,Driver_019,3.7,R047,Delhi,Pune,31.6,114,2.54,253.79,6695.72,92.08,548.91,7590.5,72.24,Net Banking,Cancelled,5.0,None,Delhi,Hyundai Verna,Petrol,10
T02503,2025-09-04,V018,SUV,D139,Driver_139,3.3,R075,Bengaluru,Hyderabad,29.2,98,2.92,309.31,0.0,97.37,433.66,840.34,1108.86,Cash,Completed,4.2,Repair,Bengaluru,Hyundai Creta,Diesel,7
T02504,2025-11-14,V095,SUV,D097,Driver_097,3.8,R016,Visakhapatnam,Bengaluru,115.1,320,10.31,1038.36,0.0,381.6,1846.2,3266.16,3845.33,Net Banking,Completed,4.2,None,Visakhapatnam,Kia Seltos,Diesel,6
T02505,2025-02-10,V027,Van,D021,Driver_021,4.6,R013,Visakhapatnam,Delhi,41.2,105,3.97,435.89,0.0,113.41,531.45,1080.75,213.25,COD,Cancelled,4.0,Repair,Visakhapatnam,Force Traveller,Diesel,10
T02506,2025-01-25,V025,Truck,D137,Driver_137,3.7,R007,Hyderabad,Kochi,27.4,47,3.65,392.99,0.0,103.11,210.17,706.27,1490.46,COD,Completed,4.7,None,Hyderabad,Ashok Leyland Dost,Diesel,7
T02507,2025-03-27,V066,Van,D047,Driver_047,3.8,R017,Mumbai,Chennai,77.6,134,7.22,782.3,0.0,219.22,494.33,1495.85,3033.74,Card,Completed,3.7,Inspection,Mumbai,Force Traveller,Diesel,9
T02508,2025-05-02,V081,Sedan,D105,Driver_105,3.5,R018,Hyderabad,Bengaluru,18.0,29,1.33,130.86,0.0,83.29,161.2,375.35,673.55,UPI,Completed,4.9,None,Hyderabad,Honda City,Petrol,10
T02509,2025-02-15,V037,Sedan,D099,Driver_099,3.8,R057,Kochi,Delhi,14.3,33,0.95,98.4,0.0,26.71,150.0,275.11,781.16,Card,Completed,4.6,None,Kochi,Hyundai Verna,Petrol,5
T02510,2025-10-27,V088,Sedan,D080,Driver_080,4.7,R033,Visakhapatnam,Mumbai,28.9,92,2.08,224.04,1589.02,105.54,330.17,2248.77,1089.49,COD,Completed,3.7,None,Visakhapatnam,Hyundai Verna,Petrol,10
T02511,2025-03-19,V066,Sedan,D064,Driver_064,4.2,R055,Chennai,Bengaluru,111.6,328,7.84,747.24,0.0,273.59,1493.71,2514.54,2944.32,COD,Completed,3.3,None,Chennai,Hyundai Verna,Petrol,7
T02512,2025-03-08,V064,Sedan,D034,Driver_034,4.2,R011,Bengaluru,Kochi,41.5,94,3.36,327.26,4920.52,182.82,495.93,5926.53,1240.54,COD,Completed,4.6,Inspection,Bengaluru,Maruti Dzire,Petrol,1
T02513,2025-12-14,V087,Van,D004,Driver_004,4.0,R041,Delhi,Mumbai,75.3,148,7.06,701.71,6637.03,143.83,483.85,7966.42,2809.93,Card,Completed,3.5,None,Delhi,Maruti Eeco,Diesel,1
T02514,2025-09-30,V053,SUV,D116,Driver_116,3.6,R065,Delhi,Chennai,16.7,66,1.56,148.74,3536.57,74.23,254.4,4013.94,793.67,UPI,Completed,4.0,Repair,Delhi,Toyota Innova,Diesel,12
T02515,2025-03-10,V014,Van,D074,Driver_074,4.2,R061,Kochi,Pune,44.0,134,4.14,449.56,0.0,64.23,436.44,950.23,1907.23,Net Banking,Completed,,Repair,Kochi,Force Traveller,Diesel,1
T02516,2025-07-21,V035,Sedan,D062,Driver_062,3.8,R047,Chennai,Mumbai,26.8,60,1.71,185.61,5111.04,95.04,193.67,5585.36,109.6,Net Banking,Cancelled,3.7,Repair,Chennai,Honda City,Petrol,5
T02517,2025-08-09,V030,Truck,D051,Driver_051,4.2,R007,Chennai,Bengaluru,17.5,54,2.75,285.06,0.0,52.86,197.82,535.74,1057.62,UPI,Completed,3.3,None,Chennai,Tata 407,Diesel,8
T02518,2025-12-11,V024,Sedan,D090,Driver_090,3.5,R025,Delhi,Kochi,38.8,119,3.13,300.44,8979.72,98.48,548.31,9926.95,1261.77,UPI,Completed,4.7,None,Delhi,Honda City,Petrol,10
T02519,2025-12-25,V074,Sedan,D148,Driver_148,4.2,R049,Pune,Chennai,38.2,129,3.0,288.08,7902.33,137.93,421.08,8749.42,1384.63,UPI,Completed,5.0,Service,Pune,Hyundai Verna,Petrol,11
T02520,2025-07-25,V077,Truck,D137,Driver_137,4.4,R071,Mumbai,Visakhapatnam,32.3,86,5.18,551.89,0.0,149.87,450.88,1152.64,1726.93,Net Banking,Completed,3.3,None,Mumbai,BharatBenz 1015,Diesel,4
T02521,2025-05-18,V084,SUV,D089,Driver_089,4.7,R057,Delhi,Hyderabad,37.5,110,3.35,331.2,0.0,52.76,493.8,877.76,1615.72,Cash,Completed,3.5,None,Delhi,Toyota Innova,Diesel,7
T02522,2025-12-18,V044,Sedan,D059,Driver_059,4.2,R069,Hyderabad,Pune,36.2,118,2.26,228.11,0.0,74.14,364.78,667.03,1092.25,Net Banking,Completed,3.5,None,Hyderabad,Maruti Dzire,Petrol,11
T02523,2025-12-14,V009,Van,D143,Driver_143,4.7,R027,Mumbai,Chennai,16.0,40,1.57,163.15,0.0,65.92,150.0,379.07,882.93,UPI,Completed,5.0,Inspection,Mumbai,Maruti Eeco,Diesel,12
T02524,2025-02-05,V078,Sedan,D010,Driver_010,4.0,R053,Chennai,Mumbai,12.4,36,0.91,87.59,4742.25,21.81,150.0,5001.65,595.24,Cash,Completed,4.4,Repair,Chennai,Hyundai Verna,Petrol,9
T02525,2025-04-01,V080,Sedan,D139,Driver_139,4.0,R076,Kochi,Hyderabad,99.6,222,6.81,684.04,0.0,147.72,775.93,1607.69,411.81,UPI,Cancelled,2.9,None,Kochi,Hyundai Verna,Petrol,5
T02526,2025-05-22,V009,Sedan,D062,Driver_062,3.8,R036,Mumbai,Pune,45.3,111,2.95,324.01,0.0,167.74,399.05,890.8,1384.15,Net Banking,Completed,4.1,None,Mumbai,Maruti Dzire,Petrol,3
T02527,2025-09-29,V010,Truck,D034,Driver_034,3.8,R038,Delhi,Hyderabad,35.7,102,4.95,477.51,8343.82,140.79,442.15,9404.27,1585.52,Cash,Completed,3.4,Service,Delhi,BharatBenz 1015,Diesel,8
T02528,2025-09-15,V038,Truck,D080,Driver_080,5.0,R044,Bengaluru,Mumbai,48.6,120,7.55,757.34,0.0,105.04,432.23,1294.61,2588.42,Card,Completed,3.6,None,Bengaluru,BharatBenz 1015,Diesel,6
T02529,2025-11-20,V040,SUV,D042,Driver_042,4.0,R010,Pune,Chennai,39.6,106,3.39,348.23,7188.57,68.29,320.86,7925.95,1356.62,COD,Completed,4.2,None,Pune,Hyundai Creta,Diesel,7
T02530,2025-10-20,V069,Van,D021,Driver_021,4.9,R027,Mumbai,Chennai,59.4,163,6.72,660.14,0.0,162.97,563.92,1387.03,2194.15,Net Banking,Completed,5.0,Inspection,Mumbai,Force Traveller,Diesel,11
T02531,2025-02-20,V090,Sedan,D074,Driver_074,3.9,R044,Bengaluru,Hyderabad,121.5,219,9.3,935.99,0.0,369.12,796.23,2101.34,3067.65,Cash,Completed,4.1,None,Bengaluru,Maruti Dzire,Petrol,10
T02532,2025-03-06,V066,Van,D047,Driver_047,4.2,R001,Mumbai,Hyderabad,26.3,85,2.43,232.01,0.0,73.04,265.63,570.68,1162.52,Net Banking,Completed,3.5,Inspection,Mumbai,Maruti Eeco,Diesel,10
T02533,2025-10-17,V088,SUV,D122,Driver_122,4.1,R005,Visakhapatnam,Mumbai,55.0,139,5.09,559.52,0.0,231.63,741.84,1532.99,2198.84,Net Banking,Completed,4.9,Inspection,Visakhapatnam,Hyundai Creta,Diesel,2
T02534,2025-02-05,V079,Van,D062,Driver_062,3.2,R018,Chennai,Pune,36.9,117,3.31,345.64,0.0,51.74,462.28,859.66,1629.09,Card,Completed,4.0,Service,Chennai,Tata Winger,Diesel,5
T02535,2025-05-30,V099,Sedan,D069,Driver_069,4.5,R054,Pune,Visakhapatnam,14.0,49,0.83,90.94,5403.66,32.45,253.89,5780.94,670.19,Cash,Completed,4.5,None,Pune,Honda City,Petrol,9
T02536,2025-07-22,V090,Sedan,D036,Driver_036,4.5,R041,Kochi,Visakhapatnam,6.3,15,0.44,47.8,0.0,17.96,150.0,215.76,373.24,UPI,Completed,3.9,Service,Kochi,Hyundai Verna,Petrol,10
T02537,2025-10-26,V087,Truck,D004,Driver_004,3.7,R043,Mumbai,Delhi,26.4,80,3.79,386.1,0.0,48.43,300.93,735.46,1336.01,Net Banking,Completed,4.4,Repair,Mumbai,BharatBenz 1015,Diesel,4
T02538,2025-10-21,V008,Truck,D135,Driver_135,3.8,R010,Visakhapatnam,Hyderabad,12.2,53,1.61,161.84,0.0,53.02,174.41,389.27,796.31,UPI,Completed,4.2,None,Visakhapatnam,Ashok Leyland Dost,Diesel,8
T02539,2025-06-10,V087,SUV,D062,Driver_062,3.6,R041,Visakhapatnam,Bengaluru,67.6,121,6.18,624.35,7773.67,286.59,663.17,9347.78,2436.16,UPI,Completed,4.3,None,Visakhapatnam,Toyota Innova,Diesel,3
T02540,2025-11-30,V058,Van,D065,Driver_065,4.1,R057,Hyderabad,Bengaluru,54.3,110,4.98,525.13,3612.07,173.64,571.18,4882.02,1989.71,Card,Completed,3.8,Repair,Hyderabad,Tata Winger,Diesel,8
T02541,2025-01-07,V064,Van,D145,Driver_145,3.2,R046,Hyderabad,Bengaluru,31.0,65,2.92,317.8,0.0,59.68,217.6,595.08,1294.2,COD,Completed,4.1,None,Hyderabad,Tata Winger,Diesel,3
T02542,2025-04-18,V068,Sedan,D071,Driver_071,4.7,R019,Kochi,Delhi,30.1,107,2.01,192.33,0.0,75.59,394.01,661.93,1147.54,Cash,Completed,4.5,Service,Kochi,Maruti Dzire,Petrol,3
T02543,2025-01-08,V082,SUV,D080,Driver_080,4.4,R042,Bengaluru,Hyderabad,82.4,202,6.59,687.45,6851.59,343.35,942.04,8824.43,654.51,Card,Cancelled,3.7,Inspection,Bengaluru,Hyundai Creta,Diesel,5
T02544,2025-09-10,V066,SUV,D131,Driver_131,4.6,R008,Bengaluru,Hyderabad,52.1,92,5.1,537.02,0.0,133.28,307.28,977.58,332.24,UPI,Cancelled,2.3,Service,Bengaluru,Toyota Innova,Diesel,6
T02545,2025-07-29,V062,Sedan,D052,Driver_052,4.1,R056,Pune,Hyderabad,34.4,76,2.63,275.32,0.0,132.93,379.73,787.98,154.77,COD,Cancelled,3.2,None,Pune,Hyundai Verna,Petrol,6
T02546,2025-04-22,V029,SUV,D054,Driver_054,3.8,R056,Bengaluru,Hyderabad,78.7,140,6.76,663.03,0.0,259.37,720.33,1642.73,591.23,Card,Cancelled,4.4,Inspection,Bengaluru,Toyota Innova,Diesel,3
T02547,2025-08-17,V007,Truck,D087,Driver_087,3.9,R021,Bengaluru,Kochi,54.5,144,8.26,828.63,0.0,166.04,493.07,1487.74,2819.56,Card,Completed,4.9,Inspection,Bengaluru,Tata 407,Diesel,8
T02548,2025-04-19,V077,Sedan,D031,Driver_031,3.1,R017,Chennai,Delhi,38.9,62,2.39,238.65,0.0,144.48,252.49,635.62,1362.95,Cash,Completed,4.0,None,Chennai,Hyundai Verna,Petrol,4
T02549,2025-11-15,V027,Sedan,D136,Driver_136,4.8,R047,Kochi,Mumbai,34.8,62,2.33,254.23,0.0,110.71,355.08,720.02,1022.17,UPI,Completed,3.4,None,Kochi,Honda City,Petrol,12
T02550,2025-03-25,V039,Van,D087,Driver_087,4.0,R051,Hyderabad,Pune,58.2,138,5.63,587.86,0.0,141.24,540.17,1269.27,56.86,UPI,Cancelled,3.5,Inspection,Hyderabad,Tata Winger,Diesel,12
T02551,2025-06-07,V031,Sedan,D113,Driver_113,4.0,R025,Mumbai,Hyderabad,36.4,69,2.34,250.53,0.0,111.82,213.2,575.55,1089.59,Cash,Completed,4.0,Inspection,Mumbai,Hyundai Verna,Petrol,4
T02552,2025-10-22,V017,Sedan,D056,Driver_056,4.5,R079,Delhi,Chennai,9.5,46,0.61,63.53,5510.15,28.36,211.63,5813.67,383.86,Card,Completed,2.7,None,Delhi,Hyundai Verna,Petrol,2
T02553,2025-03-11,V100,Van,D033,Driver_033,4.1,R043,Mumbai,Kochi,15.6,78,1.59,171.05,1444.22,58.66,265.77,1939.7,796.39,Net Banking,Completed,3.9,None,Mumbai,Tata Winger,Diesel,7
T02554,2025-10-15,V037,Van,D057,Driver_057,4.2,R058,Kochi,Hyderabad,38.1,69,4.08,407.04,0.0,115.07,285.5,807.61,1770.75,Net Banking,Completed,4.1,Service,Kochi,Tata Winger,Diesel,10
T02555,2025-08-07,V050,Truck,D117,Driver_117,4.2,R040,Hyderabad,Kochi,28.6,83,3.79,412.05,0.0,67.96,354.72,834.73,1627.11,Cash,Completed,3.6,None,Hyderabad,Tata 407,Diesel,12
T02556,2025-01-24,V096,Sedan,D086,Driver_086,4.2,R005,Delhi,Chennai,50.0,145,3.91,384.2,2155.64,133.74,475.64,3149.22,1268.1,UPI,Completed,3.9,None,Delhi,Hyundai Verna,Petrol,6
T02557,2025-03-05,V082,Sedan,D023,Driver_023,4.5,R044,Mumbai,Pune,50.7,76,4.0,418.07,2116.36,148.64,335.42,3018.49,1353.35,Card,Completed,4.6,None,Mumbai,Hyundai Verna,Petrol,2
T02558,2025-07-28,V073,Sedan,D004,Driver_004,3.1,R012,Pune,Visakhapatnam,36.1,81,2.57,268.48,0.0,56.01,274.04,598.53,1262.61,Card,Completed,3.8,None,Pune,Hyundai Verna,Petrol,1
T02559,2025-10-15,V080,Sedan,D055,Driver_055,4.6,R039,Delhi,Mumbai,114.7,220,9.07,971.6,0.0,530.76,702.85,2205.21,3017.84,Net Banking,Completed,5.0,None,Delhi,Honda City,Petrol,6
T02560,2025-06-07,V006,SUV,D093,Driver_093,4.5,R020,Mumbai,Hyderabad,29.9,108,2.56,256.06,0.0,75.84,432.19,764.09,1210.77,COD,Completed,3.7,None,Mumbai,Kia Seltos,Diesel,2
T02561,2025-01-16,V047,Van,D136,Driver_136,3.9,R007,Bengaluru,Pune,41.2,102,4.34,420.32,0.0,136.12,473.16,1029.6,1953.4,Cash,Completed,4.5,Repair,Bengaluru,Tata Winger,Diesel,8
T02562,2025-03-31,V046,Sedan,D056,Driver_056,4.1,R028,Visakhapatnam,Mumbai,26.4,81,1.75,169.86,0.0,46.13,404.22,620.21,184.07,Net Banking,Cancelled,4.8,Inspection,Visakhapatnam,Hyundai Verna,Petrol,3
T02563,2025-01-13,V041,SUV,D110,Driver_110,4.2,R069,Pune,Mumbai,65.1,178,5.48,592.27,0.0,284.4,999.17,1875.84,455.52,COD,Cancelled,3.1,None,Pune,Toyota Innova,Diesel,3
T02564,2025-05-15,V059,Sedan,D016,Driver_016,5.0,R043,Visakhapatnam,Pune,36.3,52,2.73,264.4,7245.8,163.9,242.67,7916.77,168.1,UPI,Cancelled,4.0,Service,Visakhapatnam,Maruti Dzire,Petrol,1
T02565,2025-08-09,V054,SUV,D096,Driver_096,4.3,R018,Pune,Mumbai,52.6,108,5.04,526.44,4870.64,84.73,528.4,6010.21,1918.27,Card,Completed,4.7,Service,Pune,Hyundai Creta,Diesel,7
T02566,2025-08-29,V086,Van,D021,Driver_021,4.5,R056,Visakhapatnam,Kochi,87.9,182,9.61,988.78,3055.22,304.67,990.05,5338.72,3397.24,Cash,Completed,4.1,None,Visakhapatnam,Tata Winger,Diesel,10
T02567,2025-02-16,V076,SUV,D031,Driver_031,,R071,Delhi,Chennai,13.8,49,1.4,133.04,1301.93,63.96,264.69,1763.62,6.66,Cash,Cancelled,4.6,None,Delhi,Kia Seltos,Diesel,12
T02568,2025-05-04,V046,SUV,D006,Driver_006,4.2,R073,Delhi,Bengaluru,66.7,122,6.73,718.8,0.0,96.53,476.14,1291.47,2489.22,Net Banking,Completed,4.6,None,Delhi,Kia Seltos,Diesel,5
T02569,2025-10-25,V079,Sedan,D140,Driver_140,4.4,R073,Chennai,Kochi,20.1,58,1.24,130.33,0.0,30.94,337.11,498.38,663.19,Card,Completed,3.8,None,Chennai,Maruti Dzire,Petrol,5
T02570,2025-07-24,V040,SUV,D142,Driver_142,3.9,R048,Pune,Delhi,34.3,80,3.0,322.96,0.0,147.37,447.48,917.81,1333.0,Net Banking,Completed,4.6,Inspection,Pune,Toyota Innova,Diesel,9
T02571,2025-07-01,V092,Sedan,D105,Driver_105,4.5,R049,Bengaluru,Chennai,95.5,281,6.72,689.87,0.0,153.36,1624.95,2468.18,2435.78,Cash,Completed,3.0,None,Bengaluru,Honda City,Petrol,7
T02572,2025-11-21,V061,SUV,D002,Driver_002,3.7,R047,Visakhapatnam,Delhi,31.0,75,2.96,313.62,0.0,54.48,409.06,777.16,270.95,UPI,Cancelled,4.4,Inspection,Visakhapatnam,Toyota Innova,Diesel,12
T02573,2025-09-22,V036,Van,D082,Driver_082,3.4,R032,Mumbai,Bengaluru,136.5,376,16.57,1650.43,0.0,541.76,1695.38,3887.57,950.92,Card,Cancelled,4.2,Inspection,Mumbai,Force Traveller,Diesel,6
T02574,2025-02-20,V061,Truck,D123,Driver_123,4.2,R058,Kochi,Bengaluru,51.8,106,8.78,839.4,0.0,87.54,564.21,1491.15,161.93,UPI,Cancelled,3.2,Inspection,Kochi,BharatBenz 1015,Diesel,9
T02575,2025-05-07,V047,Sedan,D012,Driver_012,4.1,R015,Pune,Kochi,15.3,73,0.92,98.93,4062.95,68.14,297.13,4527.15,810.73,Card,Completed,4.2,Service,Pune,Honda City,Petrol,3
T02576,2025-03-21,V035,Sedan,D012,Driver_012,4.6,R029,Hyderabad,Delhi,14.8,38,1.01,106.12,2408.68,39.78,150.0,2704.58,620.95,Card,Completed,3.0,None,Hyderabad,Hyundai Verna,Petrol,11
T02577,2025-10-12,V080,Sedan,D087,Driver_087,4.3,R029,Hyderabad,Visakhapatnam,65.6,159,5.1,550.34,0.0,302.77,879.31,1732.42,1928.71,UPI,Completed,4.5,Inspection,Hyderabad,Maruti Dzire,Petrol,2
T02578,2025-01-08,V010,SUV,D086,Driver_086,5.0,R028,Hyderabad,Delhi,34.6,102,3.33,335.32,8384.15,119.97,391.18,9230.62,361.99,COD,Cancelled,3.0,Inspection,Hyderabad,Hyundai Creta,Diesel,5
T02579,2025-08-18,V028,Van,D123,Driver_123,4.3,R069,Bengaluru,Hyderabad,14.5,29,1.51,153.94,7287.93,60.96,154.95,7657.78,158.01,COD,Cancelled,4.7,Inspection,Bengaluru,Maruti Eeco,Diesel,9
T02580,2025-09-14,V032,Van,D073,Driver_073,4.3,R039,Pune,Chennai,36.5,75,3.88,409.18,0.0,167.67,283.34,860.19,1784.13,Card,Completed,4.1,Service,Pune,Tata Winger,Diesel,10
T02581,2025-02-08,V011,Sedan,D132,Driver_132,4.1,R057,Delhi,Mumbai,80.5,195,4.85,518.08,2958.27,145.88,866.81,4489.04,2236.44,Cash,Completed,3.8,None,Delhi,Honda City,Petrol,1
T02582,2025-04-03,V040,Sedan,D004,Driver_004,3.9,R036,Kochi,Chennai,52.5,124,3.16,328.24,0.0,130.14,389.8,848.18,256.75,Net Banking,Cancelled,3.6,Service,Kochi,Hyundai Verna,Petrol,7
T02583,2025-02-19,V007,Van,D051,Driver_051,3.7,R005,Chennai,Visakhapatnam,55.4,129,6.33,642.84,0.0,254.4,620.61,1517.85,2158.66,COD,Completed,3.7,Inspection,Chennai,Maruti Eeco,Diesel,8
T02584,2025-03-03,V044,SUV,D138,Driver_138,3.7,R019,Pune,Mumbai,121.5,361,9.82,934.66,7241.26,453.49,1431.71,10061.12,487.5,Net Banking,Cancelled,3.8,None,Pune,Kia Seltos,Diesel,9
T02585,2025-04-03,V097,Sedan,D081,Driver_081,3.9,R047,Bengaluru,Visakhapatnam,41.6,105,3.06,321.17,0.0,168.94,508.13,998.24,1166.9,Cash,Completed,3.7,Inspection,Bengaluru,Honda City,Petrol,3
T02586,2025-05-01,V069,Van,D084,Driver_084,4.1,R036,Kochi,Hyderabad,21.5,56,2.32,240.25,0.0,99.94,320.43,660.62,121.65,COD,Cancelled,3.9,None,Kochi,Maruti Eeco,Diesel,10
T02587,2025-12-19,V100,Van,D010,Driver_010,,R048,Kochi,Pune,19.4,26,1.85,177.62,3377.41,54.3,150.0,3759.33,1139.91,Card,Completed,4.3,None,Kochi,Force Traveller,Diesel,4
T02588,2025-07-03,V024,Van,D144,Driver_144,4.2,R077,Delhi,Pune,19.9,49,2.37,233.97,0.0,48.91,252.78,535.66,1188.12,Card,Completed,4.2,None,Delhi,Tata Winger,Diesel,3
T02589,2025-02-16,V010,Sedan,D045,Driver_045,3.8,R047,Delhi,Bengaluru,32.0,59,1.95,203.47,0.0,129.67,249.35,582.49,1016.64,Net Banking,Completed,4.2,None,Delhi,Maruti Dzire,Petrol,2
T02590,2025-09-28,V058,Van,D034,Driver_034,4.8,R049,Pune,Delhi,9.3,15,1.1,114.03,0.0,39.22,150.0,303.25,761.94,Net Banking,Completed,4.1,Repair,Pune,Force Traveller,Diesel,11
T02591,2025-02-17,V093,SUV,D028,Driver_028,4.3,R028,Delhi,Mumbai,32.0,77,3.05,322.43,0.0,105.56,360.31,788.3,1234.39,UPI,Completed,3.8,None,Delhi,Kia Seltos,Diesel,1
T02592,2025-07-30,V056,SUV,D019,Driver_019,4.3,R074,Mumbai,Bengaluru,101.7,193,7.92,807.05,0.0,428.88,899.23,2135.16,3486.68,COD,Completed,4.1,Service,Mumbai,Toyota Innova,Diesel,11
T02593,2025-10-07,V040,Van,D108,Driver_108,4.6,R070,Kochi,Chennai,21.3,73,2.34,247.55,3957.94,71.57,340.59,4617.65,1270.27,Net Banking,Completed,3.9,Inspection,Kochi,Maruti Eeco,Diesel,2
T02594,2025-05-17,V045,Van,D040,Driver_040,5.0,R077,Bengaluru,Visakhapatnam,28.5,92,3.17,315.95,936.24,58.33,382.65,1693.17,1545.44,Cash,Completed,4.2,None,Bengaluru,Maruti Eeco,Diesel,11
T02595,2025-09-19,V086,SUV,D046,Driver_046,3.2,R051,Chennai,Hyderabad,39.7,99,3.45,372.76,0.0,158.45,564.52,1095.73,1656.45,Cash,Completed,4.6,Inspection,Chennai,Kia Seltos,Diesel,2
T02596,2025-04-27,V047,Sedan,D114,Driver_114,3.8,R027,Pune,Delhi,13.5,53,0.99,97.06,8523.15,33.11,244.85,8898.17,740.83,Card,Completed,4.9,None,Pune,Hyundai Verna,Petrol,8
T02597,2025-03-06,V050,SUV,D130,Driver_130,4.5,R020,Mumbai,Pune,127.5,371,10.04,1084.71,8420.83,544.21,2104.68,12154.43,1106.97,UPI,Cancelled,2.8,None,Mumbai,Toyota Innova,Diesel,5
T02598,2025-05-30,V058,Sedan,D141,Driver_141,4.0,R020,Visakhapatnam,Mumbai,34.4,59,2.11,202.63,0.0,97.43,302.12,602.18,937.67,Card,Completed,3.8,Service,Visakhapatnam,Maruti Dzire,Petrol,2
T02599,2025-10-22,V006,Sedan,D047,Driver_047,3.8,R062,Mumbai,Chennai,83.3,163,5.25,510.69,0.0,313.88,558.48,1383.05,2212.69,COD,Completed,4.7,Repair,Mumbai,Hyundai Verna,Petrol,2
T02600,2025-12-12,V057,SUV,D034,Driver_034,4.7,R048,Kochi,Hyderabad,33.4,86,3.05,306.79,0.0,127.53,474.11,908.43,1298.7,UPI,Completed,,Service,Kochi,Kia Seltos,Diesel,3
T02601,2025-02-14,V098,Sedan,D039,Driver_039,4.1,R003,Delhi,Mumbai,49.1,104,2.94,305.95,0.0,207.36,354.59,867.9,1441.66,UPI,Completed,5.0,Service,Delhi,Hyundai Verna,Petrol,8
T02602,2025-06-28,V052,SUV,D109,Driver_109,4.2,R013,Bengaluru,Kochi,28.6,66,2.22,239.94,2501.19,65.62,275.75,3082.5,149.04,Cash,Cancelled,4.9,Service,Bengaluru,Toyota Innova,Diesel,8
T02603,2025-05-20,V086,Truck,D122,Driver_122,3.3,R001,Bengaluru,Hyderabad,98.6,209,14.59,1517.97,0.0,214.91,1117.47,2850.35,4433.0,UPI,Completed,,Repair,Bengaluru,Tata 407,Diesel,3
T02604,2025-07-21,V099,SUV,D026,Driver_026,4.2,R080,Delhi,Chennai,75.4,243,7.35,727.43,0.0,273.55,1415.83,2416.81,2603.98,COD,Completed,4.3,Inspection,Delhi,Kia Seltos,Diesel,3
T02605,2025-09-24,V086,Sedan,D074,Driver_074,4.6,R061,Kochi,Bengaluru,19.6,53,1.19,124.95,0.0,36.91,206.47,368.33,522.48,UPI,Completed,3.5,Service,Kochi,Honda City,Petrol,3
T02606,2025-01-06,V028,SUV,D008,Driver_008,3.4,R032,Pune,Delhi,17.9,64,1.47,160.8,0.0,70.49,323.02,554.31,809.04,Net Banking,Completed,4.9,Service,Pune,Kia Seltos,Diesel,8
T02607,2025-07-22,V045,Sedan,D007,Driver_007,3.1,R001,Mumbai,Bengaluru,34.1,67,2.64,253.43,0.0,66.94,330.78,651.15,1216.73,UPI,Completed,4.2,None,Mumbai,Honda City,Petrol,3
T02608,2025-03-06,V019,Sedan,D043,Driver_043,3.8,R079,Mumbai,Pune,69.2,198,4.34,448.46,0.0,126.49,738.62,1313.57,1648.54,Cash,Completed,4.6,Service,Mumbai,Hyundai Verna,Petrol,1
T02609,2025-09-13,V037,Van,D077,Driver_077,3.8,R041,Bengaluru,Chennai,26.7,105,2.73,292.52,1586.16,49.11,511.78,2439.57,293.97,Net Banking,Cancelled,5.0,None,Bengaluru,Force Traveller,Diesel,3
T02610,2025-01-06,V012,SUV,D042,Driver_042,3.6,R066,Mumbai,Delhi,23.9,48,1.83,173.91,0.0,55.84,270.51,500.26,1067.19,Card,Completed,4.3,None,Mumbai,Hyundai Creta,Diesel,9
T02611,2025-04-07,V026,Van,D093,Driver_093,3.9,R033,Kochi,Bengaluru,19.6,55,1.93,194.4,0.0,83.29,195.9,473.59,1193.75,Card,Completed,3.9,None,Kochi,Force Traveller,Diesel,5
T02612,2025-12-04,V051,SUV,D039,Driver_039,4.7,R044,Mumbai,Delhi,23.8,62,1.93,187.42,4062.67,99.94,310.19,4660.22,1262.68,Cash,Completed,,None,Mumbai,Toyota Innova,Diesel,4
T02613,2025-08-13,V006,Truck,D012,Driver_012,4.7,R051,Mumbai,Chennai,15.4,29,2.11,224.01,9644.47,33.91,163.26,10065.65,1033.05,COD,Completed,3.2,Repair,Mumbai,Ashok Leyland Dost,Diesel,11
T02614,2025-02-18,V047,Sedan,D143,Driver_143,4.4,R072,Pune,Visakhapatnam,17.5,56,1.14,115.23,8337.25,37.22,263.68,8753.38,575.98,upi,Completed,3.8,Inspection,Pune,Honda City,Petrol,2
T02615,2025-02-01,V008,Sedan,D117,Driver_117,3.7,R009,Chennai,Bengaluru,51.1,137,3.19,310.68,0.0,114.37,727.67,1152.72,1386.98,Cash,Completed,3.3,None,Chennai,Maruti Dzire,Petrol,12
T02616,2025-09-22,V068,Truck,D076,Driver_076,4.3,R055,Hyderabad,Visakhapatnam,29.5,100,3.93,389.72,0.0,108.12,390.18,888.02,1467.54,Cash,Completed,5.0,Service,Hyderabad,BharatBenz 1015,Diesel,3
T02617,2025-05-09,V027,Sedan,D090,Driver_090,3.5,R071,Pune,Hyderabad,17.1,69,1.03,104.55,3270.57,24.29,218.39,3617.8,811.57,COD,Completed,3.6,None,Pune,Honda City,Petrol,11
T02618,2025-07-25,V055,Truck,D034,Driver_034,3.4,R038,Bengaluru,Kochi,34.1,64,4.53,451.98,0.0,92.71,192.35,737.04,1536.25,UPI,completed,3.4,None,Bengaluru,Ashok Leyland Dost,Diesel,5
T02619,2025-10-28,V018,Sedan,D065,Driver_065,3.8,R072,Mumbai,Pune,43.9,157,2.78,302.97,0.0,131.98,735.98,1170.93,1424.89,Net Banking,Completed,4.1,None,Mumbai,Honda City,Petrol,12
T02620,2025-12-29,V029,Sedan,D132,Driver_132,4.1,R043,Visakhapatnam,Delhi,30.9,111,2.04,195.67,0.0,63.92,527.53,787.12,827.36,Card,Completed,3.8,None,Visakhapatnam,Hyundai Verna,Petrol,7
T02621,2025-07-08,V001,SUV,D068,Driver_068,4.0,R028,Kochi,Delhi,52.1,112,4.29,442.39,0.0,72.32,389.06,903.77,2005.15,Card,Completed,3.9,None,Kochi,Toyota Innova,Diesel,2
T02622,2025-03-30,V090,Van,D030,Driver_030,4.8,R039,Kochi,Delhi,77.7,248,8.55,846.09,6073.14,213.48,795.05,7927.76,3247.38,COD,Completed,3.9,Repair,Kochi,Force Traveller,Diesel,5
T02623,2025-09-26,V097,Sedan,D129,Driver_129,5.0,R069,Kochi,,52.8,136,4.04,400.57,0.0,150.23,432.07,982.87,1531.13,,Completed,4.3,None,Kochi,Honda City,Petrol,7
T02624,2025-12-28,V065,Truck,D067,Driver_067,4.4,R019,Delhi,Bengaluru,15.8,70,2.32,229.99,9461.71,51.83,356.04,10099.57,149.64,COD,Cancelled,4.1,None,Delhi,BharatBenz 1015,Diesel,1
T02625,2025-09-01,V052,SUV,D117,Driver_117,4.6,R015,Mumbai,Pune,88.4,247,7.58,802.64,0.0,200.05,1236.41,2239.1,3051.73,COD,Completed,3.6,Repair,Mumbai,Toyota Innova,Diesel,9
T02626,2025-06-18,V057,Truck,D033,Driver_033,3.6,R002,Mumbai,Kochi,108.8,343,17.8,1730.8,0.0,344.72,1603.33,3678.85,4948.27,UPI,Completed,4.2,None,Mumbai,BharatBenz 1015,Diesel,11
T02627,2025-07-06,V029,Sedan,D054,Driver_054,4.1,R068,Bengaluru,Delhi,102.0,313,6.26,650.74,1108.05,160.7,1483.99,3403.48,2635.19,Net Banking,Completed,4.5,,Bengaluru,Hyundai Verna,Petrol,12
T02628,2025-03-30,V047,Sedan,D104,Driver_104,3.7,R073,Kochi,Mumbai,56.2,166,3.88,425.59,2682.21,175.94,670.41,3954.15,1506.76,Cash,Completed,4.6,Service,Kochi,Hyundai Verna,Petrol,10
T02629,2025-03-01,V015,Sedan,D142,Driver_142,4.6,R001,Bengaluru,Visakhapatnam,78.4,217,5.28,524.62,931.81,285.04,1041.95,2783.42,386.5,Cash,Cancelled,4.3,Repair,Bengaluru,Maruti Dzire,Petrol,7
T02630,2025-05-23,V084,Van,D013,Driver_013,4.8,R030,Pune,Hyderabad,40.8,93,4.01,436.02,9308.91,97.36,354.21,10196.5,1816.02,Cash,Completed,3.8,None,Pune,Force Traveller,Diesel,7
T02631,2025-07-22,V047,SUV,D018,Driver_018,4.2,R054,Visakhapatnam,Mumbai,11.0,29,0.87,84.95,0.0,20.45,150.0,255.4,762.73,,Completed,4.1,Repair,Visakhapatnam,Toyota Innova,Diesel,2
T02632,2025-06-29,V005,SUV,D109,Driver_109,4.1,R021,Pune,Kochi,64.1,135,5.46,567.59,0.0,111.24,601.27,1280.1,2360.08,UPI,Completed,4.0,Repair,Pune,Toyota Innova,Diesel,10
T02633,2025-09-10,V031,SUV,D039,Driver_039,4.1,R050,Delhi,Mumbai,55.9,185,4.7,450.83,0.0,165.39,901.08,1517.3,104.74,Net Banking,Cancelled,4.3,Service,Delhi,Kia Seltos,Diesel,7
T02634,2025-10-04,V005,SUV,D139,Driver_139,4.3,R045,Pune,Mumbai,72.4,232,6.67,636.0,0.0,323.21,920.19,1879.4,2537.17,UPI,Completed,4.5,None,Pune,Kia Seltos,Diesel,12
T02635,2025-02-15,V099,Sedan,D146,Driver_146,,R064,Bengaluru,Mumbai,27.4,71,1.66,171.0,0.0,100.62,232.6,504.22,746.49,UPI,Completed,3.6,Inspection,Bengaluru,Maruti Dzire,Petrol,2
T02636,2025-09-12,V100,Van,D131,Driver_131,4.1,R005,Hyderabad,Pune,76.9,191,8.0,844.74,8731.32,229.04,976.03,10781.13,2822.81,Cash,Completed,,None,Hyderabad,Tata Winger,Diesel,12
T02637,2025-09-01,V044,Sedan,D024,Driver_024,4.2,R055,Kochi,Hyderabad,55.0,166,4.43,468.85,0.0,205.61,927.85,1602.31,437.91,UPI,Cancelled,5.0,None,Kochi,Hyundai Verna,Petrol,3
T02638,2025-04-04,V079,Sedan,D134,Driver_134,4.5,R037,Chennai,Kochi,11.1,25,0.79,81.54,0.0,36.08,150.0,267.62,635.42,Net Banking,Completed,4.5,Repair,Chennai,Hyundai Verna,Petrol,11
T02639,2025-02-03,V031,Van,D055,Driver_055,4.7,R064,Chennai,Bengaluru,62.0,127,7.26,718.37,0.0,185.43,643.97,1547.77,2537.05,Cash,Completed,3.7,None,Chennai,Force Traveller,Diesel,7
T02640,2025-09-18,V024,Truck,D094,Driver_094,4.1,R004,Mumbai,Chennai,18.6,41,2.7,267.98,0.0,62.67,198.49,529.14,131.26,Cash,Cancelled,3.1,None,Mumbai,Tata 407,Diesel,1
T02641,2025-08-06,V012,Van,D049,Driver_049,4.1,R061,Chennai,Delhi,,229,6.7,669.2,0.0,304.1,754.14,1727.44,2644.67,,Completed,3.4,Inspection,Chennai,Maruti Eeco,Diesel,7
T02642,2025-08-21,V026,Sedan,D032,Driver_032,2.8,R061,Delhi,Visakhapatnam,54.5,171,3.4,349.61,0.0,180.67,753.18,1283.46,339.72,Net Banking,Cancelled,3.4,None,Delhi,Hyundai Verna,Petrol,7
T02643,2025-06-14,V001,Sedan,D009,Driver_009,3.8,R041,Hyderabad,Chennai,41.7,78,2.54,263.75,2186.15,57.83,428.89,2936.62,1465.34,Card,Completed,3.8,None,Hyderabad,Maruti Dzire,Petrol,1
T02644,2025-10-08,V076,Truck,D124,Driver_124,3.7,R057,Mumbai,Delhi,76.7,162,11.22,1107.47,0.0,298.06,782.58,2188.11,924.22,UPI,Cancelled,4.7,None,Mumbai,Tata 407,Diesel,1
T02645,2025-04-23,V050,Sedan,D088,Driver_088,4.5,R061,Bengaluru,Visakhapatnam,54.0,136,4.33,466.74,0.0,234.26,742.25,1443.25,1308.2,UPI,Completed,4.1,None,Bengaluru,Honda City,Petrol,5
T02646,2025-12-05,V034,Sedan,D042,Driver_042,3.5,R063,Pune,Bengaluru,53.2,184,3.99,420.14,0.0,80.01,818.72,1318.87,1718.69,Net Banking,Completed,4.0,None,Pune,Honda City,Petrol,4
T02647,2025-01-23,V060,Truck,D116,Driver_116,4.0,R067,Visakhapatnam,Chennai,13.7,42,2.19,222.23,0.0,33.6,186.92,442.75,953.47,COD,Completed,3.9,,Visakhapatnam,Ashok Leyland Dost,Diesel,1
T02648,2025-04-25,V048,Sedan,D052,Driver_052,4.0,R054,Hyderabad,Visakhapatnam,31.2,74,2.4,233.71,0.0,104.66,383.92,722.29,1103.25,Net Banking,Completed,4.3,,Hyderabad,Maruti Dzire,Petrol,9
T02649,2025-01-28,V048,SUV,D147,Driver_147,4.2,R067,Delhi,Kochi,47.5,100,3.74,373.83,0.0,168.63,322.01,864.47,1614.28,Card,Completed,3.9,Service,Delhi,Kia Seltos,Diesel,1
T02650,2025-12-03,V022,Sedan,D109,Driver_109,3.9,R064,Chennai,Bengaluru,74.9,176,4.74,497.26,0.0,203.2,801.29,1501.75,2036.95,UPI,Completed,2.7,None,Chennai,Hyundai Verna,Petrol,9
T02651,2025-05-23,V035,SUV,D060,Driver_060,4.6,R024,Mumbai,Visakhapatnam,95.7,282,7.99,789.27,0.0,208.05,1223.04,2220.36,2989.52,UPI,Completed,4.0,None,Mumbai,Toyota Innova,Diesel,8
T02652,2025-12-21,V024,Sedan,D040,Driver_040,5.0,R079,Kochi,Mumbai,33.1,96,2.41,242.65,8767.84,81.17,457.65,9549.31,820.55,Cash,Completed,3.4,None,Kochi,Honda City,Petrol,7
T02653,2025-01-16,V055,Van,D136,Driver_136,4.5,R073,Kochi,Visakhapatnam,68.9,112,7.38,767.56,0.0,247.97,487.86,1503.39,2566.32,COD,Completed,3.8,Inspection,Kochi,Maruti Eeco,Diesel,10
T02654,2025-12-08,V061,SUV,D094,Driver_094,3.0,R012,Mumbai,Bengaluru,13.1,45,1.1,104.99,0.0,24.82,236.45,366.26,873.93,Cash,Completed,4.4,Inspection,Mumbai,Hyundai Creta,Diesel,8
T02655,2025-01-21,V083,SUV,D142,Driver_142,3.7,R052,Delhi,Chennai,69.0,212,6.24,660.14,6668.53,103.34,809.35,8241.36,2431.29,COD,Completed,4.4,Repair,Delhi,Hyundai Creta,Diesel,10
T02656,2025-12-01,V042,Sedan,D130,Driver_130,3.2,R011,Delhi,Chennai,40.9,88,2.92,316.25,0.0,130.13,458.25,904.63,269.57,Card,Cancelled,3.4,Service,Delhi,Hyundai Verna,Petrol,12
T02657,2025-04-23,V092,Van,D048,Driver_048,4.0,R038,Kochi,Delhi,21.2,81,2.11,226.27,0.0,59.0,428.06,713.33,1280.62,UPI,Completed,3.6,Inspection,Kochi,Force Traveller,Diesel,7
T02658,2025-06-05,V091,Sedan,D069,Driver_069,4.8,R011,Visakhapatnam,Chennai,56.7,123,4.1,418.42,1359.46,81.6,577.59,2437.07,1386.45,Cash,Completed,3.6,None,Visakhapatnam,Maruti Dzire,Petrol,6
T02659,2025-10-15,V056,Truck,D130,Driver_130,4.4,R003,Chennai,Hyderabad,80.8,244,11.58,1187.9,7917.85,249.74,1107.06,10462.55,636.81,Net Banking,Cancelled,3.6,None,Chennai,Ashok Leyland Dost,Diesel,2
T02660,2025-12-21,V098,Sedan,D108,Driver_108,4.1,R079,Visakhapatnam,Bengaluru,66.6,179,5.26,548.68,0.0,290.37,592.59,1431.64,1723.29,Cash,Completed,5.0,Inspection,Visakhapatnam,Maruti Dzire,Petrol,10
T02661,2025-11-04,V037,Truck,D014,Driver_014,4.0,R052,Hyderabad,Pune,34.8,111,4.69,514.57,0.0,154.72,559.73,1229.02,230.96,COD,Cancelled,4.1,None,Hyderabad,Tata 407,Diesel,4
T02662,2025-05-05,V044,Sedan,D148,Driver_148,3.6,R053,Visakhapatnam,Bengaluru,40.3,93,3.23,316.67,0.0,69.99,336.06,722.72,972.93,Net Banking,Completed,3.2,None,Visakhapatnam,Hyundai Verna,Petrol,5
T02663,2025-12-03,V083,Van,D150,Driver_150,4.1,R004,Mumbai,Pune,33.7,91,3.06,332.9,6200.31,71.4,415.2,7019.81,1345.27,Card,Completed,4.0,None,Mumbai,Maruti Eeco,Diesel,12
T02664,2025-02-26,V029,SUV,D038,Driver_038,4.3,R061,Kochi,Hyderabad,17.2,60,,140.98,0.0,67.74,344.9,553.62,60.88,Net Banking,Cancelled,4.1,None,Kochi,Hyundai Creta,Diesel,11
T02665,2025-07-11,V027,SUV,D130,Driver_130,4.0,R054,Kochi,,97.1,299,7.26,753.18,0.0,285.27,1118.5,2156.95,542.49,Card,Cancelled,4.9,None,Kochi,Toyota Innova,Diesel,12
T02666,2025-02-28,V005,SUV,D105,Driver_105,3.8,R025,Chennai,Mumbai,12.6,40,1.16,127.06,0.0,29.05,198.76,354.87,593.69,Card,Completed,4.1,None,Chennai,Hyundai Creta,Diesel,5
T02667,2025-07-31,V030,Van,D112,Driver_112,3.9,R065,Chennai,Kochi,30.3,99,2.98,295.59,5684.1,100.82,376.58,6457.09,1472.67,Cash,Completed,3.4,None,Chennai,Force Traveller,Diesel,2
T02668,2025-06-29,V044,Sedan,D066,Driver_066,2.6,R053,Mumbai,Kochi,,72,1.27,139.16,0.0,56.9,217.96,414.02,545.34,COD,Completed,3.7,Repair,Mumbai,Hyundai Verna,Petrol,1
T02669,2025-08-09,V027,Sedan,D019,Driver_019,5.0,R041,Delhi,Kochi,76.6,143,5.39,575.26,0.0,318.98,432.08,1326.32,1801.79,Card,Completed,4.7,Service,Delhi,Maruti Dzire,Petrol,12
T02670,2025-07-17,V077,Sedan,D109,Driver_109,3.3,R053,Mumbai,Pune,124.6,246,8.09,799.84,0.0,496.86,1168.45,2465.15,3053.95,UPI,Completed,4.8,Inspection,Mumbai,Maruti Dzire,Petrol,5
T02671,2025-01-27,V009,SUV,D116,Driver_116,3.4,R031,Chennai,Bengaluru,28.5,77,2.35,241.24,0.0,39.59,280.77,561.6,241.27,Cash,Cancelled,4.5,None,Chennai,Toyota Innova,Diesel,2
T02672,2025-11-19,V079,SUV,D132,Driver_132,3.6,R038,Pune,Chennai,,116,4.28,458.43,0.0,159.36,379.46,997.25,1992.08,Card,Completed,4.5,None,Pune,Kia Seltos,Diesel,11
T02673,2025-02-09,V079,Van,D139,Driver_139,3.3,R019,Delhi,Mumbai,26.5,62,2.49,265.82,0.0,48.02,255.58,569.42,1122.51,UPI,Completed,3.7,Service,Delhi,Force Traveller,Diesel,3
T02674,2025-04-12,V056,Van,D093,Driver_093,3.6,R053,Visakhapatnam,Kochi,15.2,62,1.37,132.02,0.0,27.7,271.0,430.72,865.76,Card,Completed,4.6,None,Visakhapatnam,Force Traveller,Diesel,10
T02675,2025-10-08,V061,Sedan,D146,Driver_146,4.1,R047,Bengaluru,Delhi,36.5,101,2.85,286.95,0.0,63.59,350.29,700.83,1325.92,UPI,Completed,3.6,None,Bengaluru,Maruti Dzire,Petrol,12
T02676,2025-04-27,V078,SUV,D009,Driver_009,2.9,R062,Hyderabad,Chennai,145.5,456,12.39,1211.73,0.0,363.66,2615.36,4190.75,4561.36,COD,Completed,3.7,Service,Hyderabad,Hyundai Creta,Diesel,9
T02677,2025-09-17,V039,Van,D118,Driver_118,4.0,R018,Hyderabad,Bengaluru,31.1,76,3.02,303.29,9736.4,133.81,291.82,10465.32,1606.92,Card,Completed,3.8,None,Hyderabad,Force Traveller,Diesel,4
T02678,2025-07-23,V042,Sedan,D002,Driver_002,3.8,R050,Chennai,Bengaluru,102.0,318,6.32,689.28,0.0,445.95,1427.48,2562.71,2707.47,Cash,Completed,4.6,None,Chennai,Maruti Dzire,Petrol,4
T02679,2025-03-31,V094,Sedan,D020,Driver_020,4.7,R029,Bengaluru,Kochi,67.3,193,4.53,437.05,0.0,131.13,727.49,1295.67,489.73,UPI,Cancelled,3.6,Inspection,Bengaluru,Honda City,Petrol,3
T02680,2025-05-25,V079,Sedan,D097,Driver_097,4.8,R031,Mumbai,Pune,22.2,51,1.44,152.87,8966.0,59.15,184.77,9362.79,808.59,Card,Completed,4.3,None,Mumbai,Honda City,Petrol,1
T02681,2025-02-26,V031,Truck,D145,Driver_145,4.0,R008,Bengaluru,Mumbai,58.0,190,8.64,875.78,0.0,221.07,845.18,1942.03,818.82,Cash,Cancelled,4.2,None,Bengaluru,Tata 407,Diesel,12
T02682,2025-02-21,V061,SUV,D019,Driver_019,3.5,R043,Bengaluru,Delhi,48.8,142,4.57,445.02,0.0,116.54,497.81,1059.37,240.06,Cash,Cancelled,3.9,None,Bengaluru,Hyundai Creta,Diesel,10
T02683,2025-01-26,V002,SUV,D112,Driver_112,3.7,R060,Mumbai,Kochi,35.9,74,2.83,287.72,9398.43,113.21,367.62,10166.98,1366.07,Card,Completed,3.8,Inspection,Mumbai,Toyota Innova,Diesel,3
T02684,2025-03-26,V046,Truck,D118,Driver_118,4.0,R055,Pune,Bengaluru,43.6,70,7.41,767.67,0.0,66.49,382.9,1217.06,2007.81,UPI,Completed,4.6,None,Pune,Ashok Leyland Dost,Diesel,4
T02685,2025-11-24,V084,Truck,D025,Driver_025,4.2,R016,Chennai,Kochi,23.1,99,3.19,342.76,0.0,55.3,508.13,906.19,152.81,,Cancelled,5.0,None,Chennai,Tata 407,Diesel,12
T02686,2025-02-07,V077,Van,D137,Driver_137,4.9,R030,Pune,Hyderabad,68.4,213,6.29,624.55,0.0,279.76,757.35,1661.66,2570.27,Net Banking,Completed,2.9,Service,Pune,Maruti Eeco,Diesel,8
T02687,2025-08-11,V099,Sedan,D113,Driver_113,3.5,R012,Delhi,Visakhapatnam,33.9,110,2.7,281.09,0.0,55.41,469.35,805.85,937.02,Card,Completed,3.7,None,Delhi,Maruti Dzire,Petrol,8
T02688,2025-03-03,V066,SUV,D013,Driver_013,3.9,R078,Bengaluru,Pune,46.2,99,4.4,462.38,0.0,63.93,534.46,1060.77,1515.12,Cash,Completed,5.0,None,Bengaluru,Kia Seltos,Diesel,5
T02689,2025-03-12,V015,Truck,D019,Driver_019,4.1,R033,Hyderabad,Delhi,18.9,61,3.08,332.79,0.0,44.72,264.21,641.72,1236.76,Net Banking,Completed,3.8,Service,Hyderabad,BharatBenz 1015,Diesel,7
T02690,2025-03-09,V038,SUV,D124,Driver_124,4.4,R079,Kochi,Hyderabad,27.9,88,2.29,236.69,0.0,49.53,450.15,736.37,1071.16,Card,Completed,3.1,Inspection,Kochi,Hyundai Creta,Diesel,7
T02691,2025-11-06,V092,Sedan,D143,Driver_143,4.3,R066,Visakhapatnam,Chennai,28.5,73,2.01,199.81,0.0,51.09,226.16,477.06,916.84,UPI,Completed,4.1,None,Visakhapatnam,Honda City,Petrol,9
T02692,2025-08-20,V058,SUV ,D087,Driver_087,4.0,R074,Visakhapatnam,Delhi,21.2,79,1.36,137.93,0.0,37.34,325.22,500.49,576.2,COD,Completed,5.0,Repair,Visakhapatnam,Maruti Dzire,Petrol,3
T02693,2025-01-28,V040,Sedan,D086,Driver_086,3.8,R046,Kochi,Visakhapatnam,47.6,108,3.05,334.55,0.0,121.08,442.54,898.17,155.14,Net Banking,Cancelled,3.6,Inspection,Kochi,Hyundai Verna,Petrol,10
T02694,2025-06-25,V032,SUV,D109,Driver_109,4.3,R059,Chennai,Hyderabad,12.7,52,0.99,108.52,7251.31,46.25,200.01,7606.09,651.23,Net Banking,Completed,3.8,Repair,Chennai,Kia Seltos,Diesel,12
T02695,2025-10-07,V100,Sedan,D064,Driver_064,4.3,R021,Pune,Visakhapatnam,23.2,60,1.56,170.77,0.0,60.16,246.79,477.72,180.9,Cash,Cancelled,4.0,Inspection,Pune,Hyundai Verna,Petrol,12
T02696,2025-12-13,V066,Van,D093,Driver_093,3.9,R039,Chennai,Visakhapatnam,72.8,228,7.49,783.36,0.0,182.51,881.69,1847.56,3081.53,Cash,Completed,4.6,None,Chennai,Tata Winger,Diesel,12
T02697,2025-12-24,V006,Sedan,D062,Driver_062,3.3,R001,Kochi,Pune,13.5,37,1.07,111.38,2779.01,22.6,150.0,3062.99,760.17,Net Banking,Completed,3.9,Repair,Kochi,Maruti Dzire,Petrol,12
T02698,2025-07-04,V090,Sedan,D137,Driver_137,3.3,R016,Chennai,Kochi,81.7,245,5.86,593.35,0.0,177.22,1030.54,1801.11,1999.1,Cash,Completed,4.2,None,Chennai,Honda City,Petrol,12
T02699,2025-06-10,V034,Sedan,D025,Driver_025,4.1,R040,Pune,Chennai,84.5,146,5.07,483.97,0.0,343.34,759.59,1586.9,495.41,Net Banking,Cancelled,4.1,None,Pune,Maruti Dzire,Petrol,4
T02700,2025-02-14,V025,Truck,D053,Driver_053,4.7,R037,Mumbai,Bengaluru,37.3,94,5.17,522.9,0.0,66.9,374.28,964.08,1670.95,Cash,Completed,5.0,Repair,Mumbai,Ashok Leyland Dost,Diesel,11
T02701,2025-12-26,V038,Truck,D025,Driver_025,3.3,R008,Kochi,Hyderabad,45.1,90,5.9,643.91,0.0,160.96,436.61,1241.48,2306.54,Cash,Completed,3.5,None,Kochi,Tata 407,Diesel,2
T02702,2025-06-14,V087,SUV,D105,Driver_105,3.9,R021,Mumbai,Delhi,54.1,109,4.1,404.64,9911.84,153.46,579.25,11049.19,2103.39,Cash,Completed,5.0,None,Mumbai,Kia Seltos,Diesel,5
T02703,2025-02-25,V041,Sedan,D140,Driver_140,3.7,R044,Mumbai,Visakhapatnam,44.6,127,2.67,254.8,5779.4,144.67,391.51,6570.38,1510.15,UPI,Completed,4.5,None,Mumbai,Maruti Dzire,Petrol,12
T02704,2025-04-12,V095,Van,D007,Driver_007,4.9,R056,Kochi,Hyderabad,22.7,47,2.06,203.83,0.0,34.24,206.6,444.67,1337.41,Cash,Completed,4.3,None,Kochi,Tata Winger,Diesel,11
T02705,2025-04-09,V028,SUV,D042,Driver_042,4.8,R024,Bengaluru,Visakhapatnam,23.8,71,2.08,217.72,0.0,67.42,258.6,543.74,825.23,UPI,Completed,3.2,Inspection,Bengaluru,Kia Seltos,Diesel,4
T02706,2025-02-08,V095,Van,D117,Driver_117,4.6,R040,Kochi,Bengaluru,54.1,106,,574.69,0.0,158.77,464.02,1197.48,337.78,Cash,Cancelled,5.0,None,Kochi,Maruti Eeco,Diesel,6
T02707,2025-03-19,V032,Van,D131,Driver_131,5.0,R063,Kochi,Hyderabad,27.7,102,2.59,277.04,715.67,67.96,459.98,1520.65,179.84,UPI,Cancelled,3.9,None,Kochi,Force Traveller,Diesel,4
T02708,2025-07-07,V032,SUV,D031,Driver_031,4.0,R051,Kochi,Bengaluru,19.1,46,1.58,158.97,0.0,52.07,203.78,414.82,888.72,UPI,Completed,5.0,None,Kochi,Kia Seltos,Diesel,2
T02709,2025-11-26,V019,SUV,D103,Driver_103,3.8,R049,Mumbai,Visakhapatnam,44.2,133,4.41,424.6,0.0,189.45,740.38,1354.43,1655.82,Net Banking,Completed,4.9,Inspection,Mumbai,Toyota Innova,Diesel,9
T02710,2025-05-08,V013,Sedan,D119,Driver_119,4.2,R028,Mumbai,Bengaluru,14.9,46,0.99,95.32,0.0,29.18,157.77,282.27,150.03,UPI,Cancelled,4.5,None,Mumbai,Hyundai Verna,Petrol,2
T02711,2025-07-22,V070,Van,D071,Driver_071,4.1,R031,Hyderabad,Mumbai,71.0,185,8.2,898.6,0.0,183.99,831.37,1913.96,2826.08,Card,Completed,3.8,None,Hyderabad,Maruti Eeco,Diesel,6
T02712,2025-10-03,V027,Sedan,D048,Driver_048,4.7,R037,Mumbai,Visakhapatnam,43.1,80,2.59,256.31,0.0,119.32,309.43,685.06,1337.05,UPI,Completed,3.4,Repair,Mumbai,Honda City,Petrol,8
T02713,2025-11-08,V037,Sedan,D027,Driver_027,4.2,R003,Delhi,Chennai,54.0,76,3.73,361.92,0.0,84.2,379.88,826.0,147.7,Net Banking,Cancelled,5.0,None,Delhi,Maruti Dzire,Petrol,6
T02714,2025-07-17,V079,Sedan,D023,Driver_023,4.1,R057,Pune,Chennai,24.6,81,1.51,160.32,3123.89,57.83,464.66,3806.7,802.33,Net Banking,Completed,4.0,Repair,Pune,Maruti Dzire,Petrol,1
T02715,2025-01-16,V039,SUV,D116,Driver_116,3.5,R059,Delhi,Hyderabad,32.0,68,2.92,288.66,0.0,44.44,284.59,617.69,1207.26,Net Banking,Completed,2.6,Inspection,Delhi,Kia Seltos,Diesel,5
T02716,2025-08-29,V060,Sedan,D076,Driver_076,3.8,R028,Pune,Hyderabad,94.3,305,6.08,604.25,0.0,341.45,1559.54,2505.24,2188.22,UPI,Completed,4.0,None,Pune,Hyundai Verna,Petrol,7
T02717,2025-06-20,V086,Sedan,D019,Driver_019,3.1,R066,Hyderabad,Kochi,112.7,363,6.87,741.59,0.0,331.24,1518.96,2591.79,2987.1,UPI,Completed,4.0,None,Hyderabad,Honda City,Petrol,7
T02718,2025-03-15,V016,Van,D114,Driver_114,4.3,R078,Pune,Bengaluru,24.8,76,2.77,266.51,0.0,95.01,351.25,712.77,1348.01,Net Banking,Completed,3.4,Inspection,Pune,Maruti Eeco,Diesel,3
T02719,2025-01-24,V016,SUV,D137,Driver_137,4.2,R068,Hyderabad,Kochi,50.1,102,4.53,454.12,0.0,215.2,336.99,1006.31,1629.63,Cash,Completed,4.2,None,Hyderabad,Toyota Innova,Diesel,7
T02720,2025-09-04,V032,SUV,D122,Driver_122,4.0,R029,Kochi,Hyderabad,54.1,154,5.26,553.58,1279.09,147.58,829.69,2809.94,1884.38,UPI,Completed,3.7,None,Kochi,Kia Seltos,Diesel,12
T02721,2025-10-22,V036,Sedan,D131,Driver_131,,R044,Visakhapatnam,Pune,40.4,60,3.17,340.94,2704.69,119.24,187.48,3352.35,1228.96,Net Banking,Completed,4.4,Inspection,Visakhapatnam,Maruti Dzire,Petrol,1
T02722,2025-05-29,V017,Truck,D088,Driver_088,4.1,R013,Pune,Visakhapatnam,92.6,140,15.71,1610.75,0.0,131.23,658.36,2400.34,4247.76,Cash,Completed,4.0,Repair,Pune,Tata 407,Diesel,2
T02723,2025-07-30,V029,SUV,D097,Driver_097,4.5,R048,Kochi,Bengaluru,28.0,64,2.45,264.8,0.0,85.94,365.42,716.16,1213.16,Cash,Completed,3.9,None,Kochi,Kia Seltos,Diesel,7
T02724,2025-09-02,V023,Sedan,D134,Driver_134,4.8,R002,Mumbai,Bengaluru,42.4,69,3.33,341.86,0.0,171.31,240.7,753.87,1347.57,Cash,Completed,3.3,None,Mumbai,Hyundai Verna,Petrol,11
T02725,2025-03-26,V001,SUV,D138,Driver_138,3.2,R024,Pune,Delhi,10.9,46,0.94,91.79,0.0,50.12,203.86,345.77,831.11,Net Banking,Completed,,None,Pune,Kia Seltos,Diesel,6
T02726,2025-10-17,V093,Van,D069,Driver_069,4.0,R001,Bengaluru,Delhi,43.7,121,4.78,456.69,0.0,127.35,489.72,1073.76,115.88,Net Banking,Cancelled,3.6,Repair,Bengaluru,Maruti Eeco,Diesel,5
T02727,2025-03-29,V041,Sedan,D049,Driver_049,3.0,R004,Hyderabad,Mumbai,11.4,33,0.72,74.95,9444.51,17.4,150.0,9686.86,369.3,Cash,Completed,3.3,None,Hyderabad,Maruti Dzire,Petrol,3
T02728,2025-09-21,V052,Sedan,D068,Driver_068,5.0,R031,Delhi,Mumbai,40.0,113,2.72,262.77,0.0,153.08,613.3,1029.15,1027.83,COD,Completed,3.5,Repair,Delhi,Hyundai Verna,Petrol,3
T02729,2025-09-03,V034,SUV,D006,Driver_006,4.0,R036,Chennai,Bengaluru,77.5,228,7.21,765.92,3797.77,136.58,776.19,5476.46,2556.46,Card,Completed,3.6,Inspection,Chennai,Hyundai Creta,Diesel,1
T02730,2025-04-07,V062,SUV,D140,Driver_140,,R068,Delhi,Pune,45.2,84,3.53,376.04,0.0,185.42,432.22,993.68,1851.32,Net Banking,Completed,4.7,None,Delhi,Kia Seltos,Diesel,8
T02731,2025-12-30,V070,Sedan,D006,Driver_006,4.8,R057,Visakhapatnam,Pune,20.3,43,1.64,176.66,1153.22,44.72,183.42,1558.02,713.34,Card,Completed,3.5,None,Visakhapatnam,Honda City,Petrol,1
T02732,2025-12-22,V100,Van,D024,Driver_024,2.9,R024,Kochi,Chennai,38.6,105,4.02,429.58,0.0,89.4,457.96,976.94,439.69,Cash,Cancelled,4.2,None,Kochi,Maruti Eeco,Diesel,10
T02733,2025-10-01,V017,Van,D028,Driver_028,3.2,R057,Visakhapatnam,Delhi,125.0,363,15.11,1606.02,0.0,502.39,2057.34,4165.75,4690.86,COD,Completed,3.6,None,Visakhapatnam,Force Traveller,Diesel,3
T02734,2025-09-02,V064,Sedan,D027,Driver_027,3.4,R011,Bengaluru,Delhi,15.7,35,0.97,104.06,0.0,60.57,150.0,314.63,508.67,UPI,Completed,4.5,None,Bengaluru,Hyundai Verna,Petrol,5
T02735,2025-03-10,V044,Truck,D065,Driver_065,4.2,R020,Delhi,Hyderabad,70.2,200,10.29,1035.31,6863.89,114.23,690.93,8704.36,3049.11,Net Banking,Completed,4.9,Inspection,Delhi,Ashok Leyland Dost,Diesel,9
T02736,2025-11-04,V041,Sedan,D090,Driver_090,3.0,R039,Visakhapatnam,Kochi,72.9,112,5.82,560.42,0.0,237.53,645.16,1443.11,2079.47,Card,Completed,3.8,None,Visakhapatnam,Honda City,Petrol,3
T02737,2025-02-17,V055,Van,D051,Driver_051,4.8,R058,Pune,Kochi,50.0,150,5.44,588.16,0.0,95.83,665.56,1349.55,2265.97,Net Banking,Completed,3.8,Repair,Pune,Tata Winger,Diesel,11
T02738,2025-01-07,V085,Sedan,D139,Driver_139,4.3,R065,Chennai,Visakhapatnam,44.4,139,2.81,308.04,0.0,185.67,501.22,994.93,1314.12,Card,Completed,4.0,None,Chennai,Honda City,Petrol,9
T02739,2025-04-07,V069,Sedan,D058,Driver_058,3.4,R069,Mumbai,Chennai,54.2,119,3.26,329.2,0.0,203.15,562.71,1095.06,1641.34,Cash,Completed,3.4,Inspection,Mumbai,Maruti Dzire,Petrol,7
T02740,2025-03-22,V029,Van,D141,Driver_141,4.7,R058,Bengaluru,Mumbai,43.2,100,4.8,526.95,4596.88,170.82,559.28,5853.93,1786.85,Card,Completed,3.9,Repair,Bengaluru,Tata Winger,Diesel,11
T02741,2025-12-24,V070,Sedan,D092,Driver_092,3.9,R079,Pune,Visakhapatnam,71.3,94,5.77,581.56,5006.54,178.56,402.15,6168.81,1743.93,Net Banking,Completed,4.1,None,Pune,Honda City,Petrol,9
T02742,2025-07-07,V068,SUV,D122,Driver_122,3.6,R032,Kochi,Delhi,48.1,77,,408.6,0.0,154.22,292.42,855.24,1721.13,UPI,Completed,4.4,Service,Kochi,Kia Seltos,Diesel,11
T02743,2025-08-30,V024,Van,D037,Driver_037,4.5,R047,Visakhapatnam,Hyderabad,43.3,143,5.09,492.57,0.0,101.93,502.34,1096.84,2061.54,UPI,Completed,3.5,None,Visakhapatnam,Maruti Eeco,Diesel,8
T02744,2025-12-11,V021,Sedan,D131,Driver_131,4.3,R035,Bengaluru,Hyderabad,28.5,76,1.77,189.86,5312.36,81.79,430.46,6014.47,715.36,Card,Completed,4.6,Repair,Bengaluru,Honda City,Petrol,6
T02745,2025-06-19,V020,Sedan,D085,Driver_085,4.3,R044,Visakhapatnam,Mumbai,47.4,136,3.23,353.83,0.0,97.23,508.23,959.29,1270.12,Net Banking,Completed,4.5,None,Visakhapatnam,Maruti Dzire,Petrol,2
T02746,2025-07-20,V037,Truck,D148,Driver_148,4.6,R010,Chennai,Mumbai,20.3,77,3.26,337.31,801.18,51.89,328.81,1519.19,1196.46,COD,Completed,3.6,None,Chennai,Ashok Leyland Dost,Diesel,8
T02747,2025-02-06,V013,Truck,D113,Driver_113,5.0,R008,Bengaluru,Visakhapatnam,33.2,112,4.84,504.76,0.0,105.79,565.88,1176.43,1930.89,COD,Completed,3.8,Inspection,Bengaluru,Ashok Leyland Dost,Diesel,4
T02748,2025-05-17,V078,SUV,D002,Driver_002,3.7,R054,Chennai,Delhi,19.0,52,1.43,153.28,6365.6,67.4,283.62,6869.9,1090.89,UPI,Completed,3.7,Repair,Chennai,Kia Seltos,Diesel,1
T02749,2025-07-04,V044,Sedan,D057,Driver_057,4.9,R078,Kochi,,22.5,77,1.52,153.55,0.0,88.91,311.32,553.78,705.74,Card,Completed,3.9,Inspection,Kochi,Honda City,Petrol,8
T02750,2025-05-05,V088,SUV,D042,Driver_042,4.3,R012,Bengaluru,Chennai,13.5,42,1.02,103.56,0.0,41.73,171.17,316.46,28.53,Net Banking,Cancelled,3.0,Inspection,Bengaluru,Hyundai Creta,Diesel,2
T02751,2025-02-10,V035,Truck,D022,Driver_022,3.8,R002,Kochi,Chennai,10.1,36,1.33,144.43,0.0,40.32,199.94,384.69,813.3,UPI,Completed,4.0,Repair,Kochi,Tata 407,Diesel,9
T02752,2025-11-11,V097,Truck,D087,Driver_087,3.9,R073,Bengaluru,Kochi,42.5,139,6.88,755.15,0.0,70.38,435.02,1260.55,2191.86,COD,Completed,4.2,None,Bengaluru,Ashok Leyland Dost,Diesel,9
T02753,2025-07-24,V052,Sedan,D085,Driver_085,4.2,R065,Chennai,Kochi,91.9,168,6.58,664.43,,420.24,673.47,1758.14,2406.02,Net Banking,Completed,3.7,None,Chennai,Honda City,Petrol,7
T02754,2025-05-19,V099,SUV,D136,Driver_136,4.3,R021,Visakhapatnam,Bengaluru,63.0,168,5.21,546.13,2520.38,186.19,935.29,4187.99,2158.34,Net Banking,Completed,4.0,Repair,Visakhapatnam,Kia Seltos,Diesel,9
T02755,2025-07-18,V039,Sedan,D072,Driver_072,3.9,R038,Hyderabad,Kochi,12.9,29,0.77,73.57,0.0,28.05,152.02,253.64,831.29,Cash,Completed,3.5,None,Hyderabad,Honda City,Petrol,6
T02756,2025-09-19,V100,Sedan,D094,Driver_094,4.7,R068,Delhi,Bengaluru,89.5,295,5.39,558.93,7275.29,246.1,1179.91,9260.23,2487.14,UPI,Completed,3.8,Repair,Delhi,Hyundai Verna,Petrol,3
T02757,2025-08-24,V044,Van,D019,Driver_019,4.7,R064,Mumbai,Kochi,31.5,112,2.81,305.85,0.0,102.97,432.01,840.83,1408.74,Cash,Completed,3.4,Service,Mumbai,Maruti Eeco,Diesel,3
T02758,2025-04-28,V027,SUV,D107,Driver_107,2.9,R017,Visakhapatnam,Pune,71.8,124,6.41,673.88,0.0,97.77,704.66,1476.31,2679.2,Net Banking,Completed,3.9,None,Visakhapatnam,Hyundai Creta,Diesel,12
T02759,2025-02-05,V054,Truck,D008,Driver_008,5.0,R031,Hyderabad,Pune,32.9,93,4.27,419.89,3214.14,103.56,461.72,4199.31,1704.27,UPI,Completed,4.5,None,Hyderabad,Ashok Leyland Dost,Diesel,10
T02760,2025-08-15,V043,SUV,D141,Driver_141,4.0,R005,Pune,Hyderabad,54.4,168,5.25,530.42,0.0,122.81,647.93,1301.16,1758.66,COD,Completed,3.7,None,Pune,Hyundai Creta,Diesel,6
T02761,2025-05-19,V034,SUV,D094,Driver_094,4.4,R059,Chennai,Hyderabad,32.7,104,2.77,295.66,1324.31,55.47,403.18,2078.62,1241.38,COD,Completed,3.4,Repair,Chennai,Kia Seltos,Diesel,6
T02762,2025-09-02,V078,SUV,D016,Driver_016,4.8,R017,Kochi,Mumbai,38.1,117,3.55,362.53,9547.17,69.81,420.64,10400.15,1631.63,Card,Completed,4.6,,Kochi,Toyota Innova,Diesel,3
T02763,2025-05-31,V042,SUV,D007,Driver_007,4.8,R065,Delhi,Pune,45.1,142,3.75,400.6,0.0,106.88,808.83,1316.31,1612.02,Cash,Completed,4.0,Repair,Delhi,Kia Seltos,Diesel,8
T02764,2025-03-27,V064,Van,D058,Driver_058,3.6,R034,Hyderabad,Chennai,98.7,181,10.53,1047.87,0.0,381.92,927.1,2356.89,3836.78,Cash,Completed,3.9,None,Hyderabad,Force Traveller,Diesel,4
T02765,2025-04-04,V029,Van,D083,Driver_083,3.6,R066,Chennai,Mumbai,50.2,120,5.53,596.46,0.0,212.93,542.73,1352.12,240.24,Net Banking,Cancelled,3.1,None,Chennai,Force Traveller,Diesel,12
T02766,2025-02-10,V059,Sedan,D063,Driver_063,4.9,R068,Delhi,Visakhapatnam,36.0,129,2.46,243.56,0.0,52.47,475.78,771.81,947.29,Cash,Completed,4.2,None,Delhi,Hyundai Verna,Petrol,5
T02767,2025-07-22,V066,SUV,D022,Driver_022,4.3,R011,Kochi,Hyderabad,27.8,103,2.67,275.89,0.0,37.73,495.35,808.97,1200.29,COD,Completed,3.9,None,Kochi,Kia Seltos,Diesel,3
T02768,2025-08-13,V044,Sedan,D016,Driver_016,4.7,R041,Hyderabad,Delhi,79.2,244,6.27,656.82,0.0,253.13,1311.05,2221.0,1995.08,Net Banking,Completed,5.0,None,Hyderabad,Hyundai Verna,Petrol,10
T02769,2025-09-12,V032,Sedan,D064,Driver_064,3.3,R010,Visakhapatnam,Kochi,30.7,55,2.02,192.36,1581.38,134.76,236.63,2145.13,799.3,COD,Completed,4.6,None,Visakhapatnam,Honda City,Petrol,10
T02770,2025-05-05,V072,Sedan,D060,Driver_060,4.1,R070,Mumbai,Chennai,79.1,209,4.82,498.6,0.0,122.92,1005.85,1627.37,2031.39,Card,Completed,3.0,None,Mumbai,Maruti Dzire,Petrol,7
T02771,2025-04-27,V042,Van,D083,Driver_083,4.2,R068,Chennai,Hyderabad,28.9,49,3.04,317.57,0.0,132.77,172.98,623.32,1298.9,Net Banking,Completed,2.0,Inspection,Chennai,Maruti Eeco,Diesel,1
T02772,2025-08-14,V100,SUV,D122,Driver_122,4.0,R074,Bengaluru,Kochi,33.5,71,2.67,269.68,0.0,104.68,300.07,674.43,1436.5,Card,Completed,3.4,Inspection,Bengaluru,Toyota Innova,Diesel,12
T02773,2025-03-05,V094,Sedan,D120,Driver_120,4.8,R057,Kochi,Mumbai,47.0,112,3.41,370.47,6893.98,70.22,472.05,7806.72,163.83,Cash,Cancelled,4.0,None,Kochi,Maruti Dzire,Petrol,3
T02774,2025-03-04,V082,Sedan,D089,Driver_089,4.6,R023,Kochi,Bengaluru,118.0,326,9.49,938.34,0.0,511.78,1457.39,2907.51,2741.98,Cash,Completed,4.3,Service,Kochi,Honda City,Petrol,11
T02775,2025-07-31,V078,Sedan,D030,Driver_030,4.5,R042,Visakhapatnam,Hyderabad,34.6,81,2.55,278.73,0.0,113.15,401.04,792.92,953.02,Card,Completed,5.0,Repair,Visakhapatnam,Maruti Dzire,Petrol,8
T02776,2025-08-21,V015,SUV,D059,Driver_059,4.3,R076,Pune,Delhi,35.8,102,3.55,355.31,0.0,66.6,485.06,906.97,1580.46,Net Banking,Completed,3.1,Repair,Pune,Toyota Innova,Diesel,2
T02777,2025-02-12,V071,Sedan,D118,Driver_118,4.8,R067,Visakhapatnam,Pune,30.5,113,2.09,216.15,0.0,94.86,462.86,773.87,1042.43,Cash,Completed,2.4,None,Visakhapatnam,Hyundai Verna,Petrol,4
T02778,2025-09-17,V026,SUV,D033,Driver_033,4.1,R072,Delhi,Pune,95.4,210,8.2,857.99,0.0,285.17,638.45,1781.61,93.91,COD,Cancelled,4.5,Inspection,Delhi,Toyota Innova,Diesel,8
T02779,2025-12-23,V028,Sedan,D048,Driver_048,4.1,R022,Pune,Delhi,38.5,45,2.55,255.05,0.0,126.32,257.07,638.44,1230.45,UPI,Completed,2.9,None,Pune,Honda City,Petrol,6
T02780,2025-07-13,V069,Van,D140,Driver_140,3.7,R056,Bengaluru,Pune,64.8,174,7.15,727.97,0.0,262.29,582.67,1572.93,2434.61,Card,Completed,3.4,Repair,Bengaluru,Force Traveller,Diesel,3
T02781,2025-09-17,V025,Sedan,D033,Driver_033,4.0,R036,Mumbai,Delhi,55.9,100,3.99,383.46,2850.08,241.7,518.0,3993.24,1742.48,Card,Completed,3.8,Repair,Mumbai,Maruti Dzire,Petrol,5
T02782,2025-07-09,V051,Truck,D064,Driver_064,5.0,R034,Delhi,Chennai,24.1,67,3.27,341.92,0.0,57.81,350.14,749.87,1520.53,Net Banking,Completed,4.1,Service,Delhi,Tata 407,Diesel,12
T02783,2025-02-13,V021,Sedan,D007,Driver_007,3.6,R048,Hyderabad,Bengaluru,14.5,34,1.1,114.06,0.0,51.58,150.0,315.64,170.51,Card,Cancelled,4.7,None,Hyderabad,Honda City,Petrol,11
T02784,2025-06-10,V045,Van,D110,Driver_110,5.0,R079,Pune,Delhi,38.8,122,3.78,409.8,0.0,66.13,470.21,946.14,153.3,Cash,Cancelled,4.9,None,Pune,Force Traveller,Diesel,5
T02785,2025-09-23,V080,Sedan,D004,Driver_004,4.3,R075,Mumbai,Chennai,27.8,71,2.13,218.08,0.0,80.67,356.6,655.35,40.84,Card,Cancelled,3.6,,Mumbai,Maruti Dzire,Petrol,7
T02786,2025-08-20,V057,SUV,D122,Driver_122,4.4,R067,Mumbai,Chennai,-22.3,39,2.19,216.72,0.0,43.84,150.0,410.56,265.39,COD,Cancelled,,Inspection,Mumbai,Kia Seltos,Diesel,6
T02787,2025-09-09,V023,Sedan,D147,Driver_147,4.0,R030,Kochi,Hyderabad,56.5,102,3.42,353.87,0.0,246.95,463.76,1064.58,1582.0,COD,Completed,3.3,Repair,Kochi,Maruti Dzire,Petrol,5
T02788,2025-05-22,V049,SUV,D031,Driver_031,4.1,R032,Pune,Chennai,65.4,197,5.17,534.53,6375.99,93.24,1037.24,8041.0,2504.15,Cash,Completed,4.0,None,Pune,Toyota Innova,Diesel,5
T02789,2025-01-17,V004,Truck,D064,Driver_064,3.8,R056,Pune,Kochi,23.0,73,3.32,349.77,0.0,33.85,264.27,647.89,1428.19,Cash,Completed,4.5,Repair,Pune,BharatBenz 1015,Diesel,3
T02790,2025-06-01,V026,Sedan,D098,Driver_098,4.9,R065,Pune,Visakhapatnam,115.0,294,7.12,712.5,0.0,504.23,1511.83,2728.56,2628.77,COD,Completed,3.9,Repair,Pune,Maruti Dzire,Petrol,6
T02791,2025-12-19,V016,SUV,D035,Driver_035,3.4,R029,Mumbai,Bengaluru,56.9,91,5.09,552.01,0.0,210.25,299.97,1062.23,2090.7,Card,Completed,3.4,None,Mumbai,Toyota Innova,Diesel,8
T02792,2025-04-04,V093,Van,D006,Driver_006,4.5,R051,Mumbai,Delhi,15.8,54,1.56,152.17,0.0,34.26,314.4,500.83,835.66,Net Banking,Completed,4.1,None,Mumbai,Tata Winger,Diesel,7
T02793,2025-05-29,V049,Van,D016,Driver_016,4.3,R033,Pune,Chennai,76.1,158,8.37,884.56,0.0,202.21,550.37,1637.14,2963.6,Net Banking,Completed,4.1,None,Pune,Tata Winger,Diesel,3
T02794,2025-07-05,V063,Van,D061,Driver_061,4.3,R037,Bengaluru,Pune,35.6,133,3.55,349.64,7607.68,100.73,749.97,8808.02,1794.06,Card,Completed,5.0,None,Bengaluru,Force Traveller,Diesel,7
T02795,2025-10-08,V098,Sedan,D106,Driver_106,4.2,R025,Hyderabad,Chennai,25.5,95,1.57,150.84,6185.57,41.84,543.57,6921.82,784.79,Net Banking,Completed,3.7,Repair,Hyderabad,Hyundai Verna,Petrol,6
T02796,2025-06-29,V052,Truck,D147,Driver_147,4.4,R014,Bengaluru,Mumbai,38.5,85,5.26,572.95,0.0,63.09,363.05,999.09,233.68,Cash,Cancelled,4.4,Service,Bengaluru,Ashok Leyland Dost,Diesel,3
T02797,2025-08-08,V055,Sedan,D018,Driver_018,4.0,R013,Pune,Mumbai,49.7,123,3.68,392.14,0.0,228.4,398.78,1019.32,1175.83,Net Banking,Completed,3.6,None,Pune,Maruti Dzire,Petrol,12
T02798,2025-07-31,V089,Truck,D018,Driver_018,3.7,R029,Visakhapatnam,Mumbai,59.1,111,8.64,868.78,0.0,110.97,462.31,1442.06,220.06,Net Banking,Cancelled,4.1,None,Visakhapatnam,Ashok Leyland Dost,Diesel,7
T02799,2025-02-19,V002,Sedan,D007,Driver_007,4.2,R012,Bengaluru,Mumbai,33.3,90,2.47,268.41,4739.46,55.23,447.45,5510.55,236.28,Cash,Cancelled,2.7,None,Bengaluru,Hyundai Verna,Petrol,1
T02800,2025-02-13,V076,SUV,D069,Driver_069,4.2,R057,Chennai,Hyderabad,68.3,115,5.58,587.57,9214.12,164.2,660.25,10626.14,2138.87,COD,Completed,2.5,Service,Chennai,Toyota Innova,Diesel,2
T02801,2025-08-18,V074,SUV,D083,Driver_083,5.0,R003,Kochi,Chennai,27.3,65,2.19,210.76,0.0,113.31,282.74,606.81,136.37,COD,Cancelled,3.2,Service,Kochi,Kia Seltos,Diesel,10
T02802,2025-11-15,V089,Truck,D063,Driver_063,4.4,R038,Chennai,Delhi,23.1,56,3.21,336.46,0.0,35.2,219.82,591.48,1171.21,UPI,Completed,4.0,Service,Chennai,BharatBenz 1015,Diesel,8
T02803,2025-10-01,V032,Sedan,D045,Driver_045,3.4,R012,Bengaluru,Visakhapatnam,136.3,269,9.87,991.73,0.0,269.76,1401.17,2662.66,3383.86,Cash,Completed,4.8,None,Bengaluru,Honda City,Petrol,6
T02804,2025-06-21,V029,Truck,D061,Driver_061,4.4,R078,Kochi,Hyderabad,45.0,94,6.67,666.18,2269.92,125.78,447.02,3508.9,2302.42,Card,Completed,3.8,None,Kochi,Tata 407,Diesel,7
T02805,2025-10-17,V062,SUV,D110,Driver_110,4.3,R076,Hyderabad,Mumbai,31.9,92,2.5,269.55,1500.6,127.32,437.31,2334.78,160.11,UPI,Cancelled,4.0,Repair,Hyderabad,Toyota Innova,Diesel,9
T02806,2025-04-04,V080,Truck,D040,Driver_040,4.6,R006,Bengaluru,Delhi,57.3,128,9.51,1016.92,0.0,168.98,573.72,1759.62,232.36,Net Banking,Cancelled,2.6,None,Bengaluru,Ashok Leyland Dost,Diesel,6
T02807,2025-04-28,V003,SUV,D022,Driver_022,3.6,R043,Pune,Bengaluru,58.8,192,4.98,487.76,0.0,186.91,815.52,1490.19,2122.31,Card,Completed,3.7,,Pune,Toyota Innova,Diesel,6
T02808,2025-07-08,V094,Van,D148,Driver_148,4.0,R040,Delhi,Bengaluru,30.7,68,3.74,385.57,0.0,109.49,359.25,854.31,41.93,COD,Cancelled,3.6,None,Delhi,Tata Winger,Diesel,12
T02809,2025-01-10,V040,SUV,D017,Driver_017,4.1,R021,Mumbai,Delhi,39.9,135,3.16,338.16,0.0,135.72,456.47,930.35,1385.05,Net Banking,Completed,4.1,Inspection,Mumbai,Hyundai Creta,Diesel,5
T02810,2025-11-28,V095,Van,D016,Driver_016,3.4,R045,Chennai,Bengaluru,26.1,87,2.45,239.26,0.0,52.68,455.84,747.78,1168.63,UPI,Completed,4.3,Repair,Chennai,Tata Winger,Diesel,3
T02811,2025-03-25,V018,Van,D129,Driver_129,4.0,R022,Visakhapatnam,Bengaluru,14.9,36,1.46,143.77,0.0,22.62,150.0,316.39,266.21,COD,Cancelled,3.5,None,Visakhapatnam,Tata Winger,Diesel,6
T02812,2025-01-08,V025,Truck,D076,Driver_076,3.6,R021,Kochi,Pune,50.2,77,7.4,745.92,8563.24,179.03,272.6,9760.79,2487.69,COD,Completed,4.2,Inspection,Kochi,Tata 407,Diesel,12
T02813,2025-09-08,V083,Sedan,D046,Driver_046,4.5,R053,Mumbai,Visakhapatnam,20.5,45,1.23,130.82,0.0,88.43,222.86,442.11,53.69,Net Banking,Cancelled,4.6,None,Mumbai,Hyundai Verna,Petrol,8
T02814,2025-05-23,V051,Sedan,D131,Driver_131,3.7,R016,Mumbai,Pune,28.7,63,2.04,216.21,0.0,65.13,257.3,538.64,71.42,COD,Cancelled,4.9,Inspection,Mumbai,Maruti Dzire,Petrol,2
T02815,2025-02-21,V045,Truck,D079,Driver_079,4.5,R004,Visakhapatnam,Delhi,35.1,93,5.18,492.39,2180.45,60.64,354.58,3088.06,226.54,COD,Cancelled,4.5,None,Visakhapatnam,Ashok Leyland Dost,Diesel,9
T02816,2025-10-03,V030,Truck,D056,Driver_056,4.4,R016,Hyderabad,Pune,88.7,209,12.91,1366.03,2471.87,166.01,922.6,4926.51,3998.28,Net Banking,Completed,3.8,Repair,Hyderabad,Ashok Leyland Dost,Diesel,7
T02817,2025-06-04,V097,Van,D008,Driver_008,3.3,R042,Pune,Delhi,34.9,74,3.69,401.49,0.0,74.55,339.22,815.26,141.6,UPI,Cancelled,5.0,Repair,Pune,Maruti Eeco,Diesel,4
T02818,2025-11-12,V091,Sedan,D125,Driver_125,4.3,R060,Chennai,Hyderabad,39.4,125,3.14,335.62,8138.46,105.54,531.64,9111.26,1388.79,Card,Completed,3.6,,Chennai,Honda City,Petrol,9
T02819,2025-05-09,V099,SUV,D093,Driver_093,4.6,R032,Mumbai,Pune,10.6,39,0.9,93.35,2377.48,14.53,215.96,2701.32,622.92,COD,Completed,4.6,None,Mumbai,Hyundai Creta,Diesel,6
T02820,2025-11-06,V068,Van,D135,Driver_135,3.9,R071,Kochi,Pune,24.5,48,2.63,253.92,0.0,37.93,214.78,506.63,1240.57,UPI,Completed,4.1,Service,Kochi,Force Traveller,Diesel,12
T02821,2025-04-16,V097,SUV,D068,Driver_068,4.1,R046,Pune,Hyderabad,22.0,41,1.9,204.35,0.0,30.74,150.0,385.09,769.22,COD,Completed,2.8,None,Pune,Toyota Innova,Diesel,11
T02822,2025-08-01,V030,SUV,D078,Driver_078,4.3,R037,Hyderabad,Visakhapatnam,38.4,86,3.11,313.62,0.0,95.32,367.89,776.83,1508.87,Net Banking,Completed,2.7,None,Hyderabad,Kia Seltos,Diesel,12
T02823,2025-09-15,V010,SUV,D069,Driver_069,4.4,R039,Pune,Chennai,58.1,78,5.87,622.18,0.0,229.36,377.09,1228.63,1834.92,Card,Completed,2.5,None,Pune,Toyota Innova,Diesel,2
T02824,2025-02-13,V012,SUV,D069,Driver_069,3.9,R029,Mumbai,Visakhapatnam,19.0,37,1.47,153.54,0.0,69.6,150.0,373.14,1025.06,Cash,Completed,3.9,Repair,Mumbai,Toyota Innova,Diesel,5
T02825,2025-09-13,V067,Sedan,D148,Driver_148,4.2,R003,Mumbai,Chennai,30.3,106,2.42,242.94,0.0,80.54,375.94,699.42,1010.67,Cash,Completed,5.0,None,Mumbai,Honda City,Petrol,7
T02826,2025-01-21,V013,Sedan,D004,Driver_004,3.9,R048,Kochi,Bengaluru,33.4,76,2.41,259.11,0.0,117.09,252.22,628.42,856.92,UPI,Completed,3.8,Inspection,Kochi,Hyundai Verna,Petrol,7
T02827,2025-12-20,V093,Truck,D088,Driver_088,4.4,R078,Mumbai,Hyderabad,12.3,29,1.82,197.82,567.11,54.97,150.0,969.9,1004.33,Cash,Completed,2.9,Service,Mumbai,BharatBenz 1015,Diesel,6
T02828,2025-12-07,V050,Van,D053,Driver_053,4.2,R073,Visakhapatnam,Hyderabad,55.9,137,5.98,592.74,0.0,204.01,644.47,1441.22,2427.78,COD,Completed,3.6,None,Visakhapatnam,Tata Winger,Diesel,6
T02829,2025-01-14,V046,Truck,D071,Driver_071,4.4,R058,Pune,Bengaluru,9.2,43,1.3,127.89,5544.31,40.08,187.43,5899.71,844.53,Net Banking,Completed,4.4,Service,Pune,Ashok Leyland Dost,Diesel,7
T02830,2025-01-06,V067,SUV,D011,Driver_011,3.7,R024,Bengaluru,Delhi,28.5,42,2.22,231.29,0.0,115.1,217.52,563.91,1190.18,Cash,Completed,4.0,Service,Bengaluru,Toyota Innova,Diesel,3
T02831,2025-03-13,V024,SUV,D047,Driver_047,3.3,R080,Bengaluru,Hyderabad,48.9,144,4.41,461.44,0.0,72.51,579.71,1113.66,338.56,Card,Cancelled,4.0,Inspection,Bengaluru,Hyundai Creta,Diesel,5
T02832,2025-05-14,V095,Van,D001,Driver_001,3.8,R032,Pune,Bengaluru,41.0,100,4.39,481.16,0.0,135.74,306.35,923.25,1517.84,Net Banking,Completed,3.2,Repair,Pune,Force Traveller,Diesel,6
T02833,2025-02-24,V047,SUV,D141,Driver_141,3.1,R004,Hyderabad,Delhi,34.7,118,3.37,323.56,0.0,62.46,672.7,1058.72,1155.66,UPI,Completed,4.3,Repair,Hyderabad,Toyota Innova,Diesel,2
T02834,2025-07-05,V087,Sedan,D009,Driver_009,4.0,R036,Bengaluru,Hyderabad,46.5,126,3.22,319.25,0.0,132.36,605.33,1056.94,1213.35,UPI,Completed,4.5,Service,Bengaluru,Honda City,Petrol,5
T02835,2025-11-24,V041,Sedan,D047,Driver_047,4.8,R078,Mumbai,Pune,43.2,87,3.28,320.26,3684.77,75.29,486.64,4566.96,1041.33,Cash,Completed,4.3,None,Mumbai,Honda City,Petrol,9
T02836,2025-01-30,V078,Sedan,D099,Driver_099,4.1,R048,Hyderabad,Kochi,14.7,41,1.08,106.35,0.0,44.42,202.81,353.58,44.99,Net Banking,Cancelled,4.3,None,Hyderabad,Honda City,Petrol,7
T02837,2025-10-17,V096,Van,D043,Driver_043,4.7,R059,Hyderabad,Bengaluru,99.1,324,8.96,927.91,0.0,393.01,1782.28,3103.2,950.85,COD,Cancelled,4.5,None,Hyderabad,Force Traveller,Diesel,7
T02838,2025-03-24,V008,Van,D015,Driver_015,3.7,R032,Visakhapatnam,Pune,44.4,161,4.25,442.3,0.0,176.13,543.68,1162.11,1840.12,UPI,Completed,2.1,None,Visakhapatnam,Force Traveller,Diesel,7
T02839,2025-02-19,V029,SUV,D112,Driver_112,4.2,R060,Bengaluru,Mumbai,15.5,74,1.41,135.47,0.0,35.84,344.76,516.07,951.89,UPI,Completed,4.3,Inspection,Bengaluru,Kia Seltos,Diesel,12
T02840,2025-09-04,V041,SUV,D038,Driver_038,4.8,R045,Hyderabad,Delhi,38.1,109,3.09,300.43,0.0,118.82,345.79,765.04,3.5,Net Banking,Cancelled,4.3,Service,Hyderabad,Kia Seltos,Diesel,12
T02841,2025-06-19,V025,SUV,D135,Driver_135,4.5,R052,Hyderabad,Pune,69.4,196,5.81,604.67,0.0,280.52,959.0,1844.19,2429.76,COD,Completed,4.5,None,Hyderabad,Kia Seltos,Diesel,12
T02842,2025-11-13,V064,SUV,D134,Driver_134,5.0,R023,Mumbai,Pune,9.1,27,0.71,77.5,0.0,30.86,150.0,258.36,806.75,Cash,Completed,4.7,Repair,Mumbai,Toyota Innova,Diesel,3
T02843,2025-11-10,V069,Truck,D022,Driver_022,4.1,R058,Bengaluru,Kochi,74.4,210,12.65,1207.27,0.0,113.78,684.19,2005.24,3331.03,Card,Completed,4.3,None,Bengaluru,Tata 407,Diesel,8
T02844,2025-02-21,V033,SUV,D142,Driver_142,5.0,R056,Mumbai,Visakhapatnam,59.7,124,4.67,451.42,1656.73,184.83,421.44,2714.42,2314.12,Net Banking,Completed,4.8,Service,Mumbai,Toyota Innova,Diesel,5
T02845,2025-12-27,V023,SUV,D067,Driver_067,4.1,R003,Hyderabad,Mumbai,40.6,119,3.6,381.18,0.0,95.44,458.27,934.89,1699.19,Net Banking,Completed,4.4,Inspection,Hyderabad,Kia Seltos,Diesel,9
T02846,2025-07-30,V017,SUV,D024,Driver_024,4.8,R014,Hyderabad,Bengaluru,20.1,52,1.94,197.67,7841.1,42.91,253.73,8335.41,690.64,COD,Completed,2.8,Inspection,Hyderabad,Kia Seltos,Diesel,7
T02847,2025-08-09,V026,Sedan,D045,Driver_045,3.4,R050,Kochi,Chennai,84.9,267,6.78,705.56,0.0,267.28,1192.66,2165.5,2220.87,Card,Completed,2.9,None,Kochi,Hyundai Verna,Petrol,7
T02848,2025-07-06,V084,Sedan,D030,Driver_030,4.3,R052,Delhi,Pune,11.5,31,0.73,75.57,0.0,42.4,150.0,267.97,641.05,COD,Completed,3.9,Inspection,Delhi,Hyundai Verna,Petrol,4
T02849,2025-04-08,V026,Sedan,D093,Driver_093,3.6,R010,Pune,Hyderabad,102.2,314,6.6,709.72,0.0,460.63,959.94,2130.29,2705.87,Cash,Completed,4.4,Service,Pune,Honda City,Petrol,10
T02850,2025-01-19,V025,Sedan,D092,Driver_092,3.8,R006,Visakhapatnam,Pune,37.4,50,2.51,242.84,0.0,108.96,163.16,514.96,295.94,Net Banking,Cancelled,4.5,Inspection,Visakhapatnam,Hyundai Verna,Petrol,12
T02851,2025-09-24,V046,Sedan,D020,Driver_020,5.0,R040,Pune,Hyderabad,22.6,43,1.72,172.83,0.0,82.94,232.74,488.51,2.57,UPI,Cancelled,4.4,None,Pune,Maruti Dzire,Petrol,5
T02852,2025-11-11,V035,Truck,D079,Driver_079,4.2,R015,Delhi,Pune,53.5,159,8.78,949.4,7280.65,100.5,760.4,9090.95,2689.75,COD,Completed,4.2,None,Delhi,Ashok Leyland Dost,Diesel,3
T02853,2025-05-07,V096,Truck,D137,Driver_137,4.3,R003,Visakhapatnam,Kochi,36.9,111,4.93,509.09,0.0,118.63,360.87,988.59,1873.45,UPI,Completed,5.0,Service,Visakhapatnam,Tata 407,Diesel,11
T02854,2025-02-14,V090,Sedan,D067,Driver_067,4.3,R071,Mumbai,Kochi,48.1,146,3.06,294.11,4318.49,160.87,528.98,5302.45,260.5,Card,Cancelled,5.0,Service,Mumbai,Maruti Dzire,Petrol,4
T02855,2025-07-09,V068,Van,D072,Driver_072,4.6,R028,Mumbai,Bengaluru,21.4,43,2.23,219.9,527.17,42.68,150.0,939.75,845.5,COD,Completed,4.5,Service,Mumbai,Force Traveller,Diesel,10
T02856,2025-05-02,V055,Sedan,D006,Driver_006,3.5,R064,Chennai,Bengaluru,41.2,136,3.22,311.98,9598.19,60.9,704.64,10675.71,1161.17,Card,Completed,4.5,None,Chennai,Maruti Dzire,Petrol,10
T02857,2025-06-10,V065,Truck,D075,Driver_075,4.2,R007,Mumbai,Chennai,78.5,157,11.22,1225.75,0.0,360.37,728.2,2314.32,3764.87,COD,Completed,3.5,,Mumbai,Tata 407,Diesel,5
T02858,2025-07-02,V060,Sedan,D052,Driver_052,5.0,R010,Chennai,Mumbai,35.1,68,2.51,266.53,0.0,70.94,385.82,723.29,978.12,Cash,Completed,5.0,None,Chennai,Honda City,Petrol,1
T02859,2025-10-10,V038,Sedan,D034,Driver_034,4.1,R052,Kochi,Hyderabad,94.7,255,5.78,591.45,0.0,241.11,1021.1,1853.66,2602.75,COD,Completed,6.0,Inspection,Kochi,Honda City,Petrol,12
T02860,2025-11-27,V075,SUV,D082,Driver_082,4.1,R067,Bengaluru,Chennai,127.3,196,10.85,1036.54,1888.42,312.28,853.6,4090.84,4296.46,Cash,Completed,5.0,None,Bengaluru,Toyota Innova,Diesel,11
T02861,2025-09-20,V033,Sedan,D069,Driver_069,3.8,R048,Hyderabad,Pune,9.7,30,0.63,63.71,0.0,36.4,150.0,250.11,459.94,Net Banking,Completed,4.0,Repair,Hyderabad,Honda City,Petrol,2
T02862,2025-05-27,V037,Sedan,D023,Driver_023,3.4,R035,Kochi,Delhi,27.8,82,1.85,190.63,0.0,74.42,456.09,721.14,189.98,Card,Cancelled,3.4,None,Kochi,Hyundai Verna,Petrol,7
T02863,2025-03-28,V067,Sedan,D022,Driver_022,3.7,R072,Pune,Delhi,27.1,61,1.71,168.87,0.0,76.77,249.01,494.65,808.99,Net Banking,Completed,3.8,None,Pune,Hyundai Verna,Petrol,11
T02864,2025-09-10,V046,Sedan,D010,Driver_010,3.5,R034,Chennai,Visakhapatnam,11.6,27,0.72,74.08,0.0,50.03,150.0,274.11,378.66,UPI,Completed,4.1,Inspection,Chennai,Honda City,Petrol,8
T02865,2025-04-17,V053,Sedan,D120,Driver_120,4.2,R033,Kochi,Visakhapatnam,23.9,83,1.71,177.5,0.0,82.2,437.54,697.24,711.39,Card,Completed,4.0,Repair,Kochi,Honda City,Petrol,2
T02866,2025-01-03,V015,Sedan,D141,Driver_141,4.0,R009,Delhi,Pune,23.6,55,1.77,186.51,0.0,83.97,292.16,562.64,621.12,Card,Completed,4.1,None,Delhi,Honda City,Petrol,4
T02867,2025-03-06,V024,Van,D014,Driver_014,4.0,R023,Pune,Bengaluru,72.9,159,,890.53,0.0,271.33,704.3,1866.16,2994.72,COD,Completed,3.5,None,Pune,Force Traveller,Diesel,5
T02868,2025-10-17,V078,Van,D052,Driver_052,3.2,R073,Mumbai,Chennai,83.2,162,7.87,749.55,0.0,168.82,737.19,1655.56,3044.33,UPI,Completed,4.2,Repair,Mumbai,Force Traveller,Diesel,12
T02869,2025-03-20,V083,Sedan,D072,Driver_072,,R054,Bengaluru,Delhi,19.7,32,1.34,133.11,0.0,79.38,168.22,380.71,82.27,COD,Cancelled,3.7,None,Bengaluru,Honda City,Petrol,4
T02870,2025-12-17,V001,Sedan,D074,Driver_074,4.2,R011,Chennai,Mumbai,34.7,82,2.77,290.69,1714.91,135.92,429.74,2571.26,202.11,Card,Cancelled,4.9,Service,Chennai,Honda City,Petrol,4
T02871,2025-07-08,V051,SUV,D106,Driver_106,4.7,R007,Visakhapatnam,Bengaluru,20.6,50,1.57,151.22,0.0,49.97,229.93,431.12,138.13,COD,Cancelled,4.8,None,Visakhapatnam,Kia Seltos,Diesel,2
T02872,2025-08-01,V032,Van,D065,Driver_065,4.5,R052,Visakhapatnam,Hyderabad,8.1,21,0.97,96.24,8050.76,33.82,150.0,8330.82,687.39,COD,Completed,5.0,Repair,Visakhapatnam,Force Traveller,Diesel,2
T02873,2025-03-05,V076,SUV,D083,Driver_083,3.1,R009,Visakhapatnam,Bengaluru,129.1,359,10.36,1049.4,0.0,198.52,1999.06,3246.98,4003.87,Cash,Completed,3.8,Inspection,Visakhapatnam,Kia Seltos,Diesel,9
T02874,2025-02-06,V095,Truck,D038,Driver_038,3.6,R049,Hyderabad,Bengaluru,73.7,179,9.94,1031.6,0.0,276.55,667.12,1975.27,3324.12,UPI,Completed,4.4,None,Hyderabad,Ashok Leyland Dost,Diesel,7
T02875,2025-01-15,V056,Van,D019,Driver_019,3.7,R078,Hyderabad,Visakhapatnam,59.6,143,6.57,676.07,6105.93,143.51,833.17,7758.68,2545.27,COD,Completed,3.9,None,Hyderabad,Maruti Eeco,Diesel,3
T02876,2025-06-04,V017,Van,D110,Driver_110,4.0,R039,Bengaluru,Kochi,23.5,53,2.56,277.67,0.0,101.47,287.02,666.16,213.36,UPI,Cancelled,3.7,None,Bengaluru,Force Traveller,Diesel,5
T02877,2025-10-12,V026,Van,D032,Driver_032,4.1,R031,Pune,Kochi,96.8,269,10.06,972.39,0.0,152.05,1036.26,2160.7,3897.43,UPI,Completed,4.2,None,Pune,Tata Winger,Diesel,3
T02878,2025-08-29,V009,Sedan,D055,Driver_055,3.2,R039,Kochi,Chennai,7.5,15,0.59,60.12,0.0,18.44,150.0,228.56,85.72,UPI,Cancelled,3.4,None,Kochi,Honda City,Petrol,10
T02879,2025-05-04,V073,Sedan,D097,Driver_097,4.4,R038,Hyderabad,Delhi,83.8,132,5.57,544.03,0.0,333.98,474.24,1352.25,2195.96,Cash,Completed,,None,Hyderabad,Honda City,Petrol,1
T02880,2025-12-08,V017,Sedan,D022,Driver_022,3.9,R051,Bengaluru,Kochi,106.3,249,7.98,819.36,1105.76,151.65,1262.55,3339.32,2567.83,Net Banking,Completed,4.9,None,Bengaluru,Maruti Dzire,Petrol,8
T02881,2025-09-10,V089,SUV,D007,Driver_007,5.0,R006,Hyderabad,Mumbai,38.8,105,3.62,365.31,2811.58,112.44,327.84,3617.17,1427.26,Net Banking,Completed,4.3,None,Hyderabad,Toyota Innova,Diesel,3
T02882,2025-04-03,V020,Sedan,D014,Driver_014,4.2,R046,Hyderabad,Mumbai,14.1,39,1.0,99.82,0.0,42.28,214.09,356.19,769.84,COD,Completed,2.9,Repair,Hyderabad,Maruti Dzire,Petrol,11
T02883,2025-02-06,V041,Sedan,D058,Driver_058,4.2,R077,Hyderabad,Bengaluru,25.3,63,1.65,174.75,7382.65,105.03,257.23,7919.66,772.18,UPI,Completed,3.5,Inspection,Hyderabad,Maruti Dzire,Petrol,5
T02884,2025-01-11,V040,Sedan,D009,Driver_009,3.6,R036,Chennai,Delhi,32.3,66,2.14,228.65,4809.73,116.94,241.6,5396.92,984.1,Card,Completed,4.9,None,Chennai,Hyundai Verna,Petrol,8
T02885,2025-06-08,V009,SUV,D019,Driver_019,3.8,R072,Chennai,Delhi,80.9,188,7.9,818.94,0.0,162.17,964.51,1945.62,2722.29,Cash,Completed,4.3,Service,Chennai,Kia Seltos,Diesel,10
T02886,2025-12-23,V075,SUV,D024,Driver_024,3.1,R049,Delhi,Mumbai,82.3,248,6.32,687.17,2536.32,186.27,1239.22,4648.98,2892.55,UPI,Completed,4.1,None,Delhi,Kia Seltos,Diesel,6
T02887,2025-10-13,V007,Sedan,D072,Driver_072,3.0,R012,Bengaluru,Delhi,157.7,365,10.08,1015.51,0.0,625.32,2081.47,3722.3,152.12,UPI,Cancelled,5.0,None,Bengaluru,Maruti Dzire,Petrol,5
T02888,2025-07-25,V026,SUV,D024,Driver_024,4.3,R071,Hyderabad,Delhi,44.1,89,4.25,405.9,4269.06,154.45,380.07,5209.48,439.78,COD,Cancelled,4.1,Repair,Hyderabad,Kia Seltos,Diesel,4
T02889,2025-03-25,V012,Truck,D032,Driver_032,3.7,R064,Bengaluru,Mumbai,51.5,150,7.63,736.03,0.0,196.99,617.79,1550.81,2572.5,Card,Completed,,Inspection,Bengaluru,BharatBenz 1015,Diesel,8
T02890,2025-03-17,V004,SUV,D126,Driver_126,4.4,R043,Hyderabad,Kochi,31.2,105,2.54,267.82,0.0,107.45,337.16,712.43,1326.55,Card,Completed,4.4,,Hyderabad,Kia Seltos,Diesel,1
T02891,2025-08-29,V018,Sedan,D142,Driver_142,4.2,R069,Hyderabad,Chennai,13.4,47,1.02,105.54,0.0,25.83,209.78,341.15,461.13,COD,Completed,3.4,None,Hyderabad,Hyundai Verna,Petrol,8
T02892,2025-07-24,V013,Sedan,D146,Driver_146,4.1,R029,Delhi,Pune,51.7,95,3.21,351.06,0.0,128.15,463.75,942.96,1295.36,UPI,Completed,3.7,Repair,Delhi,Honda City,Petrol,9
T02893,2025-04-09,V022,Sedan,D070,Driver_070,4.1,R026,Hyderabad,Delhi,123.3,344,7.8,748.95,9891.93,420.73,1815.13,12876.74,2969.12,Net Banking,Completed,3.7,None,Hyderabad,Hyundai Verna,Petrol,7
T02894,2025-12-10,V024,Van,D127,Driver_127,4.4,R038,Mumbai,Pune,9.4,25,-1.03,101.88,8666.44,18.81,150.0,8937.13,860.94,Net Banking,Completed,3.8,None,Mumbai,Tata Winger,Diesel,11
T02895,2025-03-22,V088,SUV,D035,Driver_035,3.3,R054,Hyderabad,Kochi,14.4,61,1.3,125.45,4139.66,30.62,219.23,4514.96,693.6,Cash,Completed,4.1,None,Hyderabad,Toyota Innova,Diesel,11
T02896,2025-02-27,V022,Truck,D007,Driver_007,4.2,R009,Hyderabad,Visakhapatnam,37.7,81,5.56,563.97,0.0,79.0,358.99,1001.96,137.98,Card,Cancelled,3.9,None,Hyderabad,Tata 407,Diesel,11
T02897,2025-04-22,V094,SUV,D068,Driver_068,4.4,R040,Hyderabad,Visakhapatnam,,147,7.13,722.55,0.0,305.16,629.08,1656.79,2774.6,Net Banking,Completed,,None,Hyderabad,Toyota Innova,Diesel,3
T02898,2025-05-12,V042,SUV,D088,Driver_088,4.9,R014,Pune,Bengaluru,65.8,209,6.23,624.63,0.0,186.59,834.84,1646.06,2287.89,UPI,Completed,4.8,None,Pune,Kia Seltos,Diesel,10
T02899,2025-08-11,V018,SUV,D100,Driver_100,4.7,R038,Pune,Visakhapatnam,100.2,156,7.94,845.48,0.0,196.16,821.61,1863.25,486.17,Net Banking,Cancelled,4.9,Repair,Pune,Hyundai Creta,Diesel,8
T02900,2025-03-31,V096,Sedan,D143,Driver_143,3.5,R014,Chennai,Pune,13.5,38,0.88,88.41,0.0,55.72,161.8,305.93,719.77,Net Banking,Completed,3.1,None,Chennai,Maruti Dzire,Petrol,6
T02901,2025-08-25,V037,Truck,D117,Driver_117,4.4,R023,Hyderabad,Kochi,42.0,124,5.92,636.54,0.0,158.8,383.99,1179.33,2118.17,Card,Completed,3.3,Service,Hyderabad,Ashok Leyland Dost,Diesel,10
T02902,2025-10-11,V047,SUV,D068,Driver_068,3.7,R019,Delhi,Chennai,,123,3.85,408.27,0.0,88.15,577.61,1074.03,1411.56,Net Banking,Completed,3.3,Inspection,Delhi,Kia Seltos,Diesel,1
T02903,2025-05-25,V046,Truck,D074,Driver_074,4.6,R012,Pune,Mumbai,27.9,95,3.78,394.57,0.0,96.49,426.13,917.19,1503.66,UPI,Completed,4.2,None,Pune,Ashok Leyland Dost,Diesel,10
T02904,2025-10-25,V100,Sedan,D071,Driver_071,3.7,R029,Chennai,Pune,22.5,61,1.56,165.65,0.0,104.42,321.22,591.29,996.97,Net Banking,Completed,4.7,Repair,Chennai,Honda City,Petrol,9
T02905,2025-10-21,V013,Van,D080,Driver_080,4.0,R047,Bengaluru,Hyderabad,33.1,89,3.11,320.49,0.0,67.39,388.84,776.72,1374.49,COD,Completed,4.2,Inspection,Bengaluru,Tata Winger,Diesel,7
T02906,2025-12-21,V073,Sedan,D063,Driver_063,4.0,R053,Hyderabad,Chennai,49.5,146,3.29,325.15,0.0,98.53,486.77,910.45,1589.51,Net Banking,Completed,4.0,Service,Hyderabad,Honda City,Petrol,9
T02907,2025-05-08,V096,Sedan,D093,Driver_093,4.0,R061,Delhi,Pune,27.4,87,1.8,182.26,0.0,38.61,427.69,648.56,930.16,COD,Completed,4.3,None,Delhi,Hyundai Verna,Petrol,8
T02908,2025-09-18,V003,SUV,D055,Driver_055,4.3,R080,Kochi,Visakhapatnam,54.6,165,5.23,526.43,0.0,93.4,670.11,1289.94,1983.51,Card,Completed,4.4,Inspection,Kochi,Toyota Innova,Diesel,1
T02909,2025-02-17,V097,Van,D059,Driver_059,4.1,R078,Delhi,Pune,119.3,248,10.66,1139.7,9477.0,203.12,922.57,11742.39,4633.61,Net Banking,Completed,3.7,None,Delhi,Maruti Eeco,Diesel,3
T02910,2025-05-05,V049,Sedan,D082,Driver_082,3.6,R037,Visakhapatnam,Chennai,39.2,94,3.12,,8429.14,156.06,343.66,9236.37,1387.12,Cash,Completed,3.8,None,Visakhapatnam,Hyundai Verna,Petrol,10
T02911,2025-04-12,V056,Van,D118,Driver_118,4.9,R062,Hyderabad,Mumbai,63.3,137,5.79,580.36,0.0,120.07,607.79,1308.22,2503.32,Net Banking,Completed,3.6,None,Hyderabad,Maruti Eeco,Diesel,12
T02912,2025-10-05,V047,Van,D140,Driver_140,4.7,R008,Mumbai,Delhi,15.4,36,1.5,159.04,3152.3,66.29,202.66,3580.29,745.57,Net Banking,Completed,4.0,Service,Mumbai,Tata Winger,Diesel,10
T02913,2025-04-12,V075,Van,D137,Driver_137,4.1,R046,Hyderabad,Delhi,24.5,59,2.48,239.76,0.0,108.94,273.29,621.99,991.85,COD,Completed,4.6,Service,Hyderabad,Maruti Eeco,Diesel,10
T02914,2025-03-05,V096,Van,D010,Driver_010,,R071,Bengaluru,Mumbai,118.2,336,12.67,1244.64,0.0,383.39,1131.79,2759.82,864.49,Cash,Cancelled,3.2,None,Bengaluru,Tata Winger,Diesel,11
T02915,2025-02-19,V063,SUV,D075,Driver_075,3.3,R056,Delhi,Bengaluru,43.4,131,3.96,409.55,7881.02,152.88,447.39,8890.84,1841.41,Card,Completed,3.5,Inspection,Delhi,Kia Seltos,Diesel,3
T02916,2025-08-04,V098,Sedan,D011,Driver_011,3.9,R034,Delhi,Chennai,56.9,105,3.47,351.17,0.0,82.39,509.72,943.28,1504.89,Card,Completed,4.0,Inspection,Delhi,Hyundai Verna,Petrol,7
T02917,2025-10-15,V048,Sedan,D120,Driver_120,3.6,R018,Bengaluru,Kochi,127.4,347,9.17,974.89,1609.34,500.52,1905.06,4989.81,3329.43,Card,Completed,3.6,Service,Bengaluru,Honda City,Petrol,7
T02918,2025-01-23,V045,SUV,D034,Driver_034,3.2,R033,Delhi,Chennai,34.7,95,2.69,273.37,0.0,160.7,316.84,750.91,1498.03,UPI,Completed,3.6,Service,Delhi,Toyota Innova,Diesel,2
T02919,2025-04-13,V013,SUV,D031,Driver_031,4.5,R074,Pune,Visakhapatnam,24.3,47,2.44,240.28,0.0,34.13,166.59,441.0,1096.94,Card,Completed,5.0,Service,Pune,Kia Seltos,Diesel,9
T02920,2025-06-24,V019,SUV,D117,Driver_117,4.8,R013,Bengaluru,Visakhapatnam,55.7,175,4.53,451.86,0.0,88.36,688.59,1228.81,2130.4,Cash,Completed,4.6,None,Bengaluru,Hyundai Creta,Diesel,6
T02921,2025-12-27,V094,Van,D065,Driver_065,4.2,R048,Kochi,Visakhapatnam,44.2,97,4.7,475.84,2052.21,89.99,535.78,3153.82,1746.56,UPI,Completed,2.9,Repair,Kochi,Maruti Eeco,Diesel,5
T02922,2025-08-25,V063,Sedan,D132,Driver_132,4.8,R058,Bengaluru,Kochi,17.2,50,1.03,106.39,0.0,62.96,222.28,391.63,786.56,Card,Completed,3.4,None,Bengaluru,Honda City,Petrol,2
T02923,2025-06-02,V084,Van,D027,Driver_027,4.1,R034,Bengaluru,Chennai,96.7,204,9.05,914.05,8785.94,405.38,673.34,10778.71,3492.5,Cash,Completed,5.0,Inspection,Bengaluru,Force Traveller,Diesel,2
T02924,2025-12-21,V090,Sedan,D103,Driver_103,4.3,R070,Hyderabad,Chennai,33.4,112,2.43,239.54,0.0,93.19,533.34,866.07,1093.43,COD,Completed,4.3,None,Hyderabad,Maruti Dzire,Petrol,11
T02925,2025-01-21,V012,Van,D124,Driver_124,4.0,R062,Hyderabad,Bengaluru,45.0,117,4.13,409.65,4562.55,186.75,526.54,5685.49,494.16,UPI,Cancelled,4.5,None,Hyderabad,Tata Winger,Diesel,8
T02926,2025-04-19,V054,Sedan,D055,Driver_055,3.7,R012,Delhi,Chennai,27.6,40,1.87,182.19,0.0,77.15,210.12,469.46,794.98,Card,Completed,4.4,Repair,Delhi,Maruti Dzire,Petrol,6
T02927,2025-08-01,V045,Van,D135,Driver_135,3.7,R057,Bengaluru,Mumbai,27.7,55,2.9,277.38,0.0,125.03,217.77,620.18,29.02,Card,Cancelled,3.3,Repair,Bengaluru,Maruti Eeco,Diesel,2
T02928,2025-01-27,V074,SUV,D060,Driver_060,4.3,R070,Bengaluru,Mumbai,63.9,148,4.84,492.28,0.0,292.78,633.0,1418.06,2210.11,Card,Completed,3.3,Repair,Bengaluru,Kia Seltos,Diesel,3
T02929,2025-04-19,V024,Sedan,D090,Driver_090,4.5,R054,Delhi,Mumbai,48.9,148,3.74,391.71,0.0,144.28,523.72,1059.71,1517.2,UPI,Completed,4.4,Service,Delhi,Honda City,Petrol,6
T02930,2025-05-22,V099,Sedan,D111,Driver_111,4.2,R022,Kochi,Delhi,63.6,134,3.91,425.51,0.0,249.22,671.88,1346.61,306.96,UPI,Cancelled,3.8,Service,Kochi,Maruti Dzire,Petrol,1
T02931,2025-07-24,V046,Van,D124,Driver_124,4.8,R039,Hyderabad,Kochi,16.1,58,1.45,145.36,0.0,35.55,281.35,462.26,667.05,Net Banking,Completed,4.6,None,Hyderabad,Maruti Eeco,Diesel,10
T02932,2025-07-01,V063,SUV,D044,Driver_044,4.9,R052,Mumbai,Visakhapatnam,23.9,53,2.24,213.41,0.0,48.17,292.35,553.93,227.84,UPI,Cancelled,4.1,Repair,Mumbai,Kia Seltos,Diesel,8
T02933,2025-10-16,V050,Sedan,D025,Driver_025,4.1,R065,Bengaluru,Hyderabad,25.8,92,1.55,167.4,0.0,88.7,283.62,539.72,752.3,Cash,Completed,4.4,Inspection,Bengaluru,Hyundai Verna,Petrol,5
T02934,2025-03-05,V060,Sedan,D040,Driver_040,4.6,R008,Chennai,Mumbai,27.8,72,1.7,176.84,0.0,94.35,390.86,662.05,1053.67,Card,Completed,4.8,Inspection,Chennai,Maruti Dzire,Petrol,4
T02935,2025-11-11,V096,Sedan,D127,Driver_127,4.2,R032,Mumbai,Kochi,9.6,34,0.66,64.96,4961.53,21.29,189.22,5237.0,427.11,Cash,Completed,4.9,Service,Mumbai,Maruti Dzire,Petrol,4
T02936,2025-12-05,V032,Sedan,D007,Driver_007,3.7,R070,Hyderabad,Pune,36.6,62,2.31,230.86,0.0,116.64,243.53,591.03,106.63,COD,Cancelled,3.4,None,Hyderabad,Honda City,Petrol,7
T02937,2025-08-02,V008,Sedan,D081,Driver_081,4.1,R011,Visakhapatnam,Mumbai,52.2,111,,424.68,3129.94,234.92,448.21,4237.75,1238.35,UPI,Completed,3.9,None,Visakhapatnam,Honda City,Petrol,1
T02938,2025-02-08,V013,Sedan,D064,Driver_064,3.4,R036,Kochi,Pune,65.3,167,4.61,493.34,5270.1,215.31,600.7,6579.45,537.59,Cash,Cancelled,3.2,Inspection,Kochi,Hyundai Verna,Petrol,3
T02939,2025-04-07,V030,Truck,D022,Driver_022,3.9,R005,Hyderabad,Kochi,30.6,69,4.79,524.22,3304.24,120.89,382.49,4331.84,1571.42,UPI,Completed,4.7,Repair,Hyderabad,Ashok Leyland Dost,Diesel,11
T02940,2025-03-13,V046,Truck,D020,Driver_020,3.8,R021,Kochi,Chennai,44.9,135,6.29,631.7,2319.52,72.96,498.02,3522.2,54.45,COD,Cancelled,,Inspection,Kochi,Tata 407,Diesel,1
T02941,2025-04-09,V013,SUV,D141,Driver_141,4.0,R033,Mumbai,Chennai,52.8,93,3.94,374.44,6409.15,102.98,429.65,7316.22,1700.01,Net Banking,Completed,4.3,Inspection,Mumbai,Kia Seltos,Diesel,8
T02942,2025-10-21,V099,Sedan,D145,Driver_145,4.1,R002,Pune,Bengaluru,24.7,64,1.61,153.64,0.0,66.3,281.72,501.66,928.29,UPI,Completed,3.5,Service,Pune,Honda City,Petrol,8
T02943,2025-10-23,V075,Sedan,D067,Driver_067,3.7,R015,Delhi,Mumbai,52.8,158,3.36,322.31,1868.98,219.79,905.28,3316.36,1568.6,Cash,Completed,4.7,None,Delhi,Maruti Dzire,Petrol,6
T02944,2025-12-20,V078,Sedan,D066,Driver_066,4.3,R063,Chennai,Pune,29.3,115,1.93,210.31,0.0,101.62,379.68,691.61,823.73,UPI,Completed,4.1,None,Chennai,Hyundai Verna,Petrol,7
T02945,2025-02-25,V023,Van,D123,Driver_123,4.1,R036,Bengaluru,Kochi,46.8,126,4.66,490.03,6832.22,146.04,435.3,7903.59,2092.18,,Completed,3.9,None,Bengaluru,Maruti Eeco,Diesel,7
T02946,2025-08-05,V035,Sedan,D137,Driver_137,3.8,R040,Delhi,Kochi,77.8,162,5.34,518.03,0.0,293.39,648.4,1459.82,1925.78,COD,Completed,4.2,None,Delhi,Maruti Dzire,Petrol,9
T02947,2025-02-28,V005,Sedan,D062,Driver_062,4.1,R050,Pune,Chennai,28.0,71,2.11,214.94,0.0,80.08,219.49,514.51,746.49,COD,Completed,4.4,None,Pune,Honda City,Petrol,9
T02948,2025-12-25,V065,Truck,D089,Driver_089,4.4,R073,Hyderabad,Kochi,17.9,78,2.47,248.88,2103.19,34.04,439.8,2825.91,958.85,UPI,Completed,3.8,Repair,Hyderabad,Ashok Leyland Dost,Diesel,11
T02949,2025-09-08,V060,Sedan,D009,Driver_009,2.5,R038,Pune,Chennai,33.5,92,2.23,217.67,0.0,93.39,503.24,814.3,1179.45,COD,Completed,2.9,,Pune,Maruti Dzire,Petrol,10
T02950,2025-04-25,V041,Van,D008,Driver_008,4.2,R028,Mumbai,Chennai,88.1,208,10.61,1059.06,6550.04,231.89,1183.46,9024.45,3236.94,Card,Completed,4.2,Repair,Mumbai,Force Traveller,Diesel,4
T02951,2025-04-01,V065,Truck,D110,Driver_110,3.8,R072,Bengaluru,Visakhapatnam,19.1,38,2.88,276.17,0.0,31.98,204.74,512.89,1328.78,UPI,Completed,4.2,None,Bengaluru,Tata 407,Diesel,7
T02952,2025-01-01,V090,Sedan,D059,Driver_059,4.7,R022,Delhi,Bengaluru,13.5,46,1.05,101.5,6133.42,55.12,174.55,6464.59,814.06,COD,Completed,4.2,None,Delhi,Hyundai Verna,Petrol,8
T02953,2025-03-05,V029,SUV,D115,Driver_115,3.6,R068,Mumbai,Hyderabad,24.1,73,2.02,206.06,0.0,101.21,251.53,558.8,824.55,Card,Completed,4.6,Service,Mumbai,Kia Seltos,Diesel,11
T02954,2025-03-05,V087,Sedan,D143,Driver_143,5.0,R067,Chennai,Mumbai,37.2,142,2.71,277.11,0.0,159.91,704.42,1141.44,317.4,UPI,Cancelled,4.6,Repair,Chennai,Hyundai Verna,Petrol,12
T02955,2025-03-03,V006,Van,D017,Driver_017,4.3,R073,Pune,Visakhapatnam,30.2,76,3.23,346.88,0.0,131.16,297.94,775.98,1354.19,UPI,Completed,3.4,Service,Pune,Tata Winger,Diesel,8
T02956,2025-07-22,V042,SUV ,D124,Driver_124,4.4,R052,Delhi,Visakhapatnam,21.8,54,1.52,163.31,0.0,92.52,167.73,423.56,1007.5,UPI,Completed,4.2,None,Delhi,Honda City,Petrol,12
T02957,2025-12-31,V039,Sedan,D092,Driver_092,3.9,R076,Chennai,Pune,84.0,203,5.6,591.09,9700.13,373.33,1077.08,11741.63,151.11,Card,Cancelled,3.2,None,Chennai,Honda City,Petrol,11
T02958,2025-12-06,V030,Van,D146,Driver_146,4.0,R015,Visakhapatnam,Hyderabad,127.7,267,11.96,1243.86,0.0,258.56,1394.03,2896.45,4767.83,COD,Completed,4.0,None,Visakhapatnam,Maruti Eeco,Diesel,7
T02959,2025-02-18,V043,Sedan,D090,Driver_090,4.5,R045,Delhi,Mumbai,48.0,156,3.14,311.08,2995.16,216.41,869.08,4391.73,1302.21,Net Banking,Completed,4.4,Repair,Delhi,Hyundai Verna,Petrol,7
T02960,2025-10-23,V072,Sedan,D142,Driver_142,4.6,R010,Kochi,Pune,45.0,135,2.81,271.47,0.0,183.22,772.01,1226.7,1527.72,Net Banking,Completed,3.8,Service,Kochi,Hyundai Verna,Petrol,8
T02961,2025-05-04,V099,Van,D127,Driver_127,3.7,R055,Chennai,Hyderabad,83.1,247,7.98,792.86,6277.63,203.5,801.59,8075.58,3068.4,Cash,Completed,3.4,Inspection,Chennai,Force Traveller,Diesel,7
T02962,2025-04-04,V035,Sedan,D065,Driver_065,4.1,R021,Chennai,Bengaluru,9.3,17,0.67,69.22,0.0,21.74,150.0,240.96,1.5,COD,Cancelled,3.8,Service,Chennai,Honda City,Petrol,12
T02963,2025-01-26,V014,Van,D137,Driver_137,3.5,R013,Pune,Delhi,58.9,178,6.06,636.55,0.0,252.46,825.54,1714.55,2410.64,Net Banking,Completed,3.1,Repair,Pune,Maruti Eeco,Diesel,12
T02964,2025-03-16,V013,Sedan,D126,Driver_126,3.9,R005,Delhi,Visakhapatnam,35.0,91,2.45,250.96,2669.06,112.32,287.54,3319.88,853.51,COD,Completed,2.5,Repair,Delhi,Hyundai Verna,Petrol,2
T02965,2025-07-30,V024,SUV,D077,Driver_077,4.3,R071,Chennai,Pune,110.2,297,9.55,997.62,5394.28,441.78,1293.14,8126.82,3472.85,UPI,Completed,3.8,None,Chennai,Hyundai Creta,Diesel,2
T02966,2025-08-18,V089,Van,D092,Driver_092,4.0,R002,Hyderabad,Chennai,29.1,60,2.89,286.41,0.0,85.37,313.85,685.63,1351.94,Net Banking,Completed,4.8,None,Hyderabad,Force Traveller,Diesel,6
T02967,2025-03-20,V060,Truck,D109,Driver_109,4.9,R057,Kochi,Chennai,16.6,40,2.86,283.48,0.0,74.23,152.7,510.41,1202.25,COD,Completed,5.0,None,Kochi,Tata 407,Diesel,8
T02968,2025-08-06,V001,Van,D097,Driver_097,3.8,R019,Delhi,Kochi,26.8,68,2.42,253.75,0.0,103.95,387.74,745.44,186.16,Cash,Cancelled,4.2,None,Delhi,Tata Winger,Diesel,11
T02969,2025-11-23,V041,Sedan,D082,Driver_082,4.0,R054,Chennai,Pune,72.6,209,5.39,548.82,7120.82,266.99,892.21,8828.84,2088.41,COD,Completed,3.7,Inspection,Chennai,Hyundai Verna,Petrol,8
T02970,2025-10-11,V018,SUV,D043,Driver_043,3.6,R061,Chennai,Kochi,52.0,162,5.05,522.28,0.0,104.18,615.9,1242.36,1706.16,UPI,Completed,3.4,None,Chennai,Toyota Innova,Diesel,6
T02971,2025-11-18,V006,Van,D035,Driver_035,4.3,R070,Kochi,Delhi,107.2,308,10.8,1031.69,9160.51,428.3,1505.01,12125.51,3958.9,COD,Completed,3.8,None,Kochi,Force Traveller,Diesel,4
T02972,2025-02-13,V084,SUV,D062,Driver_062,3.8,R072,Hyderabad,Kochi,30.4,84,2.72,288.04,0.0,52.06,436.35,776.45,1281.71,UPI,Completed,4.7,None,Hyderabad,Hyundai Creta,Diesel,3
T02973,2025-04-16,V086,SUV,D008,Driver_008,3.9,R002,Pune,Delhi,29.5,65,2.26,247.18,0.0,94.84,272.11,614.13,1165.98,UPI,Completed,4.0,None,Pune,Toyota Innova,Diesel,6
T02974,2025-08-19,V052,Sedan,D096,Driver_096,4.0,R028,Kochi,Chennai,18.9,53,1.38,150.34,5964.15,61.29,233.02,6408.8,608.44,COD,Completed,3.1,Service,Kochi,Honda City,Petrol,10
T02975,2025-12-02,V063,SUV,D006,Driver_006,3.6,R048,Bengaluru,Pune,34.1,90,2.83,304.06,8094.5,117.33,447.62,8963.51,1533.38,Net Banking,Completed,3.3,None,Bengaluru,Hyundai Creta,Diesel,9
T02976,2025-05-18,V023,SUV,D062,Driver_062,4.3,R058,Mumbai,Hyderabad,15.6,61,1.38,148.5,1493.64,32.13,309.6,1983.87,651.91,UPI,Completed,4.4,None,Mumbai,Toyota Innova,Diesel,2
T02977,2025-09-19,V007,SUV,D150,Driver_150,4.1,R071,Mumbai,Hyderabad,22.4,51,2.21,223.85,0.0,44.29,172.58,440.72,805.71,Net Banking,Completed,4.4,None,Mumbai,Kia Seltos,Diesel,5
T02978,2025-05-14,V080,SUV,D039,Driver_039,4.2,R022,Kochi,Delhi,11.8,45,0.92,98.19,0.0,29.34,255.39,382.92,725.03,UPI,Completed,4.5,Repair,Kochi,Toyota Innova,Diesel,6
T02979,2025-08-12,V024,Sedan,D043,Driver_043,3.9,R050,Visakhapatnam,Chennai,64.9,178,5.19,562.08,0.0,225.09,840.32,1627.49,1688.64,Net Banking,Completed,3.3,None,Visakhapatnam,Honda City,Petrol,5
T02980,2025-10-21,V049,Van,D049,Driver_049,3.8,R017,Pune,Kochi,58.1,123,5.78,580.66,2938.54,180.53,427.59,4127.32,2396.59,Cash,Completed,4.2,None,Pune,Maruti Eeco,Diesel,5
T02981,2025-08-03,V030,Sedan,D110,Driver_110,4.4,R063,Delhi,Hyderabad,33.8,90,2.24,239.14,4542.57,129.08,329.02,5239.81,914.79,Cash,Completed,3.6,Repair,Delhi,Hyundai Verna,Petrol,10
T02982,2025-09-15,V078,SUV,D064,Driver_064,,R003,Delhi,Pune,28.6,62,2.42,239.53,0.0,92.53,252.79,584.85,1111.51,UPI,Completed,3.9,Inspection,Delhi,Kia Seltos,Diesel,1
T02983,2025-03-14,V049,Truck,D019,Driver_019,3.9,R058,Chennai,Mumbai,91.8,151,14.25,1494.52,,201.3,683.73,3962.64,4036.02,COD,Completed,4.6,None,Chennai,Ashok Leyland Dost,Diesel,5
T02984,2025-01-23,V092,Sedan,D061,Driver_061,4.3,R036,Kochi,Chennai,13.5,43,1.01,101.06,0.0,45.67,177.36,324.09,706.7,Cash,Completed,,None,Kochi,Maruti Dzire,Petrol,12
T02985,2025-12-21,V055,Truck,D023,Driver_023,4.5,R067,Hyderabad,Delhi,29.6,68,3.95,391.58,0.0,47.52,318.52,757.62,1401.27,Net Banking,Completed,3.1,Inspection,Hyderabad,Tata 407,Diesel,4
T02986,2025-08-11,V088,Sedan,D081,Driver_081,3.5,R060,Delhi,Hyderabad,31.3,89,2.04,217.32,0.0,143.45,464.64,825.41,934.31,UPI,Completed,3.8,None,Delhi,Honda City,Petrol,8
T02987,2025-10-16,V087,SUV,D041,Driver_041,4.4,R057,Visakhapatnam,Pune,62.1,108,6.2,632.61,0.0,94.13,485.47,1212.21,356.0,UPI,Cancelled,3.4,Repair,Visakhapatnam,Toyota Innova,Diesel,3
T02988,2025-09-12,V097,SUV,D099,Driver_099,4.2,R070,Kochi,Pune,29.9,74,2.75,263.47,0.0,58.77,321.68,643.92,1028.81,UPI,Completed,4.7,Service,Kochi,Toyota Innova,Diesel,2
T02989,2025-03-17,V027,Sedan,D085,Driver_085,4.3,R046,Chennai,Delhi,18.1,39,1.44,137.75,0.0,30.75,150.0,318.5,785.06,Card,Completed,4.7,None,Chennai,Maruti Dzire,Petrol,2
T02990,2025-12-25,V076,Truck,D084,Driver_084,4.1,R012,Kochi,Bengaluru,109.4,303,17.59,1890.87,9324.04,472.99,1503.15,13191.05,4806.36,Card,Completed,3.6,None,Kochi,Ashok Leyland Dost,Diesel,7
T02991,2025-11-28,V082,Van,D025,Driver_025,3.9,R014,Chennai,Mumbai,28.6,70,3.21,330.95,0.0,62.74,224.6,618.29,1268.85,UPI,Completed,4.9,None,Chennai,Tata Winger,Diesel,5
T02992,2025-03-07,V019,SUV,D004,Driver_004,4.8,R014,Mumbai,Hyderabad,26.7,77,2.65,269.38,4660.4,101.28,255.51,5286.57,182.02,Cash,Cancelled,3.7,None,Mumbai,Toyota Innova,Diesel,11
T02993,2025-07-29,V021,Truck,D098,Driver_098,4.3,R041,Kochi,Hyderabad,36.5,58,4.91,520.74,5606.7,123.93,279.68,6531.05,1881.67,UPI,Completed,4.3,Repair,Kochi,Ashok Leyland Dost,Diesel,1
T02994,2025-09-20,V050,Sedan,D093,Driver_093,3.7,R076,Bengaluru,Delhi,125.0,284,8.69,861.32,0.0,504.41,975.35,2341.08,3269.84,Card,Completed,4.1,Repair,Bengaluru,Maruti Dzire,Petrol,5
T02995,2025-03-08,V080,SUV,D053,Driver_053,4.7,R046,Delhi,Mumbai,23.6,88,1.92,201.91,0.0,66.8,332.66,601.37,818.56,Net Banking,Completed,5.0,None,Delhi,Hyundai Creta,Diesel,12
T02996,2025-03-11,V080,Sedan,D129,Driver_129,4.4,R020,Hyderabad,Delhi,25.9,45,1.99,214.88,0.0,40.19,228.16,483.23,987.37,Card,Completed,3.1,None,Hyderabad,Hyundai Verna,Petrol,9
T02997,2025-05-29,V017,Van,D113,Driver_113,3.8,R038,Kochi,Pune,25.2,101,2.46,235.62,0.0,95.15,354.31,685.08,1034.48,UPI,Completed,3.9,Service,Kochi,Tata Winger,Diesel,11
T02998,2025-06-28,V036,Truck,D126,Driver_126,3.6,R021,Chennai,Visakhapatnam,43.9,134,7.57,778.48,0.0,119.79,508.4,1406.67,2309.73,Net Banking,Completed,4.4,None,Chennai,BharatBenz 1015,Diesel,9
T02999,2025-09-21,V062,Sedan,D074,Driver_074,3.9,R070,Mumbai,Chennai,35.9,105,2.29,237.99,0.0,56.31,421.21,715.51,1265.84,UPI,Completed,4.2,None,Mumbai,Maruti Dzire,Petrol,8
T03000,2025-04-06,V062,Truck,D054,Driver_054,4.2,R071,Pune,Chennai,43.2,111,5.6,588.72,0.0,177.16,464.48,1230.36,2333.52,Net Banking,Completed,2.7,Repair,Pune,Tata 407,Diesel,1
T03001,2025-11-03,V035,SUV,D031,Driver_031,4.7,R073,Hyderabad,Chennai,42.4,149,3.46,329.0,4246.17,109.58,768.11,5452.86,1521.35,Net Banking,Completed,2.9,Service,Hyderabad,Kia Seltos,Diesel,9
T03002,2025-12-01,V073,Truck,D131,Driver_131,4.8,R079,Pune,Visakhapatnam,65.9,186,8.43,911.03,0.0,93.1,855.65,1859.78,3010.65,COD,Completed,3.9,None,Pune,Tata 407,Diesel,11
T03003,2025-03-22,V022,Sedan,D022,Driver_022,4.6,R038,Bengaluru,Visakhapatnam,44.5,106,3.28,326.54,0.0,190.28,492.76,1009.58,1181.69,Cash,Completed,4.3,None,Bengaluru,Hyundai Verna,Petrol,12
T03004,2025-10-13,V033,SUV,D066,Driver_066,3.5,R006,Mumbai,Bengaluru,31.1,57,2.89,299.81,0.0,44.65,173.62,518.08,1434.68,COD,Completed,3.8,None,Mumbai,Hyundai Creta,Diesel,7
T03005,2025-06-03,V086,SUV,D087,Driver_087,3.9,R060,Visakhapatnam,Bengaluru,24.6,49,1.97,209.64,0.0,104.48,285.42,599.54,936.06,Card,Completed,4.0,None,Visakhapatnam,Kia Seltos,Diesel,2
T03006,2025-11-26,V043,Van,D125,Driver_125,3.6,R048,Hyderabad,Mumbai,51.0,139,5.07,481.73,0.0,71.14,800.16,1353.03,2135.02,Cash,Completed,4.1,Inspection,Hyderabad,Maruti Eeco,Diesel,7
T03007,2025-04-23,V015,Sedan,D139,Driver_139,4.0,R032,Chennai,Hyderabad,35.6,112,2.56,269.81,1018.48,56.24,593.54,1938.07,1083.47,COD,Completed,3.7,Repair,Chennai,Honda City,Petrol,1
T03008,2025-01-22,V090,SUV,D134,Driver_134,3.6,R080,Bengaluru,Kochi,49.3,132,4.05,409.56,608.08,204.61,704.13,1926.38,1815.0,COD,Completed,4.1,Repair,Bengaluru,Toyota Innova,Diesel,6
T03009,2025-03-14,V011,Van,D078,Driver_078,3.6,R059,Hyderabad,Chennai,60.6,89,6.85,738.67,0.0,206.25,460.66,1405.58,2410.2,Net Banking,Completed,6.0,Inspection,Hyderabad,Force Traveller,Diesel,2
T03010,2025-05-25,V003,SUV,D023,Driver_023,4.7,R006,Pune,Delhi,25.5,89,1.99,203.3,0.0,84.05,339.75,627.1,,Card,Cancelled,3.4,Inspection,Pune,Kia Seltos,Diesel,9
T03011,2025-01-09,V008,Van,D063,Driver_063,4.1,R006,Kochi,Mumbai,54.5,174,5.07,530.53,0.0,146.54,674.12,1351.19,2031.5,Net Banking,Completed,4.6,None,Kochi,Maruti Eeco,Diesel,6
T03012,2025-04-05,V017,Van,D080,Driver_080,3.7,R039,Pune,Hyderabad,24.9,51,2.66,261.89,0.0,95.89,199.81,557.59,1043.65,COD,Completed,3.0,None,Pune,Tata Winger,Diesel,8
T03013,2025-03-22,V022,Van,D091,Driver_091,3.7,R004,Bengaluru,Pune,22.5,69,2.09,216.48,5217.03,87.29,265.52,5786.32,1001.2,COD,Completed,4.1,Inspection,Bengaluru,Tata Winger,Diesel,2
T03014,2025-06-20,V095,Sedan,D040,Driver_040,4.3,R074,Visakhapatnam,Mumbai,33.6,103,2.27,225.39,0.0,70.88,336.76,633.03,1217.76,Net Banking,Completed,3.9,None,Visakhapatnam,Hyundai Verna,Petrol,1
T03015,2025-11-14,V061,Sedan,D016,Driver_016,3.7,R008,Kochi,Pune,17.3,61,1.16,119.81,5263.65,61.41,299.21,5744.08,484.57,Cash,Completed,3.1,Repair,Kochi,Honda City,Petrol,3
T03016,2025-12-03,V073,Van,D122,Driver_122,4.1,R041,Bengaluru,Pune,78.2,191,8.43,823.18,0.0,151.73,680.03,1654.94,2827.13,COD,Completed,3.6,Repair,Bengaluru,Maruti Eeco,Diesel,7
T03017,2025-11-13,V043,Sedan,D126,Driver_126,4.1,R035,Chennai,Hyderabad,132.6,402,8.57,893.19,8549.1,215.05,1692.68,11350.02,3315.28,UPI,Completed,3.2,None,Chennai,Maruti Dzire,Petrol,1
T03018,2025-11-05,V013,SUV,D142,Driver_142,4.0,R013,Bengaluru,Delhi,10.3,27,0.8,84.45,1842.95,47.95,150.0,2125.35,577.26,Net Banking,Completed,4.0,None,Bengaluru,Kia Seltos,Diesel,5
T03019,2025-02-16,V032,Van,D110,Driver_110,3.9,R045,Mumbai,Pune,38.1,116,3.91,427.56,0.0,134.15,591.79,1153.5,1640.78,Cash,Completed,4.1,Repair,Mumbai,Maruti Eeco,Diesel,5
T03020,2025-05-02,V070,SUV,D070,Driver_070,3.8,R076,Pune,Delhi,17.7,62,1.57,162.65,3147.83,35.61,332.48,3678.57,1005.27,UPI,Completed,3.3,Repair,Pune,Toyota Innova,Diesel,11
T03021,2025-04-27,V033,Sedan,D090,Driver_090,4.6,R056,Pune,Kochi,43.1,100,2.78,276.76,0.0,62.84,455.82,795.42,1419.37,Cash,Completed,4.7,None,Pune,Maruti Dzire,Petrol,9
T03022,2025-10-05,V021,SUV,D098,Driver_098,4.2,R072,Delhi,Bengaluru,16.4,53,1.37,145.05,8917.97,53.41,270.23,9386.66,909.81,Cash,Completed,3.3,None,Delhi,Hyundai Creta,Diesel,12
T03023,2025-04-13,V082,Sedan,D117,Driver_117,3.9,R016,Visakhapatnam,Chennai,79.0,222,5.36,560.98,0.0,256.1,862.33,1679.41,1926.22,Cash,Completed,2.4,None,Visakhapatnam,Hyundai Verna,Petrol,4
T03024,2025-10-20,V078,Sedan,D031,Driver_031,3.3,R075,Pune,Delhi,20.4,43,1.44,140.08,0.0,37.49,227.71,405.28,684.96,Card,Completed,3.8,Inspection,Pune,Maruti Dzire,Petrol,6
T03025,2025-06-07,V080,Sedan,D004,Driver_004,4.5,R076,Visakhapatnam,Chennai,19.8,55,1.53,166.66,588.98,70.58,277.29,1103.51,62.21,Cash,Cancelled,4.1,None,Visakhapatnam,Maruti Dzire,Petrol,3
T03026,2025-05-26,V056,Van,D022,Driver_022,2.8,R044,Delhi,Visakhapatnam,36.5,109,3.46,329.82,4332.55,138.26,597.81,5398.44,1385.27,Net Banking,Completed,4.0,Repair,Delhi,Force Traveller,Diesel,12
T03027,2025-05-29,V042,Sedan,D003,Driver_003,,R011,Chennai,,95.1,201,6.44,623.87,0.0,182.88,681.77,1488.52,2479.63,COD,Completed,3.2,None,Chennai,Maruti Dzire,Petrol,9
T03028,2025-06-18,V074,SUV,D075,Driver_075,3.8,R012,Chennai,Pune,25.7,53,1.96,214.13,0.0,99.35,205.47,518.95,106.45,Net Banking,Cancelled,4.3,Inspection,Chennai,Kia Seltos,Diesel,6
T03029,2025-04-24,V066,Sedan,D067,Driver_067,3.3,R019,Kochi,Chennai,43.6,106,3.2,305.02,0.0,115.13,365.57,785.72,1455.31,UPI,Completed,4.5,None,Kochi,Hyundai Verna,Petrol,8
T03030,2025-08-28,V055,Van,D140,Driver_140,3.9,R041,Visakhapatnam,Chennai,78.4,159,9.08,887.87,0.0,337.4,795.09,2020.36,206.42,Card,Cancelled,2.6,None,Visakhapatnam,Maruti Eeco,Diesel,4
T03031,2025-12-30,V058,Truck,D143,Driver_143,3.8,R050,Bengaluru,Mumbai,17.0,32,2.96,314.23,0.0,52.4,173.98,540.61,1164.45,Net Banking,Completed,3.7,Inspection,Bengaluru,Tata 407,Diesel,2
T03032,2025-06-05,V036,SUV,D118,Driver_118,4.6,R052,Hyderabad,Bengaluru,48.1,141,3.82,419.19,0.0,149.18,535.82,1104.19,1894.08,UPI,Completed,4.1,Repair,Hyderabad,Kia Seltos,Diesel,2
T03033,2025-03-22,V035,Van,D113,Driver_113,3.9,R028,Bengaluru,Kochi,24.7,56,2.74,269.03,0.0,114.06,282.38,665.47,1093.59,Cash,Completed,4.0,Inspection,Bengaluru,Tata Winger,Diesel,11
T03034,2025-06-27,V083,Sedan,D009,Driver_009,4.9,R008,Pune,Delhi,29.7,96,2.16,218.31,0.0,49.07,444.64,712.02,57.05,Net Banking,Cancelled,4.1,Service,Pune,Hyundai Verna,Petrol,4
T03035,2025-11-01,V077,SUV,D122,Driver_122,4.3,R063,Bengaluru,Delhi,12.1,23,0.91,99.25,0.0,46.09,150.0,295.34,466.12,Cash,completed,4.1,None,Bengaluru,Hyundai Creta,Diesel,9
T03036,2025-12-06,V088,Sedan,D002,Driver_002,3.7,R023,Pune,Visakhapatnam,68.8,177,4.41,451.56,0.0,252.59,824.99,1529.14,1789.29,COD,Completed,5.0,Service,Pune,Maruti Dzire,Petrol,8
T03037,2025-09-11,V020,Sedan,D117,Driver_117,4.4,R005,Chennai,Kochi,32.0,66,2.03,216.55,9894.16,101.89,198.02,10410.62,1008.45,Card,Completed,5.0,None,Chennai,Hyundai Verna,Petrol,9
T03038,2025-09-24,V092,Sedan,D137,Driver_137,4.5,R080,Bengaluru,Chennai,125.9,296,8.21,817.03,4573.77,538.86,954.75,6884.41,3233.99,UPI,Completed,3.5,None,Bengaluru,Hyundai Verna,Petrol,2
T03039,2025-04-08,V021,Sedan,D035,Driver_035,3.4,R067,Pune,Hyderabad,21.6,61,1.58,167.63,0.0,38.22,308.4,514.25,600.69,Card,Completed,4.5,Inspection,Pune,Honda City,Petrol,9
T03040,2025-10-02,V051,SUV,D061,Driver_061,3.3,R035,Pune,Hyderabad,64.9,147,6.39,661.28,0.0,251.04,499.59,1411.91,2065.47,COD,Completed,3.9,None,Pune,Kia Seltos,Diesel,11
T03041,2025-06-22,V055,Sedan,D024,Driver_024,3.1,R067,Visakhapatnam,Kochi,21.8,75,1.31,141.45,0.0,59.45,354.76,555.66,830.49,Net Banking,Completed,4.7,None,Visakhapatnam,Hyundai Verna,Petrol,9
T03042,2025-03-07,V056,Sedan,D047,Driver_047,4.4,R049,Pune,Bengaluru,17.9,56,1.26,130.22,0.0,32.46,244.24,406.92,748.16,UPI,Completed,4.1,Service,Pune,Honda City,Petrol,10
T03043,2025-11-27,V038,Sedan,D053,Driver_053,3.5,R020,Kochi,Chennai,88.1,233,6.27,661.45,9758.42,229.51,1033.33,11682.71,2122.66,UPI,Completed,3.2,None,Kochi,Honda City,Petrol,2
T03044,2025-03-25,V025,Truck,D114,Driver_114,4.2,R008,Chennai,Delhi,36.8,88,5.21,497.97,0.0,165.0,335.37,998.34,1817.89,UPI,Completed,4.8,Inspection,Chennai,BharatBenz 1015,Diesel,9
T03045,2025-06-16,V083,SUV,D037,Driver_037,3.5,R004,Kochi,Hyderabad,143.9,313,12.95,1234.66,0.0,443.18,1696.6,3374.44,4415.56,Card,Completed,4.9,Service,Kochi,Kia Seltos,Diesel,5
T03046,2025-04-30,V053,SUV,D086,Driver_086,3.6,R035,Bengaluru,Mumbai,24.0,55,1.93,201.13,1336.62,56.36,168.36,1762.47,29.62,UPI,Cancelled,4.2,None,Bengaluru,Kia Seltos,Diesel,11
T03047,2025-08-18,V098,Sedan,D039,Driver_039,4.7,R024,Visakhapatnam,Chennai,24.3,94,1.89,206.92,0.0,83.28,330.64,620.84,1002.63,Card,Completed,3.3,None,Visakhapatnam,Honda City,Petrol,8
T03048,2025-08-16,V060,Van,D050,Driver_050,3.2,R034,Hyderabad,Visakhapatnam,66.9,227,7.98,840.89,0.0,205.05,1123.83,2169.77,,Card,Cancelled,4.2,Service,Hyderabad,Maruti Eeco,Diesel,6
T03049,2025-06-26,V080,Truck,D038,Driver_038,3.7,R077,Pune,Chennai,25.8,58,3.32,361.7,0.0,113.73,198.54,673.97,1487.24,UPI,Completed,5.0,Inspection,Pune,Tata 407,Diesel,2
T03050,2025-05-15,V073,Truck,D105,Driver_105,5.0,R038,Bengaluru,Visakhapatnam,25.2,76,4.26,418.97,0.0,62.23,410.24,891.44,1357.57,COD,Completed,3.8,Inspection,Bengaluru,Tata 407,Diesel,7
T03051,2025-01-16,V100,Sedan,D077,Driver_077,4.4,R013,Pune,Kochi,25.3,69,1.81,172.22,3832.13,66.48,379.22,4450.05,975.36,UPI,Completed,3.7,Repair,Pune,Maruti Dzire,Petrol,7
T03052,2025-03-25,V071,SUV,D059,Driver_059,5.0,R005,Delhi,Pune,58.4,199,4.46,447.38,0.0,266.72,758.78,1472.88,2199.16,Net Banking,Completed,4.2,None,Delhi,Kia Seltos,Diesel,11
T03053,2025-10-30,V004,Van,D084,Driver_084,4.0,R042,Mumbai,Bengaluru,46.3,150,4.19,410.66,1190.52,71.88,634.23,2307.29,1773.05,Net Banking,Completed,2.8,None,Mumbai,Tata Winger,Diesel,1
T03054,2025-03-31,V085,Sedan,D029,Driver_029,4.5,R055,Hyderabad,Visakhapatnam,33.8,92,2.26,217.92,8329.29,103.24,337.55,8988.0,940.63,UPI,Completed,4.2,None,Hyderabad,Maruti Dzire,Petrol,10
T03055,2025-01-23,V040,Sedan,D098,Driver_098,4.3,R010,Pune,Mumbai,99.2,254,6.31,620.26,896.53,450.38,985.92,2953.09,2573.9,Net Banking,Completed,2.7,Inspection,Pune,Maruti Dzire,Petrol,10
T03056,2025-05-19,V067,Sedan,D031,Driver_031,3.4,R071,Delhi,Hyderabad,49.3,151,3.79,401.31,0.0,182.59,644.94,1228.84,1379.95,UPI,Completed,4.2,Repair,Delhi,Honda City,Petrol,12
T03057,2025-07-06,V083,Van,D001,Driver_001,4.5,R015,Visakhapatnam,Bengaluru,60.6,115,7.13,693.26,0.0,187.8,494.23,1375.29,2216.69,COD,Completed,3.6,None,Visakhapatnam,Maruti Eeco,Diesel,1
T03058,2025-03-20,V030,Sedan,D101,Driver_101,3.9,R050,Delhi,Visakhapatnam,18.5,57,1.17,128.17,0.0,52.46,194.75,375.38,139.8,Cash,Cancelled,4.7,None,Delhi,Maruti Dzire,Petrol,2
T03059,2025-02-28,V016,SUV,D030,Driver_030,3.4,R018,Kochi,Hyderabad,26.0,72,2.16,227.21,0.0,53.66,312.61,593.48,966.01,Card,Completed,4.2,Service,Kochi,Kia Seltos,Diesel,3
T03060,2025-10-24,V039,Sedan,D001,Driver_001,3.8,R012,Bengaluru,Pune,27.8,63,2.21,214.3,0.0,43.28,231.8,489.38,1157.74,Net Banking,Completed,4.4,None,Bengaluru,Honda City,Petrol,3
T03061,2025-05-18,V011,SUV,D069,Driver_069,3.1,R052,Visakhapatnam,Pune,14.7,53,1.14,116.98,0.0,66.43,223.49,406.9,730.19,Card,Completed,4.5,Service,Visakhapatnam,Hyundai Creta,Diesel,1
T03062,2025-11-08,V089,SUV,D002,Driver_002,3.7,R056,Visakhapatnam,Bengaluru,79.2,251,6.22,647.05,2473.51,170.21,1061.23,4352.0,440.67,COD,Cancelled,4.0,None,Visakhapatnam,Toyota Innova,Diesel,7
T03063,2025-02-25,V083,SUV ,D041,Driver_041,3.3,R025,Delhi,Visakhapatnam,27.3,103,2.16,219.65,0.0,74.71,557.95,852.31,852.1,UPI,Completed,4.3,None,Delhi,Maruti Dzire,Petrol,6
T03064,2025-08-18,V057,Truck,D076,Driver_076,4.2,R008,Delhi,Mumbai,53.7,82,8.4,893.19,0.0,203.43,296.06,1392.68,2501.88,UPI,Completed,4.4,None,Delhi,BharatBenz 1015,Diesel,2
T03065,2025-07-18,V024,Sedan,D023,Driver_023,4.1,R003,Chennai,Bengaluru,8.0,15,0.48,50.6,7320.7,36.88,150.0,7558.18,402.01,Card,Completed,3.9,None,Chennai,Honda City,Petrol,12
T03066,2025-01-24,V069,Sedan,D096,Driver_096,4.2,R055,Mumbai,Bengaluru,22.5,85,1.45,152.77,6351.9,74.38,459.15,7038.2,183.01,Net Banking,Cancelled,4.1,None,Mumbai,Honda City,Petrol,3
T03067,2025-06-09,V081,Sedan,D004,Driver_004,4.0,R021,Delhi,Visakhapatnam,101.4,202,6.04,644.05,3679.04,147.66,899.65,5370.4,2753.21,Card,Completed,3.2,None,Delhi,Honda City,Petrol,12
T03068,2025-03-12,V094,Truck,D123,Driver_123,3.6,R063,Hyderabad,Visakhapatnam,53.0,166,8.7,922.52,4679.7,244.87,714.76,6561.85,2757.95,Card,Completed,3.7,Inspection,Hyderabad,Ashok Leyland Dost,Diesel,12
T03069,2025-09-03,V085,Sedan,D118,Driver_118,4.5,R073,Mumbai,Hyderabad,107.4,245,6.44,706.35,0.0,393.68,870.75,1970.78,172.67,Card,Cancelled,2.5,None,Mumbai,Hyundai Verna,Petrol,8
T03070,2025-04-07,V002,Sedan,D104,Driver_104,3.4,R028,Chennai,Hyderabad,68.8,136,5.57,601.96,,273.76,444.11,4224.9,1895.01,Cash,Completed,4.1,Service,Chennai,Hyundai Verna,Petrol,9
T03071,2025-10-19,V083,Sedan,D043,Driver_043,3.3,R009,Hyderabad,Kochi,32.8,92,2.44,232.33,0.0,44.03,385.65,662.01,970.8,Net Banking,Completed,4.2,Inspection,Hyderabad,Hyundai Verna,Petrol,8
T03072,2025-05-08,V076,SUV,D055,Driver_055,3.7,R040,Delhi,Mumbai,50.4,100,4.43,432.36,0.0,103.76,475.66,1011.78,2047.89,UPI,Completed,2.9,Inspection,Delhi,Toyota Innova,Diesel,3
T03073,2025-04-16,V035,SUV,D123,Driver_123,4.5,R045,Bengaluru,Kochi,35.3,90,3.17,306.97,0.0,105.2,515.05,927.22,1596.98,Cash,Completed,4.1,Service,Bengaluru,Kia Seltos,Diesel,4
T03074,2025-04-05,V028,Sedan,D053,Driver_053,4.7,R046,Mumbai,Chennai,19.6,33,1.22,118.44,0.0,88.85,152.01,359.3,781.24,UPI,Completed,4.2,Repair,Mumbai,Maruti Dzire,Petrol,9
T03075,2025-09-29,V044,Van,D149,Driver_149,4.4,R057,Visakhapatnam,Kochi,25.0,61,2.59,260.25,0.0,75.3,335.85,671.4,1117.47,Net Banking,Completed,3.7,None,Visakhapatnam,Maruti Eeco,Diesel,8
T03076,2025-08-18,V033,Sedan,D098,Driver_098,5.0,R020,Delhi,Hyderabad,9.1,24,0.61,64.07,0.0,33.16,150.0,247.23,604.92,COD,Completed,3.9,None,Delhi,Honda City,Petrol,5
T03077,2025-05-29,V053,SUV,D029,Driver_029,3.9,R036,Hyderabad,Bengaluru,24.9,67,2.27,240.86,0.0,65.37,382.27,688.5,904.18,,Completed,4.2,None,Hyderabad,Toyota Innova,Diesel,11
T03078,2025-09-02,V092,Truck,D106,Driver_106,4.9,R078,Mumbai,Visakhapatnam,13.5,53,1.97,195.92,0.0,54.49,242.79,493.2,990.13,Card,Completed,3.7,None,Mumbai,Tata 407,Diesel,8
T03079,2025-01-19,V034,Sedan,D137,Driver_137,3.9,R061,Hyderabad,Visakhapatnam,26.2,87,1.6,163.59,0.0,48.27,428.37,640.23,1006.85,Cash,Completed,3.5,Inspection,Hyderabad,Hyundai Verna,Petrol,9
T03080,2025-08-05,V098,SUV,D011,Driver_011,4.1,R070,Hyderabad,Bengaluru,16.8,52,1.34,132.11,3899.34,49.55,280.29,4361.29,17.09,UPI,Cancelled,5.0,None,Hyderabad,Toyota Innova,Diesel,12
T03081,2025-06-04,V027,SUV,D044,Driver_044,4.3,R029,Pune,Visakhapatnam,114.2,359,8.72,834.27,0.0,529.47,1932.48,3296.22,3798.39,Net Banking,Completed,3.8,Repair,Pune,Kia Seltos,Diesel,11
T03082,2025-11-06,V002,Van,D082,Driver_082,3.9,R064,Bengaluru,Pune,86.9,224,8.05,843.87,0.0,256.83,1045.39,2146.09,3356.53,Cash,Completed,3.6,Repair,Bengaluru,Tata Winger,Diesel,2
T03083,2025-01-10,V016,SUV,D117,Driver_117,4.6,R030,Pune,Visakhapatnam,27.3,61,2.44,258.35,0.0,60.85,336.55,655.75,1161.12,Net Banking,Completed,5.0,Repair,Pune,Hyundai Creta,Diesel,9
T03084,2025-04-13,V013,Sedan,D069,Driver_069,4.9,R065,Chennai,Hyderabad,71.4,216,4.39,481.68,0.0,276.87,692.31,1450.86,1943.58,UPI,Completed,4.0,Service,Chennai,Hyundai Verna,Petrol,10
T03085,2025-09-26,V070,SUV,D023,Driver_023,4.3,R078,Delhi,Pune,39.5,117,3.22,309.28,4784.52,109.51,616.96,5820.27,1695.41,Card,Completed,3.7,None,Delhi,Kia Seltos,Diesel,7
T03086,2025-03-22,V051,Van,D032,Driver_032,4.2,R008,Hyderabad,Bengaluru,82.5,251,10.0,1001.06,0.0,271.72,1299.2,2571.98,3203.71,Net Banking,Completed,3.9,None,Hyderabad,Tata Winger,Diesel,3
T03087,2025-04-04,V073,SUV,D093,Driver_093,4.0,R072,Delhi,Kochi,21.0,68,1.64,176.71,0.0,69.54,219.08,465.33,791.93,COD,Completed,2.8,Service,Delhi,Toyota Innova,Diesel,8
T03088,2025-06-03,V061,Sedan,D121,Driver_121,3.9,R013,Visakhapatnam,Mumbai,116.6,194,9.35,1009.26,0.0,328.63,945.5,2283.39,2924.67,Card,Completed,,Repair,Visakhapatnam,Hyundai Verna,Petrol,9
T03089,2025-12-21,V076,SUV,D023,Driver_023,4.5,R055,Pune,Visakhapatnam,14.9,34,1.28,123.8,0.0,60.27,179.55,363.62,968.77,UPI,Completed,5.0,None,Pune,Toyota Innova,Diesel,10
T03090,2025-04-29,V091,SUV,D019,Driver_019,4.7,R056,Pune,Kochi,51.9,134,5.2,512.94,0.0,81.12,514.38,1108.44,2098.7,Net Banking,Completed,4.3,Inspection,Pune,Toyota Innova,Diesel,10
T03091,2025-05-26,V098,Sedan,D019,Driver_019,4.4,R056,Chennai,Bengaluru,105.7,159,6.68,644.35,0.0,150.59,914.97,1709.91,2406.76,upi,Completed,3.6,Inspection,Chennai,Maruti Dzire,Petrol,5
T03092,2025-01-10,V047,Truck,D125,Driver_125,3.6,R035,Chennai,Delhi,9.7,40,1.36,144.24,0.0,37.33,150.0,331.57,949.69,Card,Completed,3.9,None,Chennai,Tata 407,Diesel,11
T03093,2025-06-07,V045,Truck,D032,Driver_032,,R075,Delhi,Hyderabad,23.3,88,3.18,313.31,2634.43,78.63,487.34,3513.71,1379.6,Card,Completed,4.5,None,Delhi,BharatBenz 1015,Diesel,9
T03094,2025-05-26,V034,SUV,D076,Driver_076,4.8,R070,Visakhapatnam,Mumbai,49.7,101,4.46,475.05,0.0,182.98,369.71,1027.74,199.96,Net Banking,Cancelled,3.6,Repair,Visakhapatnam,Toyota Innova,Diesel,3
T03095,2025-08-05,V058,Sedan,D118,Driver_118,3.7,R020,Visakhapatnam,Mumbai,84.2,247,5.5,579.27,0.0,271.99,1184.9,2036.16,1942.0,COD,Completed,4.6,Repair,Visakhapatnam,Honda City,Petrol,2
T03096,2025-05-16,V039,Sedan,D112,Driver_112,4.1,R008,Pune,Visakhapatnam,35.8,89,2.3,231.15,4930.95,158.93,327.97,5649.0,103.81,Net Banking,Cancelled,3.6,Service,Pune,Maruti Dzire,Petrol,5
T03097,2025-12-19,V057,SUV ,D133,Driver_133,4.1,R055,Pune,Hyderabad,8.7,38,0.78,82.61,9414.38,33.78,150.0,9680.77,753.19,Cash,Completed,5.0,Service,Pune,Hyundai Creta,Diesel,2
T03098,2025-02-24,V086,SUV,D098,Driver_098,3.6,R053,Chennai,Visakhapatnam,112.8,270,9.91,1037.6,0.0,310.04,833.76,2181.4,3864.13,UPI,Completed,3.6,Repair,Chennai,Kia Seltos,Diesel,10
T03099,2025-07-17,V006,Sedan,D059,Driver_059,5.0,R075,Pune,Delhi,29.1,41,1.9,184.55,1571.19,116.41,231.12,2103.27,1188.78,COD,Completed,3.3,None,Pune,Hyundai Verna,Petrol,3
T03100,2025-03-20,V005,Truck,D029,Driver_029,4.3,R023,Delhi,Visakhapatnam,31.5,116,5.35,549.01,2693.01,133.57,572.77,3948.36,1497.95,Card,Completed,,Inspection,Delhi,Tata 407,Diesel,9
T03101,2025-05-15,V031,Sedan,D133,Driver_133,3.8,R032,Chennai,Hyderabad,,120,2.46,240.08,0.0,75.66,649.36,965.1,945.07,Card,Completed,4.5,None,Chennai,Hyundai Verna,Petrol,1
T03102,2025-09-26,V040,Van,D066,Driver_066,4.2,R073,Chennai,Hyderabad,36.1,130,4.1,439.35,0.0,151.41,525.43,1116.19,1702.53,COD,Completed,4.3,None,Chennai,Tata Winger,Diesel,1
T03103,2025-03-20,V001,Van,D041,Driver_041,4.2,R066,Hyderabad,Pune,69.5,218,6.87,680.96,0.0,144.65,968.49,1794.1,2667.08,Cash,Completed,,Repair,Hyderabad,Maruti Eeco,Diesel,12
T03104,2025-10-21,V014,SUV,D059,Driver_059,4.6,R041,Hyderabad,Delhi,33.3,66,3.14,313.4,0.0,47.96,198.28,559.64,1147.9,Cash,Completed,3.6,None,Hyderabad,Kia Seltos,Diesel,7
T03105,2025-01-06,V091,Sedan,D019,Driver_019,3.6,R020,Delhi,Pune,53.6,103,3.26,338.19,4353.09,150.09,492.86,5334.23,266.94,COD,Cancelled,3.2,Repair,Delhi,Hyundai Verna,Petrol,5
T03106,2025-04-19,V002,Sedan,D055,Driver_055,3.5,R064,Kochi,Delhi,44.4,85,3.32,346.64,0.0,195.13,483.67,1025.44,1351.64,Cash,Completed,3.5,Service,Kochi,Hyundai Verna,Petrol,1
T03107,2025-06-26,V074,Van,D113,Driver_113,4.0,R029,Pune,Visakhapatnam,37.5,115,4.01,404.9,0.0,152.33,531.66,1088.89,434.81,UPI,Cancelled,5.0,None,Pune,Maruti Eeco,Diesel,6
T03108,2025-04-09,V045,SUV,D042,Driver_042,4.2,R067,Bengaluru,Chennai,31.6,49,2.5,251.07,2369.81,80.23,267.19,2968.3,1387.32,UPI,Completed,4.7,None,Bengaluru,Kia Seltos,Diesel,5
T03109,2025-12-12,V026,SUV,D073,Driver_073,3.3,R023,Mumbai,Visakhapatnam,105.3,237,9.37,975.45,6126.26,286.28,1311.57,8699.56,903.64,UPI,Cancelled,5.0,None,Mumbai,Kia Seltos,Diesel,3
T03110,2025-01-18,V079,Van,D093,Driver_093,4.2,R057,Visakhapatnam,Hyderabad,61.8,154,6.11,601.96,7917.91,143.81,892.45,9556.13,2678.1,COD,Completed,3.9,Service,Visakhapatnam,Force Traveller,Diesel,9
T03111,2025-01-30,V053,Van,D065,Driver_065,3.3,R053,Kochi,Mumbai,39.3,106,4.5,482.03,542.64,174.56,615.38,1814.61,1472.67,UPI,Completed,4.0,Service,Kochi,Force Traveller,Diesel,7
T03112,2025-11-06,V042,Sedan,D116,Driver_116,4.1,R031,Delhi,Pune,55.5,106,3.35,352.22,0.0,170.17,514.77,1037.16,1649.48,Net Banking,Completed,2.7,Repair,Delhi,Maruti Dzire,Petrol,4
T03113,2025-12-30,V048,Sedan,D113,Driver_113,4.1,R044,Hyderabad,Delhi,37.0,86,2.48,260.43,0.0,109.47,285.74,655.64,1073.86,Cash,Completed,4.5,None,Hyderabad,Hyundai Verna,Petrol,6
T03114,2025-11-30,V059,SUV,D028,Driver_028,4.3,R005,Bengaluru,Delhi,18.3,86,1.43,154.68,0.0,66.37,396.9,617.95,121.35,UPI,Cancelled,4.1,None,Bengaluru,Hyundai Creta,Diesel,11
T03115,2025-02-19,V042,Truck,D138,Driver_138,4.5,R046,Hyderabad,Visakhapatnam,14.7,37,2.02,219.13,0.0,54.91,150.0,424.04,984.97,Cash,Completed,4.1,Service,Hyderabad,BharatBenz 1015,Diesel,3
T03116,2025-08-22,V055,Sedan,D108,Driver_108,4.2,R035,Visakhapatnam,Pune,15.3,37,0.97,105.63,0.0,59.74,150.0,315.37,6.31,Card,Cancelled,3.7,None,Visakhapatnam,Maruti Dzire,Petrol,9
T03117,2025-08-01,V085,Truck,D064,Driver_064,4.0,R042,Hyderabad,Chennai,19.6,58,3.31,345.08,0.0,30.05,200.69,575.82,1151.09,UPI,Completed,4.4,Service,Hyderabad,Tata 407,Diesel,2
T03118,2025-10-26,V098,Sedan,D104,Driver_104,4.0,R017,Bengaluru,Mumbai,39.4,103,2.36,241.56,0.0,146.3,362.68,750.54,1166.91,UPI,Completed,3.3,Repair,Bengaluru,Honda City,Petrol,11
T03119,2025-02-15,V001,Sedan,D047,Driver_047,4.5,R065,Hyderabad,Mumbai,25.3,66,1.64,168.8,0.0,67.71,359.6,596.11,977.06,COD,Completed,3.9,Service,Hyderabad,Maruti Dzire,Petrol,1
T03120,2025-03-12,V002,SUV,D088,Driver_088,3.7,R060,Chennai,,38.3,52,3.56,369.05,5802.95,126.87,289.11,6587.98,1562.62,UPI,Completed,3.4,Service,Chennai,Toyota Innova,Diesel,9
T03121,2025-12-30,V094,Sedan,D119,Driver_119,4.2,R013,Mumbai,Hyderabad,84.5,210,5.79,571.1,0.0,323.33,1134.0,2028.43,2125.15,Cash,Completed,4.6,Inspection,Mumbai,Honda City,Petrol,12
T03122,2025-03-23,V100,Truck,D145,Driver_145,4.0,R074,Kochi,Hyderabad,16.5,47,2.78,268.64,0.0,24.45,185.51,478.6,1191.59,Cash,Completed,4.4,Inspection,Kochi,Ashok Leyland Dost,Diesel,4
T03123,2025-09-13,V005,Van,D034,Driver_034,4.6,R010,Mumbai,Visakhapatnam,46.4,149,4.79,475.0,0.0,197.69,452.51,1125.2,1896.82,Net Banking,Completed,4.1,Inspection,Mumbai,Force Traveller,Diesel,3
T03124,2025-11-22,V048,SUV,D033,Driver_033,4.8,R066,Pune,Mumbai,9.9,33,0.79,80.03,0.0,16.68,150.0,246.71,584.74,Card,Completed,4.0,None,Pune,Kia Seltos,Diesel,10
T03125,2025-09-05,V045,Sedan,D078,Driver_078,3.5,R053,Pune,Kochi,69.8,187,4.38,452.46,0.0,125.96,837.43,1415.85,1855.58,COD,Completed,4.6,None,Pune,Maruti Dzire,Petrol,11
T03126,2025-03-24,V089,Sedan,D112,Driver_112,4.4,R021,Hyderabad,Delhi,74.1,126,5.31,535.85,0.0,330.3,713.88,1580.03,141.09,Cash,Cancelled,3.6,Service,Hyderabad,Honda City,Petrol,4
T03127,2025-12-05,V058,Truck,D075,Driver_075,4.4,R023,Pune,Kochi,31.9,91,4.6,467.38,6653.4,123.97,404.51,7649.26,323.41,Net Banking,Cancelled,4.4,Service,Pune,Tata 407,Diesel,7
T03128,2025-06-25,V055,SUV,D009,Driver_009,4.5,R055,Hyderabad,Bengaluru,35.0,69,2.91,304.54,0.0,66.8,264.97,636.31,1172.63,Net Banking,Completed,3.0,None,Hyderabad,Hyundai Creta,Diesel,3
T03129,2025-03-03,V074,SUV,D002,Driver_002,3.5,R026,Kochi,Pune,41.7,128,3.6,376.39,0.0,106.92,660.31,1143.62,1525.25,UPI,Completed,4.5,None,Kochi,Hyundai Creta,Diesel,3
T03130,2025-02-08,V024,SUV,D106,Driver_106,4.0,R031,Chennai,Mumbai,23.3,44,1.8,178.81,0.0,45.42,179.38,403.61,308.71,Card,Cancelled,4.2,,Chennai,Toyota Innova,Diesel,9
T03131,2025-02-14,V065,Van,D141,Driver_141,4.3,R040,Kochi,Visakhapatnam,32.7,65,2.96,309.52,4289.46,82.12,337.42,5018.52,1357.73,COD,Completed,3.8,None,Kochi,Tata Winger,Diesel,9
T03132,2025-03-17,V044,Sedan,D036,Driver_036,3.0,R075,Bengaluru,Pune,6.2,35,0.43,44.15,1118.82,25.53,150.0,1338.5,138.82,Card,Cancelled,3.7,None,Bengaluru,Maruti Dzire,Petrol,2
T03133,2025-01-28,V014,SUV,D046,Driver_046,4.9,R024,Kochi,Chennai,49.3,111,4.66,460.05,3461.45,74.15,443.97,4439.62,1858.57,Cash,Completed,3.4,Repair,Kochi,Toyota Innova,Diesel,7
T03134,2025-08-31,V043,SUV,D021,Driver_021,,R039,Chennai,Pune,77.1,216,7.02,710.57,1152.85,153.26,873.0,2889.68,2737.93,COD,Completed,4.0,Repair,Chennai,Toyota Innova,Diesel,10
T03135,2025-12-26,V085,Truck,D070,Driver_070,,R060,Kochi,Bengaluru,23.5,85,3.19,303.91,0.0,102.33,300.22,706.46,1157.32,COD,Completed,4.6,None,Kochi,Tata 407,Diesel,4
T03136,2025-01-29,V016,Sedan,D002,Driver_002,4.5,R063,Chennai,Bengaluru,47.3,140,3.48,343.89,5208.57,173.53,711.87,6437.86,256.75,Net Banking,Cancelled,,None,Chennai,Hyundai Verna,Petrol,9
T03137,2025-09-24,V059,Sedan,D057,Driver_057,3.7,R024,Visakhapatnam,Kochi,57.0,166,4.47,434.79,0.0,76.99,605.95,1117.73,135.59,Net Banking,Cancelled,4.5,Repair,Visakhapatnam,Honda City,Petrol,11
T03138,2025-07-27,V019,SUV,D070,Driver_070,2.5,R066,Hyderabad,Kochi,26.4,55,1.99,200.04,0.0,91.91,212.86,504.81,895.87,Cash,Completed,4.6,Repair,Hyderabad,Hyundai Creta,Diesel,2
T03139,2025-03-02,V069,SUV,D037,Driver_037,4.7,R029,Delhi,Mumbai,51.5,176,3.87,413.8,0.0,79.38,709.09,1202.27,2086.71,Cash,Completed,3.4,Repair,Delhi,Kia Seltos,Diesel,9
T03140,2025-07-06,V010,Sedan,D014,Driver_014,3.7,R074,Delhi,,35.4,99,2.16,232.5,0.0,104.11,531.26,867.87,1110.69,UPI,Completed,4.7,Inspection,Delhi,Maruti Dzire,Petrol,3
T03141,2025-04-16,V013,Van,D036,Driver_036,4.5,R047,Delhi,Hyderabad,89.7,259,9.67,989.08,0.0,293.02,1443.39,2725.49,3671.3,Net Banking,Completed,,Repair,Delhi,Force Traveller,Diesel,4
T03142,2025-02-25,V050,Sedan,D135,Driver_135,4.4,R019,Delhi,Chennai,29.9,93,2.32,238.64,1013.99,131.55,511.37,1895.55,1124.48,UPI,Completed,,Service,Delhi,Honda City,Petrol,6
T03143,2025-11-22,V087,SUV,D056,Driver_056,5.0,R036,Hyderabad,Bengaluru,46.4,137,4.18,405.49,0.0,124.05,698.13,1227.67,1856.35,Card,Completed,3.8,None,Hyderabad,Kia Seltos,Diesel,5
T03144,2025-08-26,V078,Sedan,D070,Driver_070,3.6,R029,Hyderabad,Delhi,27.0,78,1.89,203.65,0.0,80.53,384.11,668.29,844.17,COD,Completed,3.9,Service,Hyderabad,Honda City,Petrol,3
T03145,2025-01-28,V034,Truck,D095,Driver_095,4.0,R045,Kochi,Bengaluru,16.5,43,2.53,253.19,0.0,44.19,158.87,456.25,29.18,Card,Cancelled,4.4,Service,Kochi,BharatBenz 1015,Diesel,9
T03146,2025-10-06,V019,Sedan,D133,Driver_133,3.5,R076,Visakhapatnam,Delhi,77.6,116,4.63,441.16,0.0,186.95,487.21,1115.32,2031.91,UPI,Completed,3.8,Repair,Visakhapatnam,Hyundai Verna,Petrol,7
T03147,2025-03-10,V023,Sedan,D085,Driver_085,4.0,R012,Hyderabad,Visakhapatnam,64.3,147,4.08,417.89,0.0,157.32,587.65,1162.86,1856.21,Net Banking,Completed,3.3,Inspection,Hyderabad,Hyundai Verna,Petrol,12
T03148,2025-11-01,V096,SUV,D017,Driver_017,4.4,R080,Pune,Mumbai,34.8,62,3.34,361.6,0.0,111.56,312.9,786.06,1296.13,Net Banking,Completed,5.0,None,Pune,Kia Seltos,Diesel,9
T03149,2025-06-18,V013,Sedan,D038,Driver_038,4.9,R043,Chennai,Mumbai,46.6,94,3.53,358.4,0.0,205.39,465.89,1029.68,152.81,COD,Cancelled,4.4,Service,Chennai,Hyundai Verna,Petrol,2
T03150,2025-12-27,V061,Sedan,D013,Driver_013,4.2,R039,Visakhapatnam,Chennai,31.5,100,-1.88,198.95,0.0,79.03,409.74,687.72,845.33,Card,Completed,4.0,None,Visakhapatnam,Maruti Dzire,Petrol,2
T03151,2025-04-03,V046,Van,D017,Driver_017,3.7,R077,Delhi,Mumbai,54.2,175,4.92,534.57,884.66,139.65,760.82,2319.7,2352.06,Net Banking,Completed,4.0,None,Delhi,Tata Winger,Diesel,8
T03152,2025-07-19,V013,Sedan,D136,Driver_136,4.6,R018,Chennai,Bengaluru,26.8,100,2.07,219.89,0.0,58.96,565.45,844.3,168.27,Card,Cancelled,3.8,Inspection,Chennai,Maruti Dzire,Petrol,3
T03153,2025-05-05,V004,Sedan,D005,Driver_005,4.6,R038,Bengaluru,Hyderabad,59.7,108,3.7,360.92,0.0,253.67,432.1,1046.69,1510.12,Net Banking,Completed,3.7,Inspection,Bengaluru,Honda City,Petrol,3
T03154,2025-01-24,V007,Van,D005,Driver_005,3.9,R049,Pune,Kochi,70.7,143,7.22,706.91,8213.44,194.88,821.25,9936.48,2755.75,COD,Completed,3.8,Service,Pune,Force Traveller,Diesel,2
T03155,2025-08-09,V100,SUV,D096,Driver_096,4.5,R058,Delhi,Pune,30.5,100,2.94,285.16,0.0,125.98,385.98,797.12,1390.64,COD,Completed,3.6,Inspection,Delhi,Toyota Innova,Diesel,7
T03156,2025-04-02,V003,Sedan,D149,Driver_149,4.2,R078,Hyderabad,Visakhapatnam,20.4,37,1.44,139.56,0.0,86.78,150.0,376.34,778.26,UPI,Completed,4.1,None,Hyderabad,Honda City,Petrol,3
T03157,2025-08-31,V065,SUV,D118,Driver_118,4.2,R033,Mumbai,Kochi,46.1,85,3.66,392.15,0.0,153.97,432.49,978.61,1622.61,Card,Completed,4.3,Service,Mumbai,Toyota Innova,Diesel,3
T03158,2025-07-28,V004,Sedan,D036,Driver_036,3.9,R078,Hyderabad,Visakhapatnam,61.7,177,4.07,440.77,823.84,284.31,566.75,2115.67,1670.47,Cash,Completed,3.2,None,Hyderabad,Honda City,Petrol,2
T03159,2025-11-07,V003,Van,D049,Driver_049,4.9,R027,Pune,Bengaluru,56.7,83,6.03,586.32,1328.4,159.18,457.5,2531.4,2413.77,Net Banking,Completed,3.5,None,Pune,Force Traveller,Diesel,3
T03160,2025-05-21,V036,SUV,D007,Driver_007,4.5,R049,Hyderabad,Bengaluru,17.8,44,1.43,156.41,1591.75,53.45,254.19,2055.8,172.4,Net Banking,Cancelled,3.1,None,Hyderabad,Kia Seltos,Diesel,7
T03161,2025-07-30,V013,SUV,D092,Driver_092,3.8,R070,Chennai,Bengaluru,52.8,167,5.32,545.9,0.0,136.51,533.0,1215.41,1815.07,UPI,Completed,4.6,None,Chennai,Toyota Innova,Diesel,3
T03162,2025-02-26,V023,Van,D109,Driver_109,4.0,R062,Hyderabad,Visakhapatnam,13.0,36,1.32,137.6,0.0,38.77,175.3,351.67,776.01,UPI,Completed,3.7,Inspection,Hyderabad,Tata Winger,Diesel,11
T03163,2025-10-01,V087,Van,D109,Driver_109,3.5,R074,Hyderabad,Delhi,61.8,151,6.52,696.7,0.0,220.96,808.9,1726.56,2297.48,Cash,Completed,3.5,Inspection,Hyderabad,Tata Winger,Diesel,9
T03164,2025-05-30,V038,SUV,D121,Driver_121,4.0,R071,Hyderabad,Pune,36.6,81,2.9,291.62,0.0,110.7,369.65,771.97,1604.57,COD,Completed,4.4,None,Hyderabad,Toyota Innova,Diesel,5
T03165,2025-05-02,V087,SUV,D118,Driver_118,4.4,R060,Pune,Kochi,42.2,129,3.21,324.45,0.0,183.83,576.91,1085.19,240.49,UPI,Cancelled,4.3,Service,Pune,Kia Seltos,Diesel,8
T03166,2025-09-03,V095,Sedan,D140,Driver_140,3.3,R016,Kochi,Visakhapatnam,99.2,272,6.27,651.04,6663.54,379.68,906.55,8600.81,592.51,Card,Cancelled,3.6,,Kochi,Hyundai Verna,Petrol,3
T03167,2025-04-12,V035,SUV,D102,Driver_102,3.4,R047,Bengaluru,Chennai,14.8,50,1.22,119.15,0.0,38.73,184.4,342.28,535.99,Net Banking,Completed,4.2,Inspection,Bengaluru,Toyota Innova,Diesel,7
T03168,2025-08-16,V026,Van,D119,Driver_119,3.6,R050,Kochi,Pune,12.7,22,1.4,139.13,0.0,31.28,150.0,320.41,569.14,Cash,Completed,3.7,Service,Kochi,Force Traveller,Diesel,7
T03169,2025-02-20,V051,Truck,D149,Driver_149,5.0,R010,Chennai,Mumbai,69.3,234,10.17,1090.34,0.0,218.65,731.29,2040.28,472.92,Cash,Cancelled,3.9,Service,Chennai,BharatBenz 1015,Diesel,8
T03170,2025-04-16,V007,Sedan,D076,Driver_076,4.2,R010,Kochi,Bengaluru,27.8,49,1.86,197.73,0.0,66.33,199.53,463.59,835.72,Cash,Completed,4.8,Repair,Kochi,Hyundai Verna,Petrol,5
T03171,2025-09-01,V017,Sedan,D139,Driver_139,3.6,R007,Hyderabad,Delhi,57.4,106,3.52,354.18,0.0,250.95,376.03,981.16,1737.56,Net Banking,Completed,4.1,Repair,Hyderabad,Maruti Dzire,Petrol,2
T03172,2025-07-27,V054,Sedan,D080,Driver_080,3.5,R074,Mumbai,Kochi,41.9,126,3.24,334.66,0.0,171.19,500.67,1006.52,134.24,Net Banking,Cancelled,5.0,None,Mumbai,Maruti Dzire,Petrol,1
T03173,2025-09-12,V014,Sedan,D056,Driver_056,4.6,R022,Chennai,Visakhapatnam,43.2,125,2.73,288.56,0.0,185.58,527.82,1001.96,1182.9,UPI,Completed,4.2,None,Chennai,Hyundai Verna,Petrol,9
T03174,2025-07-17,V066,Truck,D008,Driver_008,3.6,R045,Kochi,Delhi,19.5,49,2.59,254.39,8459.37,68.57,205.92,8988.25,181.49,Net Banking,Cancelled,3.4,None,Kochi,Tata 407,Diesel,11
T03175,2025-03-10,V064,Sedan,D100,Driver_100,4.1,R057,Bengaluru,Hyderabad,41.7,129,2.83,309.96,0.0,165.25,391.45,866.66,1130.88,COD,Completed,2.8,Repair,Bengaluru,Hyundai Verna,Petrol,9
T03176,2025-02-28,V039,Truck,D022,Driver_022,4.9,R003,Delhi,Hyderabad,,167,11.64,1276.14,0.0,338.37,646.3,2260.81,3921.45,COD,Completed,4.2,None,Delhi,BharatBenz 1015,Diesel,10
T03177,2025-02-21,V018,SUV,D146,Driver_146,3.9,R011,Visakhapatnam,Delhi,31.7,61,2.4,241.83,0.0,49.89,327.8,619.52,1472.24,COD,Completed,2.2,None,Visakhapatnam,Toyota Innova,Diesel,2
T03178,2025-05-17,V014,Van,D083,Driver_083,4.2,R065,Pune,Bengaluru,37.0,56,4.42,483.18,0.0,168.65,242.56,894.39,102.16,Net Banking,Cancelled,3.1,None,Pune,Maruti Eeco,Diesel,6
T03179,2025-10-05,V100,Van,D012,Driver_012,4.6,R050,Mumbai,Bengaluru,22.0,57,2.67,262.85,0.0,80.84,245.79,589.48,1009.14,UPI,Completed,3.2,None,Mumbai,Force Traveller,Diesel,7
T03180,2025-08-18,V001,SUV,D034,Driver_034,5.0,R012,Hyderabad,Mumbai,88.6,215,7.84,834.49,7842.56,216.77,875.33,9769.15,3173.71,COD,Completed,4.5,None,Hyderabad,Toyota Innova,Diesel,5
T03181,2025-11-06,V018,SUV,D077,Driver_077,3.3,R014,Kochi,Hyderabad,39.8,109,3.13,310.29,1808.97,131.57,403.93,2654.76,1306.2,Card,Completed,4.4,Repair,Kochi,Kia Seltos,Diesel,10
T03182,2025-05-20,V037,Sedan,D001,Driver_001,4.4,R058,Hyderabad,Mumbai,46.2,135,2.79,282.35,0.0,158.12,634.66,1075.13,1351.61,COD,Completed,4.1,None,Hyderabad,Maruti Dzire,Petrol,11
T03183,2025-03-02,V076,Sedan,D148,Driver_148,4.1,R075,Chennai,Bengaluru,77.8,199,6.09,581.96,7356.99,265.46,909.36,9113.77,1796.88,Net Banking,Completed,4.8,Inspection,Chennai,Maruti Dzire,Petrol,5
T03184,2025-11-09,V060,Truck,D110,Driver_110,4.1,R010,Chennai,Kochi,89.8,148,14.12,1410.97,0.0,284.5,698.56,2394.03,231.05,Net Banking,Cancelled,3.4,Service,Chennai,Tata 407,Diesel,4
T03185,2025-10-22,V015,Sedan,D023,Driver_023,4.9,R027,Chennai,Bengaluru,37.4,120,2.93,305.09,0.0,129.59,390.12,824.8,1084.41,Card,Completed,4.8,None,Chennai,Hyundai Verna,Petrol,4
T03186,2025-01-07,V005,Sedan,D032,Driver_032,4.4,R041,Hyderabad,Pune,43.8,96,2.89,317.73,0.0,133.7,326.05,777.48,1173.77,Cash,Completed,3.3,None,Hyderabad,Hyundai Verna,Petrol,7
T03187,2025-08-11,V099,Sedan,D047,Driver_047,4.1,R031,Hyderabad,Bengaluru,55.1,158,3.96,433.95,0.0,123.59,564.11,1121.65,1744.17,Net Banking,Completed,4.3,Inspection,Hyderabad,Maruti Dzire,Petrol,12
T03188,2025-11-25,V066,Van,D101,Driver_101,3.9,R026,Bengaluru,Delhi,15.4,61,1.53,149.17,0.0,69.54,250.93,469.64,922.14,Card,Completed,3.8,None,Bengaluru,Force Traveller,Diesel,1
T03189,2025-11-28,V025,SUV,D119,Driver_119,4.9,R008,Bengaluru,Pune,24.6,71,2.28,235.29,0.0,109.35,239.17,583.81,1086.04,Cash,Completed,4.0,None,Bengaluru,Kia Seltos,Diesel,4
T03190,2025-01-22,V035,SUV,D037,Driver_037,3.8,R003,Bengaluru,Chennai,21.1,86,1.81,189.49,556.76,52.02,267.91,1066.18,1117.62,UPI,Completed,4.7,None,Bengaluru,Toyota Innova,Diesel,12
T03191,2025-05-22,V063,SUV,D150,Driver_150,4.5,R064,Delhi,Pune,111.3,184,8.6,944.53,4812.81,441.39,670.09,6868.82,3743.98,Card,Completed,4.0,None,Delhi,Toyota Innova,Diesel,11
T03192,2025-03-05,V087,Sedan,D067,Driver_067,4.2,R065,Pune,,32.7,59,2.22,244.19,0.0,101.03,271.24,616.46,1066.91,Card,Completed,4.1,None,Pune,Hyundai Verna,Petrol,10
T03193,2025-03-05,V096,Sedan,D028,Driver_028,4.2,R066,Hyderabad,Mumbai,22.5,53,1.74,179.57,8021.54,54.22,214.65,8469.98,769.05,Net Banking,Completed,2.7,Inspection,Hyderabad,Honda City,Petrol,5
T03194,2025-10-03,V017,Truck,D015,Driver_015,2.8,R080,Pune,Visakhapatnam,63.4,136,9.65,918.32,0.0,124.03,653.51,1695.86,2868.44,COD,Completed,5.0,Repair,Pune,Ashok Leyland Dost,Diesel,2
T03195,2025-07-13,V046,Van,D150,Driver_150,4.4,R075,Pune,Chennai,23.9,70,2.49,246.87,0.0,109.22,264.53,620.62,951.07,Net Banking,Completed,4.4,None,Pune,Tata Winger,Diesel,12
T03196,2025-08-02,V066,SUV,D026,Driver_026,,R040,Chennai,Visakhapatnam,9.3,41,0.71,73.44,0.0,33.44,200.42,307.3,774.47,Card,Completed,3.4,Service,Chennai,Kia Seltos,Diesel,1
T03197,2025-07-23,V016,Sedan,D133,Driver_133,3.0,R013,Mumbai,Bengaluru,69.0,110,5.31,561.25,0.0,284.92,330.77,1176.94,166.65,Net Banking,Cancelled,3.6,Inspection,Mumbai,Maruti Dzire,Petrol,2
T03198,2025-01-22,V028,Van,D073,Driver_073,3.8,R013,Bengaluru,Visakhapatnam,39.2,85,3.63,376.3,0.0,151.14,321.38,848.82,1894.2,COD,Completed,4.2,None,Bengaluru,Force Traveller,Diesel,1
T03199,2025-04-15,V096,Van,D073,Driver_073,4.2,R070,Hyderabad,Mumbai,56.1,145,5.37,576.45,0.0,90.42,446.55,1113.42,2087.97,COD,Completed,4.6,None,Hyderabad,Tata Winger,Diesel,3
T03200,2025-06-30,V062,Sedan,D029,Driver_029,4.5,R059,Delhi,Bengaluru,45.0,98,3.02,293.38,0.0,141.17,415.47,850.02,360.46,Card,Cancelled,3.6,None,Delhi,Maruti Dzire,Petrol,5
T03201,2025-05-10,V096,Van,D098,Driver_098,3.7,R056,Hyderabad,Chennai,16.7,57,1.89,183.86,0.0,30.18,195.34,409.38,77.71,Card,Cancelled,4.7,Repair,Hyderabad,Force Traveller,Diesel,10
T03202,2025-08-04,V036,Van,D129,Driver_129,4.0,R005,Visakhapatnam,Mumbai,14.9,63,1.38,134.12,0.0,27.68,264.0,425.8,1027.37,UPI,Completed,3.6,Service,Visakhapatnam,Maruti Eeco,Diesel,6
T03203,2025-08-17,V022,SUV,D018,Driver_018,4.0,R039,Visakhapatnam,Chennai,51.7,110,4.16,445.67,0.0,80.46,382.11,908.24,1813.6,COD,Completed,3.6,None,Visakhapatnam,Hyundai Creta,Diesel,1
T03204,2025-03-03,V035,Sedan,D010,Driver_010,4.4,R022,Kochi,Bengaluru,57.9,174,4.04,403.25,6136.85,257.1,816.12,7613.32,1417.72,Cash,Completed,3.8,Inspection,Kochi,Honda City,Petrol,2
T03205,2025-01-08,V099,SUV,D054,Driver_054,4.9,R063,Chennai,Kochi,31.1,93,2.66,280.48,0.0,67.42,312.93,660.83,1437.93,Net Banking,Completed,4.8,Repair,Chennai,Kia Seltos,Diesel,11
T03206,2025-06-10,V022,Sedan,D041,Driver_041,4.1,R033,Hyderabad,Mumbai,10.6,17,0.7,70.76,0.0,47.52,150.0,268.28,363.38,COD,Completed,3.4,Repair,Hyderabad,Hyundai Verna,Petrol,1
T03207,2025-11-18,V009,Sedan,D098,Driver_098,4.5,R050,Visakhapatnam,Hyderabad,39.5,82,2.68,291.44,0.0,177.9,277.18,746.52,1177.75,Card,Completed,3.7,Inspection,Visakhapatnam,Maruti Dzire,Petrol,8
T03208,2025-12-28,V082,SUV,D141,Driver_141,3.9,R006,Mumbai,Kochi,19.1,44,1.78,183.57,0.0,28.36,214.1,426.03,1028.39,UPI,Completed,4.4,None,Mumbai,Hyundai Creta,Diesel,9
T03209,2025-02-04,V069,SUV,D081,Driver_081,4.6,R037,Bengaluru,Mumbai,22.9,36,2.3,231.49,0.0,106.37,150.0,487.86,903.0,UPI,Completed,4.6,Inspection,Bengaluru,Hyundai Creta,Diesel,9
T03210,2025-09-26,V008,SUV,D044,Driver_044,4.0,R039,Hyderabad,Pune,36.7,84,2.84,292.66,5055.73,80.47,369.17,5798.03,201.44,Net Banking,Cancelled,3.3,Service,Hyderabad,Toyota Innova,Diesel,7
T03211,2025-05-02,V034,Sedan,D073,Driver_073,4.6,R036,Delhi,Visakhapatnam,18.3,33,1.35,138.59,0.0,48.72,150.0,337.31,847.33,UPI,Completed,4.5,Inspection,Delhi,Honda City,Petrol,1
T03212,2025-01-24,V053,Sedan,D108,Driver_108,3.3,R054,Kochi,Mumbai,35.5,91,2.52,248.0,0.0,113.53,427.46,788.99,961.12,Card,Completed,3.6,None,Kochi,Honda City,Petrol,7
T03213,2025-03-17,V049,SUV,D086,Driver_086,3.5,R065,Delhi,Hyderabad,52.4,154,4.22,408.71,0.0,81.73,506.13,996.57,1920.45,UPI,Completed,3.5,None,Delhi,Hyundai Creta,Diesel,11
T03214,2025-04-27,V097,Van,D043,Driver_043,3.7,R019,Visakhapatnam,Delhi,39.7,96,4.84,484.89,0.0,158.86,549.76,1193.51,1883.48,Net Banking,Completed,3.9,Repair,Visakhapatnam,Tata Winger,Diesel,6
T03215,2025-12-02,V045,Sedan,D007,Driver_007,4.8,R039,Pune,Mumbai,86.9,206,5.21,538.93,0.0,136.39,907.83,1583.15,2341.48,UPI,Completed,3.9,None,Pune,Honda City,Petrol,7
T03216,2025-06-22,V009,Sedan,D081,Driver_081,4.4,R047,Delhi,Visakhapatnam,30.3,104,2.11,200.46,0.0,79.47,394.66,674.59,950.21,COD,Completed,3.5,Inspection,Delhi,Maruti Dzire,Petrol,6
T03217,2025-01-05,V036,SUV,D150,Driver_150,4.4,R055,Hyderabad,Bengaluru,17.0,17,1.27,134.61,0.0,63.57,150.0,348.18,44.82,UPI,Cancelled,4.1,None,Hyderabad,Kia Seltos,Diesel,12
T03218,2025-07-24,V092,Truck,D146,Driver_146,4.4,R022,Bengaluru,Mumbai,18.6,47,2.63,281.34,6668.31,66.13,169.37,7185.15,869.59,upi,Completed,4.1,Service,Bengaluru,BharatBenz 1015,Diesel,4
T03219,2025-04-29,V018,SUV,D131,Driver_131,4.4,R048,Pune,Bengaluru,39.1,78,3.41,341.34,0.0,59.48,337.15,737.97,1666.19,Cash,Completed,4.3,Inspection,Pune,Hyundai Creta,Diesel,7
T03220,2025-01-19,V018,Sedan,D021,Driver_021,4.7,R055,Visakhapatnam,Delhi,101.7,166,7.92,860.45,2846.6,274.15,665.89,4647.09,2520.5,Card,Completed,4.0,None,Visakhapatnam,Honda City,Petrol,10
T03221,2025-10-20,V068,Van,D134,Driver_134,5.0,R021,Delhi,Bengaluru,19.8,51,2.41,231.71,1050.92,34.02,187.57,1504.22,979.75,COD,Completed,3.2,Service,Delhi,Maruti Eeco,Diesel,11
T03222,2025-06-13,V073,SUV,D091,Driver_091,3.1,R018,Mumbai,Delhi,33.1,61,2.51,260.44,0.0,46.36,337.87,644.67,1290.73,Card,Completed,4.2,None,Mumbai,Kia Seltos,Diesel,1
T03223,2025-11-26,V021,SUV,D003,Driver_003,5.0,R032,Delhi,Pune,47.5,87,4.38,425.5,0.0,194.67,328.33,948.5,186.11,Net Banking,Cancelled,4.4,Repair,Delhi,Hyundai Creta,Diesel,10
T03224,2025-12-18,V016,Sedan,D059,Driver_059,4.2,R029,Chennai,Hyderabad,54.5,130,3.25,348.77,0.0,215.97,684.37,1249.11,1486.18,COD,Completed,3.7,Inspection,Chennai,Honda City,Petrol,2
T03225,2025-11-24,V061,Sedan,D029,Driver_029,4.8,R002,Chennai,Kochi,42.4,89,2.63,276.89,0.0,67.77,364.2,708.86,1412.37,Cash,Completed,3.9,Repair,Chennai,Hyundai Verna,Petrol,3
T03226,2025-06-28,V005,SUV,D009,Driver_009,4.8,R043,Visakhapatnam,Hyderabad,34.4,66,3.4,343.94,790.32,130.47,224.54,1489.27,1210.07,Net Banking,Completed,3.9,None,Visakhapatnam,Kia Seltos,Diesel,7
T03227,2025-12-07,V049,Sedan,D071,Driver_071,4.0,R067,Mumbai,Delhi,47.0,82,2.88,285.03,0.0,205.95,273.42,764.4,1419.57,Net Banking,Completed,3.0,None,Mumbai,Honda City,Petrol,6
T03228,2025-02-06,V072,Sedan,D131,Driver_131,4.3,R065,Chennai,Mumbai,26.5,78,1.93,188.38,0.0,109.35,269.44,567.17,722.96,COD,Completed,4.3,None,Chennai,Maruti Dzire,Petrol,12
T03229,2025-12-03,V100,Van,D021,Driver_021,4.0,R006,Chennai,Visakhapatnam,26.5,61,2.61,256.56,0.0,102.56,288.49,647.61,1211.36,COD,Completed,3.5,None,Chennai,Maruti Eeco,Diesel,9
T03230,2025-11-25,V040,Truck,D041,Driver_041,3.7,R077,Bengaluru,Delhi,28.6,67,4.56,438.89,9529.51,71.03,300.48,10339.91,1332.47,COD,Completed,4.9,Service,Bengaluru,BharatBenz 1015,Diesel,5
T03231,2025-12-12,V035,SUV,D008,Driver_008,4.1,R075,Mumbai,Delhi,42.8,98,3.65,394.62,0.0,157.13,410.56,962.31,1637.63,Card,Completed,4.2,None,Mumbai,Hyundai Creta,Diesel,9
T03232,2025-06-08,V025,Sedan,D090,Driver_090,3.7,R033,Kochi,Chennai,79.3,188,5.6,555.75,9980.78,188.28,1059.22,11784.03,2142.17,Cash,Completed,4.8,None,Kochi,Maruti Dzire,Petrol,6
T03233,2025-11-19,V031,SUV,D135,Driver_135,3.7,R045,Bengaluru,Mumbai,62.9,193,5.29,519.02,2855.84,98.46,833.25,4306.57,2329.95,Cash,Completed,4.6,None,Bengaluru,Kia Seltos,Diesel,7
T03234,2025-08-11,V054,Sedan,D078,Driver_078,4.9,R017,Pune,Visakhapatnam,27.5,97,2.02,193.0,0.0,57.24,367.63,617.87,850.84,COD,Completed,5.0,None,Pune,Honda City,Petrol,1
T03235,2025-01-16,V097,SUV,D061,Driver_061,3.3,R077,Bengaluru,Visakhapatnam,28.9,64,2.4,253.0,508.35,116.86,268.35,1146.56,1218.39,UPI,Completed,4.4,Inspection,Bengaluru,Hyundai Creta,Diesel,9
T03236,2025-05-24,V094,Van,D066,Driver_066,4.1,R056,Mumbai,Visakhapatnam,22.1,65,2.64,256.61,0.0,79.59,356.36,692.56,964.7,Net Banking,Completed,3.8,Service,Mumbai,Maruti Eeco,Diesel,4
T03237,2025-10-20,V032,Sedan,D106,Driver_106,4.3,R041,Bengaluru,Chennai,21.2,42,1.41,147.73,6181.73,85.73,207.83,6623.02,982.86,Cash,Completed,3.3,Inspection,Bengaluru,Maruti Dzire,Petrol,7
T03238,2025-10-14,V024,Van,D013,Driver_013,4.3,R068,Bengaluru,Chennai,46.8,90,5.0,549.1,0.0,107.99,400.77,1057.86,2063.98,Card,Completed,3.3,Inspection,Bengaluru,Tata Winger,Diesel,5
T03239,2025-04-13,V026,Sedan,D093,Driver_093,4.4,R078,Pune,Delhi,36.2,81,2.72,266.71,0.0,151.6,363.72,782.03,24.8,,Cancelled,2.7,None,Pune,Maruti Dzire,Petrol,11
T03240,2025-02-01,V086,Sedan,D058,Driver_058,4.8,R039,Pune,Mumbai,31.3,33,2.19,220.91,0.0,137.17,150.0,508.08,1159.53,Net Banking,Completed,3.4,None,Pune,Hyundai Verna,Petrol,9
T03241,2025-07-30,V047,Sedan,D117,Driver_117,4.7,R045,Mumbai,Bengaluru,22.3,41,1.38,138.86,1352.93,57.47,165.18,1714.44,75.27,Card,Cancelled,2.4,None,Mumbai,Maruti Dzire,Petrol,1
T03242,2025-04-01,V059,Van,D026,Driver_026,5.0,R002,Pune,Visakhapatnam,33.4,61,,340.45,0.0,71.11,265.11,676.67,1260.84,UPI,Completed,4.1,Service,Pune,Force Traveller,Diesel,10
T03243,2025-06-07,V049,Sedan,D038,Driver_038,3.9,R046,Hyderabad,Bengaluru,6.4,29,,39.02,5381.51,18.84,158.84,5598.21,522.94,UPI,Completed,4.1,Repair,Hyderabad,Hyundai Verna,Petrol,8
T03244,2025-03-21,V074,Truck,D064,Driver_064,3.2,R063,Pune,Kochi,26.4,78,3.79,384.53,869.8,52.83,327.66,1634.82,1655.14,UPI,Completed,3.6,Repair,Pune,BharatBenz 1015,Diesel,9
T03245,2025-11-09,V052,Truck,D041,Driver_041,3.9,R071,Pune,Mumbai,11.9,28,1.54,164.25,0.0,32.06,150.0,346.31,766.04,COD,Completed,3.1,Inspection,Pune,BharatBenz 1015,Diesel,11
T03246,2025-06-30,V039,Truck,D062,Driver_062,3.7,R001,Visakhapatnam,Kochi,14.8,31,1.9,187.05,7480.78,39.75,163.61,7871.19,92.61,COD,Cancelled,3.6,Repair,Visakhapatnam,BharatBenz 1015,Diesel,3
T03247,2025-05-15,V015,Sedan,D102,Driver_102,3.9,R032,Bengaluru,Mumbai,25.5,71,1.79,186.04,0.0,53.14,260.05,499.23,922.75,Cash,Completed,3.8,None,Bengaluru,Hyundai Verna,Petrol,11
T03248,2025-01-16,V061,SUV,D029,Driver_029,3.0,R019,Mumbai,Pune,21.9,37,2.2,241.36,0.0,35.37,153.4,430.13,923.92,UPI,Completed,4.2,Service,Mumbai,Hyundai Creta,Diesel,3
T03249,2025-12-07,V080,SUV,D109,Driver_109,4.2,R022,Mumbai,Chennai,56.5,109,4.7,475.0,0.0,208.83,422.14,1105.97,2025.5,Card,Completed,3.9,Repair,Mumbai,Hyundai Creta,Diesel,1
T03250,2025-12-06,V004,Truck,D018,Driver_018,4.4,R034,Mumbai,Visakhapatnam,38.1,104,6.32,626.16,0.0,156.34,510.46,1292.96,1903.58,COD,Completed,4.6,None,Mumbai,Ashok Leyland Dost,Diesel,5
T03251,2025-04-16,V076,Truck,D149,Driver_149,3.2,R058,Bengaluru,Delhi,82.3,146,11.43,1165.03,0.0,213.77,682.78,2061.58,3999.04,Cash,Completed,4.0,Service,Bengaluru,Tata 407,Diesel,11
T03252,2025-01-27,V079,Van,D136,Driver_136,3.8,R029,Visakhapatnam,Chennai,54.4,138,5.19,531.52,0.0,123.53,497.62,1152.67,578.82,UPI,Cancelled,3.9,None,Visakhapatnam,Force Traveller,Diesel,1
T03253,2025-05-14,V083,Sedan,D143,Driver_143,3.4,R003,Pune,Hyderabad,22.1,83,1.47,143.25,8420.74,88.1,328.44,8980.53,1006.26,UPI,Completed,3.3,Repair,Pune,Maruti Dzire,Petrol,12
T03254,2025-05-10,V022,SUV ,D079,Driver_079,5.0,R071,Kochi,Mumbai,64.9,146,4.12,400.11,0.0,122.31,715.29,1237.71,1723.67,Cash,Completed,4.8,None,Kochi,Maruti Dzire,Petrol,9
T03255,2025-11-03,V096,Truck,D077,Driver_077,,R034,Hyderabad,Delhi,32.0,80,4.28,438.91,0.0,130.46,388.13,957.5,1568.06,Card,Completed,4.4,None,Hyderabad,Ashok Leyland Dost,Diesel,12
T03256,2025-05-14,V098,Sedan,D074,Driver_074,3.5,R069,Mumbai,Pune,37.2,78,2.43,239.48,0.0,83.84,266.08,589.4,1339.65,Net Banking,Completed,3.7,Service,Mumbai,Hyundai Verna,Petrol,6
T03257,2025-11-09,V091,Van,D132,Driver_132,3.7,R080,Mumbai,Chennai,53.4,86,5.23,536.31,0.0,89.71,319.07,945.09,2298.27,Card,Completed,3.8,None,Mumbai,Tata Winger,Diesel,3
T03258,2025-09-19,V010,Van,D121,Driver_121,5.0,R051,Mumbai,Kochi,22.2,51,2.12,210.76,8657.9,37.51,279.14,9185.31,380.69,COD,Cancelled,2.6,None,Mumbai,Tata Winger,Diesel,4
T03259,2025-01-27,V050,Van,D006,Driver_006,3.4,R018,Bengaluru,Mumbai,66.8,119,6.05,608.71,5113.52,163.06,488.72,6374.01,691.81,Card,Cancelled,5.0,None,Bengaluru,Force Traveller,Diesel,8
T03260,2025-04-27,V045,Truck,D128,Driver_128,4.1,R047,Mumbai,Hyderabad,59.4,124,10.13,1078.5,0.0,223.81,402.6,1704.91,2636.86,COD,Completed,,None,Mumbai,Tata 407,Diesel,7
T03261,2025-12-29,V038,Sedan,D117,Driver_117,4.1,R026,Pune,Bengaluru,56.5,135,4.04,442.72,0.0,105.84,407.56,956.12,371.96,COD,Cancelled,4.0,Service,Pune,Honda City,Petrol,6
T03262,2025-07-12,V006,SUV,D092,Driver_092,3.9,R078,Kochi,Visakhapatnam,37.9,113,3.74,380.73,0.0,163.95,622.54,1167.22,1540.42,Net Banking,Completed,4.3,None,Kochi,Toyota Innova,Diesel,8
T03263,2025-04-02,V088,SUV,D034,Driver_034,4.2,R001,Chennai,Delhi,56.7,89,4.51,455.43,0.0,104.52,349.54,909.49,2154.11,UPI,Completed,3.5,Inspection,Chennai,Kia Seltos,Diesel,5
T03264,2025-02-21,V032,SUV,D108,Driver_108,3.5,R017,Hyderabad,Pune,43.8,79,3.49,344.79,0.0,146.96,398.16,889.91,1404.71,COD,Completed,3.7,Repair,Hyderabad,Toyota Innova,Diesel,7
T03265,2025-12-03,V072,Sedan,D106,Driver_106,3.8,R049,Delhi,Chennai,17.9,36,1.21,119.05,0.0,34.55,150.0,303.6,812.82,COD,Completed,4.8,None,Delhi,Hyundai Verna,Petrol,7
T03266,2025-12-18,V086,Sedan,D065,Driver_065,3.9,R042,Mumbai,Hyderabad,34.7,122,2.59,274.88,0.0,74.57,697.27,1046.72,1269.74,UPI,Completed,4.1,Repair,Mumbai,Maruti Dzire,Petrol,10
T03267,2025-09-23,V048,Sedan,D037,Driver_037,4.0,R076,Hyderabad,Bengaluru,72.9,207,5.27,577.38,0.0,160.37,660.1,1397.85,1882.32,Net Banking,Completed,4.1,None,Hyderabad,Honda City,Petrol,1
T03268,2025-10-29,V086,Truck,D112,Driver_112,4.4,R050,Bengaluru,Visakhapatnam,46.1,109,6.05,630.17,0.0,206.16,374.08,1210.41,2232.66,UPI,Completed,3.2,Service,Bengaluru,Tata 407,Diesel,12
T03269,2025-10-11,V083,Truck,D107,Driver_107,4.0,R024,Bengaluru,Mumbai,41.7,83,6.07,666.41,0.0,182.27,354.7,1203.38,2152.34,UPI,Completed,3.7,None,Bengaluru,Tata 407,Diesel,5
T03270,2025-05-22,V002,Sedan,D093,Driver_093,4.0,R047,Bengaluru,Pune,16.6,58,1.23,133.36,0.0,42.61,257.64,433.61,853.86,COD,Completed,3.9,None,Bengaluru,Honda City,Petrol,6
T03271,2025-05-24,V021,Van,D083,Driver_083,3.3,R016,Mumbai,Hyderabad,69.7,226,6.29,614.53,0.0,106.32,1071.12,1791.97,2805.01,COD,Completed,3.5,Service,Mumbai,Maruti Eeco,Diesel,4
T03272,2025-12-29,V038,SUV,D137,Driver_137,3.9,R056,Chennai,Mumbai,,199,6.91,746.14,1501.86,326.24,779.62,3353.86,2354.78,COD,Completed,4.4,Service,Chennai,Hyundai Creta,Diesel,3
T03273,2025-02-19,V036,SUV,D021,Driver_021,4.8,R011,Mumbai,Visakhapatnam,27.3,107,2.07,213.53,0.0,112.9,587.61,914.04,1105.11,Net Banking,Completed,4.0,Service,Mumbai,Hyundai Creta,Diesel,3
T03274,2025-11-12,V096,SUV,D020,Driver_020,3.7,R023,Mumbai,Visakhapatnam,64.4,171,5.06,507.12,0.0,271.79,628.15,1407.06,2448.96,Cash,Completed,2.9,None,Mumbai,Hyundai Creta,Diesel,3
T03275,2025-10-18,V095,Sedan,D001,Driver_001,4.5,R029,Chennai,Mumbai,26.6,49,1.85,199.94,0.0,105.52,254.05,559.51,780.11,Card,Completed,3.9,None,Chennai,Honda City,Petrol,3
T03276,2025-09-29,V047,Sedan,D057,Driver_057,4.5,R037,Hyderabad,Bengaluru,31.1,80,1.94,205.27,0.0,61.98,313.19,580.44,1080.46,Cash,Completed,2.2,None,Hyderabad,Honda City,Petrol,9
T03277,2025-11-20,V044,Sedan,D059,Driver_059,4.3,R031,Visakhapatnam,Mumbai,24.1,61,1.7,174.68,5950.18,70.98,262.65,6458.49,741.25,Cash,Completed,4.8,,Visakhapatnam,Honda City,Petrol,12
T03278,2025-09-17,V088,Van,D128,Driver_128,3.7,R056,Mumbai,Kochi,39.6,107,3.63,375.46,0.0,175.62,445.74,996.82,1931.51,upi,Completed,4.8,None,Mumbai,Tata Winger,Diesel,8
T03279,2025-05-13,V059,Sedan,D022,Driver_022,4.0,R003,Delhi,Mumbai,56.0,131,4.48,488.55,0.0,252.68,494.19,1235.42,1456.42,Card,Completed,5.0,None,Delhi,Hyundai Verna,Petrol,9
T03280,2025-09-01,V073,Van,D054,Driver_054,4.7,R031,Mumbai,Delhi,12.8,48,1.45,138.07,3938.32,21.48,268.1,4365.97,852.25,Net Banking,Completed,4.4,Service,Mumbai,Force Traveller,Diesel,8
T03281,2025-03-09,V032,Van,D042,Driver_042,4.4,R055,Delhi,Bengaluru,40.3,86,4.74,473.39,6032.66,92.99,455.81,7054.85,217.67,Net Banking,Cancelled,4.2,None,Delhi,Force Traveller,Diesel,5
T03282,2025-05-23,V037,SUV,D120,Driver_120,4.3,R079,Visakhapatnam,Bengaluru,39.5,96,3.0,327.54,0.0,76.63,539.16,943.33,23.73,Cash,Cancelled,4.8,Service,Visakhapatnam,Kia Seltos,Diesel,4
T03283,2025-08-01,V011,Truck,D060,Driver_060,3.3,R041,Pune,Visakhapatnam,50.0,106,7.4,807.8,5075.2,113.11,512.11,6508.22,2592.62,UPI,Completed,3.8,None,Pune,BharatBenz 1015,Diesel,11
T03284,2025-08-05,V081,Sedan,D063,Driver_063,3.9,R038,Visakhapatnam,Kochi,13.5,39,0.9,85.51,6559.41,30.02,159.33,6834.27,548.31,Cash,Completed,3.0,None,Visakhapatnam,Honda City,Petrol,5
T03285,2025-08-02,V031,Sedan,D017,Driver_017,5.0,R063,Chennai,Mumbai,11.8,26,0.89,89.18,0.0,18.07,150.0,257.25,639.16,Net Banking,Completed,4.6,None,Chennai,Maruti Dzire,Petrol,8
T03286,2025-09-24,V017,SUV,D046,Driver_046,4.4,R045,Visakhapatnam,Mumbai,33.7,126,2.85,289.42,0.0,98.77,540.69,928.88,1407.35,UPI,Completed,4.4,Repair,Visakhapatnam,Kia Seltos,Diesel,6
T03287,2025-11-06,V072,Van,D092,Driver_092,4.4,R056,Delhi,Chennai,77.6,147,7.12,744.16,0.0,222.49,629.75,1596.4,3240.21,Net Banking,Completed,4.4,None,Delhi,Force Traveller,Diesel,5
T03288,2025-10-06,V099,Van,D068,Driver_068,4.3,R034,Pune,Mumbai,38.8,55,3.84,401.59,0.0,124.19,306.95,832.73,1809.75,Card,Completed,4.1,Inspection,Pune,Force Traveller,Diesel,5
T03289,2025-03-15,V093,Sedan,D028,Driver_028,4.8,R073,Mumbai,Kochi,51.9,133,3.3,325.23,0.0,79.34,700.03,1104.6,1354.72,COD,Completed,4.0,None,Mumbai,Maruti Dzire,Petrol,6
T03290,2025-02-16,V031,Sedan,D055,Driver_055,4.3,R009,Kochi,Delhi,54.7,87,3.68,398.2,0.0,149.89,379.96,928.05,1430.34,Cash,Completed,3.7,None,Kochi,Hyundai Verna,Petrol,7
T03291,2025-03-01,V035,Sedan,D026,Driver_026,4.5,R064,Hyderabad,Kochi,36.0,100,2.89,310.36,0.0,70.37,491.46,872.19,1172.99,UPI,Completed,4.2,Service,Hyderabad,Honda City,Petrol,4
T03292,2025-08-05,V006,Van,D028,Driver_028,4.4,R068,Mumbai,Visakhapatnam,62.0,166,5.77,553.0,0.0,189.15,803.96,1546.11,14.41,UPI,Cancelled,3.6,None,Mumbai,Maruti Eeco,Diesel,9
T03293,2025-11-05,V072,Sedan,D108,Driver_108,4.1,R003,Kochi,Pune,16.2,31,1.15,116.31,0.0,27.54,161.89,305.74,584.94,Card,Completed,4.2,None,Kochi,Hyundai Verna,Petrol,10
T03294,2025-02-05,V014,Truck,D060,Driver_060,3.7,R070,Bengaluru,Mumbai,38.1,106,6.59,706.5,0.0,151.81,513.1,1371.41,1966.93,Card,Completed,4.2,None,Bengaluru,Ashok Leyland Dost,Diesel,9
T03295,2025-12-21,V046,Sedan,D035,Driver_035,4.0,R030,Pune,Hyderabad,24.6,81,1.96,201.93,0.0,55.6,255.47,513.0,274.38,Card,Cancelled,4.3,None,Pune,Hyundai Verna,Petrol,5
T03296,2025-04-27,V020,Truck,D083,Driver_083,5.0,R021,Hyderabad,Delhi,114.8,225,16.03,1543.88,0.0,509.15,985.93,3038.96,5287.17,COD,Completed,3.6,None,Hyderabad,Tata 407,Diesel,10
T03297,2025-07-26,V087,Sedan,D012,Driver_012,2.1,R030,Mumbai,Hyderabad,59.6,186,3.64,396.13,9837.8,103.36,711.08,11048.37,1623.8,UPI,Completed,2.4,Service,Mumbai,Hyundai Verna,Petrol,8
T03298,2025-03-21,V065,Sedan,D010,Driver_010,4.8,R015,Visakhapatnam,Kochi,52.7,168,3.76,375.61,7223.65,143.41,774.41,8517.08,1604.34,Net Banking,Completed,4.2,None,Visakhapatnam,Honda City,Petrol,9
T03299,2025-11-23,V023,Van,D027,Driver_027,3.9,R029,Bengaluru,Visakhapatnam,69.7,106,6.84,744.59,6172.9,319.39,338.06,7574.94,490.26,Net Banking,Cancelled,3.4,None,Bengaluru,Force Traveller,Diesel,9
T03300,2025-09-28,V028,SUV,D024,Driver_024,4.3,R037,Bengaluru,Kochi,23.2,67,1.77,179.29,0.0,94.93,212.89,487.11,861.9,Net Banking,Completed,5.0,Repair,Bengaluru,Toyota Innova,Diesel,7
T03301,2025-11-13,V039,Sedan,D118,Driver_118,4.7,R048,Pune,Hyderabad,13.3,37,0.95,101.85,0.0,37.68,150.0,289.53,744.43,Net Banking,Completed,3.9,None,Pune,Honda City,Petrol,12
T03302,2025-06-04,V051,Sedan,D023,Driver_023,4.1,R016,Mumbai,Hyderabad,33.5,101,2.55,259.71,6950.85,152.87,446.67,7810.1,235.08,UPI,Cancelled,4.5,Repair,Mumbai,Honda City,Petrol,12
T03303,2025-10-08,V011,Sedan,D097,Driver_097,4.3,R051,Visakhapatnam,Kochi,13.2,25,1.05,110.61,0.0,57.65,150.0,318.26,471.34,COD,Completed,2.8,None,Visakhapatnam,Hyundai Verna,Petrol,1
T03304,2025-07-27,V018,Sedan,D065,Driver_065,3.7,R029,Kochi,Mumbai,29.3,108,2.13,215.92,0.0,84.06,464.88,764.86,792.82,Net Banking,Completed,3.0,Service,Kochi,Maruti Dzire,Petrol,6
T03305,2025-05-23,V056,Truck,D086,Driver_086,4.1,R074,Kochi,Mumbai,97.9,243,14.97,1627.01,5048.54,291.88,1086.35,8053.78,4627.71,Cash,Completed,5.0,Repair,Kochi,BharatBenz 1015,Diesel,7
T03306,2025-11-15,V028,Sedan,D060,Driver_060,3.9,R017,Mumbai,Chennai,33.7,57,2.23,223.92,0.0,153.47,283.36,660.75,876.21,Card,Completed,4.5,None,Mumbai,Honda City,Petrol,4
T03307,2025-11-13,V002,Truck,D124,Driver_124,4.2,R010,Delhi,Kochi,32.6,65,4.33,434.92,0.0,74.48,208.39,717.79,1552.38,Cash,Completed,3.7,Repair,Delhi,Ashok Leyland Dost,Diesel,4
T03308,2025-04-02,V085,SUV,D054,Driver_054,4.2,R060,Hyderabad,Kochi,48.9,139,4.32,474.12,0.0,194.06,673.19,1341.37,1558.86,COD,Completed,3.9,None,Hyderabad,Hyundai Creta,Diesel,5
T03309,2025-03-07,V067,Truck,D087,Driver_087,4.0,R063,Hyderabad,Mumbai,15.5,51,2.08,199.52,,35.9,159.74,395.16,1139.33,Net Banking,Completed,4.4,Inspection,Hyderabad,Ashok Leyland Dost,Diesel,3
T03310,2025-01-18,V011,Sedan,D021,Driver_021,5.0,R008,Mumbai,Hyderabad,14.3,43,1.02,107.46,0.0,57.23,158.61,323.3,45.84,Cash,Cancelled,3.8,None,Mumbai,Maruti Dzire,Petrol,5
T03311,2025-01-13,V090,Truck,D096,Driver_096,3.7,R070,Chennai,Delhi,38.6,59,6.43,625.51,0.0,147.25,290.93,1063.69,2134.93,UPI,Completed,4.3,Service,Chennai,Ashok Leyland Dost,Diesel,10
T03312,2025-09-25,V028,Sedan,D022,Driver_022,3.6,R066,Chennai,Visakhapatnam,29.8,80,1.81,178.98,3061.63,102.88,288.7,3632.19,154.63,Card,Cancelled,4.4,None,Chennai,Maruti Dzire,Petrol,7
T03313,2025-10-28,V033,SUV,D090,Driver_090,4.8,R010,Mumbai,Chennai,33.7,102,3.19,320.63,0.0,54.19,351.51,726.33,1432.47,,Completed,3.8,None,Mumbai,Kia Seltos,Diesel,2
T03314,2025-03-25,V024,Sedan,D039,Driver_039,3.8,R061,Hyderabad,Kochi,9.0,28,0.56,55.68,0.0,12.91,150.0,218.59,298.61,Cash,Completed,3.7,None,Hyderabad,Hyundai Verna,Petrol,4
T03315,2025-01-01,V027,Sedan,D149,Driver_149,3.7,R078,Bengaluru,Kochi,31.2,70,2.21,230.91,0.0,73.35,402.97,707.23,910.06,Net Banking,Completed,4.2,Repair,Bengaluru,Honda City,Petrol,10
T03316,2025-05-17,V044,SUV,D030,Driver_030,3.9,R075,Chennai,Visakhapatnam,76.3,236,6.45,642.36,0.0,268.0,976.25,1886.61,2525.26,Card,Completed,4.7,Service,Chennai,Hyundai Creta,Diesel,3
T03317,2025-01-19,V032,Truck,D079,Driver_079,3.3,R037,Delhi,Mumbai,11.9,23,1.68,167.65,0.0,33.53,150.0,351.18,865.99,Card,Completed,4.3,Service,Delhi,BharatBenz 1015,Diesel,6
T03318,2025-11-22,V021,Sedan,D012,Driver_012,4.1,R066,Delhi,Pune,19.4,51,1.4,148.2,0.0,55.07,202.33,405.6,614.69,UPI,Completed,3.4,Repair,Delhi,Maruti Dzire,Petrol,3
T03319,2025-09-15,V046,Sedan,D014,Driver_014,3.7,R014,Chennai,Bengaluru,22.6,52,1.71,179.55,0.0,45.44,209.22,434.21,732.89,Cash,Completed,4.0,None,Chennai,Honda City,Petrol,2
T03320,2025-02-08,V095,Van,D068,Driver_068,4.3,R057,Bengaluru,Hyderabad,26.3,90,2.53,265.9,0.0,90.45,385.56,741.91,1062.92,COD,completed,4.3,None,Bengaluru,Maruti Eeco,Diesel,5
T03321,2025-01-19,V006,Sedan,D079,Driver_079,4.5,R030,Pune,Mumbai,124.3,211,9.41,998.95,0.0,474.12,805.81,2278.88,2897.78,Card,Completed,3.8,None,Pune,Honda City,Petrol,2
T03322,2025-12-14,V086,SUV,D135,Driver_135,4.0,R066,Visakhapatnam,Bengaluru,42.8,91,3.6,385.47,1473.09,79.03,520.68,2458.27,1664.26,COD,Completed,3.0,Repair,Visakhapatnam,Hyundai Creta,Diesel,10
T03323,2025-05-19,V036,Sedan,D018,Driver_018,3.0,R049,Visakhapatnam,Kochi,34.6,95,2.75,284.66,0.0,48.69,343.29,676.64,1233.24,Net Banking,Completed,3.8,None,Visakhapatnam,Honda City,Petrol,9
T03324,2025-05-25,V004,Van,D032,Driver_032,4.6,R052,Kochi,Pune,30.8,54,3.05,296.74,0.0,118.97,269.12,684.83,1287.78,UPI,Completed,3.2,None,Kochi,Tata Winger,Diesel,5
T03325,2025-05-03,V002,Sedan,D046,Driver_046,4.1,R009,Bengaluru,Hyderabad,59.4,121,4.32,427.63,0.0,93.01,388.2,908.84,1827.52,Card,Completed,3.7,None,Bengaluru,Honda City,Petrol,8
T03326,2025-11-22,V075,SUV,D114,Driver_114,3.7,R035,Kochi,Delhi,108.5,329,10.46,1131.13,0.0,284.26,1090.5,2505.89,3408.51,Cash,Completed,3.5,None,Kochi,Hyundai Creta,Diesel,5
T03327,2025-02-26,V014,SUV,D006,Driver_006,4.2,R001,Chennai,Delhi,65.9,166,6.09,662.03,9602.32,108.6,759.41,11132.36,2078.31,COD,Completed,4.2,Service,Chennai,Hyundai Creta,Diesel,1
T03328,2025-10-28,V008,Sedan,D149,Driver_149,3.5,R043,Mumbai,Delhi,10.3,36,0.75,76.63,9767.65,16.31,187.96,10048.55,56.58,Card,Cancelled,4.0,Repair,Mumbai,Maruti Dzire,Petrol,7
T03329,2025-08-25,V049,Sedan,D038,Driver_038,5.0,R075,Kochi,Visakhapatnam,34.9,87,2.78,290.68,0.0,119.39,264.89,674.96,947.36,Net Banking,Completed,4.0,None,Kochi,Honda City,Petrol,5
T03330,2025-12-01,V016,Van,D043,Driver_043,4.3,R034,Hyderabad,Visakhapatnam,75.6,160,7.03,676.74,9394.78,188.38,669.14,10929.04,3113.72,COD,Completed,5.0,None,Hyderabad,Force Traveller,Diesel,5
T03331,2025-07-21,V070,Truck,D050,Driver_050,3.7,R073,Bengaluru,Hyderabad,40.6,132,6.19,589.07,0.0,146.6,562.07,1297.74,2098.59,Cash,Completed,3.7,None,Bengaluru,Tata 407,Diesel,1
T03332,2025-01-31,V025,Sedan,D007,Driver_007,3.8,R007,Mumbai,Pune,44.2,81,2.85,305.02,0.0,132.88,308.33,746.23,1412.36,Net Banking,Completed,4.1,None,Mumbai,Honda City,Petrol,11
T03333,2025-07-12,V007,Van,D054,Driver_054,4.5,R060,Delhi,Chennai,45.9,88,4.19,416.62,0.0,173.11,432.8,1022.53,364.21,Cash,Cancelled,3.2,None,Delhi,Tata Winger,Diesel,3
T03334,2025-09-08,V019,Van,D112,Driver_112,4.2,R062,Hyderabad,Visakhapatnam,89.9,283,10.85,1138.43,0.0,199.05,1175.75,2513.23,480.31,Net Banking,Cancelled,4.6,None,Hyderabad,Maruti Eeco,Diesel,6
T03335,2025-11-06,V082,SUV,D086,Driver_086,3.8,R003,Visakhapatnam,Mumbai,14.9,58,1.25,125.83,8343.22,69.42,313.91,8852.38,590.36,Card,Completed,3.2,Service,Visakhapatnam,Hyundai Creta,Diesel,1
T03336,2025-12-07,V087,Sedan,D010,Driver_010,3.7,R028,Delhi,Hyderabad,61.3,197,3.71,401.98,0.0,246.99,720.98,1369.95,1637.17,COD,Completed,4.1,Service,Delhi,Hyundai Verna,Petrol,5
T03337,2025-08-11,V017,Truck,D016,Driver_016,4.1,R008,Hyderabad,Mumbai,109.8,233,17.94,1712.75,0.0,326.3,1083.71,3122.76,5031.08,Card,Completed,4.1,None,Hyderabad,Ashok Leyland Dost,Diesel,2
T03338,2025-08-16,V078,Sedan,D150,Driver_150,3.9,R054,Mumbai,Delhi,42.3,126,2.81,291.36,2612.75,156.04,562.57,3622.72,1446.79,Net Banking,Completed,3.5,None,Mumbai,Honda City,Petrol,10
T03339,2025-09-15,V090,Truck,D127,Driver_127,3.7,R073,Delhi,Mumbai,16.0,47,2.53,267.61,0.0,52.67,150.0,470.28,1131.86,Cash,Completed,4.4,Repair,Delhi,Tata 407,Diesel,7
T03340,2025-12-07,V081,SUV,D083,Driver_083,4.6,R073,Visakhapatnam,Bengaluru,27.6,80,2.39,229.22,0.0,110.34,300.69,640.25,1195.01,Card,Completed,3.2,Repair,Visakhapatnam,Hyundai Creta,Diesel,9
T03341,2025-01-07,V047,Sedan,D009,Driver_009,4.5,R011,Chennai,Visakhapatnam,37.8,72,2.31,239.72,0.0,128.55,315.7,683.97,1239.31,Card,Completed,3.7,,Chennai,Maruti Dzire,Petrol,10
T03342,2025-12-27,V085,Sedan,D111,Driver_111,3.4,R073,Bengaluru,Hyderabad,15.3,51,1.01,109.11,0.0,59.74,168.96,337.81,824.51,Net Banking,Completed,3.7,None,Bengaluru,Honda City,Petrol,7
T03343,2025-04-14,V089,SUV,D056,Driver_056,4.3,R049,Chennai,Visakhapatnam,18.8,84,1.68,170.29,0.0,30.83,454.46,655.58,754.25,Net Banking,Completed,4.0,None,Chennai,Kia Seltos,Diesel,1
T03344,2025-03-07,V080,SUV,D071,Driver_071,3.6,R041,Delhi,Visakhapatnam,33.4,67,3.27,347.86,0.0,113.2,262.85,723.91,1326.67,Card,Completed,3.7,Inspection,Delhi,Toyota Innova,Diesel,8
T03345,2025-06-02,V021,SUV,D097,Driver_097,4.5,R010,Hyderabad,Chennai,39.6,118,3.04,330.63,0.0,149.92,685.0,1165.55,1624.72,Cash,Completed,4.0,Repair,Hyderabad,Kia Seltos,Diesel,12
T03346,2025-05-16,V060,Truck,D089,Driver_089,4.3,R061,Kochi,Bengaluru,27.6,71,4.12,435.07,0.0,98.42,243.53,777.02,1297.47,COD,Completed,4.2,Service,Kochi,BharatBenz 1015,Diesel,3
T03347,2025-05-15,V016,Van,D101,Driver_101,4.0,R055,Delhi,Kochi,-91.2,299,10.16,988.15,0.0,328.4,1602.66,2919.21,230.98,Cash,Cancelled,4.5,Repair,Delhi,Tata Winger,Diesel,12
T03348,2025-10-24,V038,Sedan,D058,Driver_058,3.8,R074,Bengaluru,Mumbai,32.2,56,1.95,205.36,0.0,112.77,172.59,490.72,1081.99,COD,Completed,3.6,Service,Bengaluru,Hyundai Verna,Petrol,3
T03349,2025-06-08,V051,Sedan,D066,Driver_066,4.3,R064,Pune,Mumbai,90.1,246,5.97,596.69,0.0,336.54,779.76,1712.99,2135.71,,Completed,4.0,Repair,Pune,Honda City,Petrol,1
T03350,2025-11-14,V071,Sedan,D057,Driver_057,4.1,R024,Chennai,Pune,116.6,271,7.04,679.94,0.0,390.91,1575.38,2646.23,2924.03,Card,Completed,4.3,None,Chennai,Hyundai Verna,Petrol,6
T03351,2025-04-12,V015,Van,D012,Driver_012,3.3,R001,Kochi,Pune,121.3,345,11.38,1086.79,0.0,162.44,1096.85,2346.08,4489.16,Card,Completed,3.6,,Kochi,Tata Winger,Diesel,7
T03352,2025-09-01,V052,Truck,D106,Driver_106,3.9,R065,Chennai,Pune,95.5,164,14.65,1528.44,0.0,440.05,880.24,2848.73,4418.85,COD,Completed,4.0,Inspection,Chennai,BharatBenz 1015,Diesel,3
T03353,2025-09-04,V042,SUV,D048,Driver_048,2.8,R054,Visakhapatnam,Bengaluru,66.6,129,6.65,700.98,0.0,97.46,513.55,1311.99,2364.62,UPI,Completed,5.0,Repair,Visakhapatnam,Toyota Innova,Diesel,6
T03354,2025-03-01,V066,SUV,D093,Driver_093,4.6,R031,Pune,Chennai,48.4,84,3.93,410.0,3102.16,75.53,331.06,3918.75,1691.36,Card,Completed,4.4,Repair,Pune,Kia Seltos,Diesel,2
T03355,2025-05-02,V006,Sedan,D002,Driver_002,3.8,R071,Hyderabad,Bengaluru,21.3,82,1.3,138.91,0.0,84.91,316.98,540.8,909.48,Net Banking,Completed,3.6,Inspection,Hyderabad,Hyundai Verna,Petrol,4
T03356,2025-12-17,V070,Sedan,D017,Driver_017,3.8,R061,Pune,Hyderabad,53.3,96,3.37,347.17,1835.86,199.72,396.98,2779.73,152.19,Net Banking,Cancelled,3.7,Repair,Pune,Hyundai Verna,Petrol,12
T03357,2025-11-17,V039,Sedan,D054,Driver_054,3.6,R080,Mumbai,Hyderabad,30.0,46,2.28,236.83,5190.42,90.01,217.09,5734.35,267.96,Net Banking,Cancelled,3.8,Service,Mumbai,Hyundai Verna,Petrol,9
T03358,2025-10-29,V057,Van,D142,Driver_142,3.8,R015,Chennai,Pune,30.7,91,3.7,367.01,9869.58,73.02,402.73,10712.34,1237.02,COD,Completed,4.2,Repair,Chennai,Force Traveller,Diesel,8
T03359,2025-07-22,V029,Van,D041,Driver_041,4.0,R021,Delhi,Kochi,30.4,103,3.0,322.63,7125.32,112.88,516.2,8077.03,1586.29,UPI,Completed,4.8,Inspection,Delhi,Maruti Eeco,Diesel,11
T03360,2025-03-24,V014,SUV,D127,Driver_127,3.9,R030,Hyderabad,Bengaluru,44.5,145,4.46,485.81,0.0,69.68,612.25,1167.74,351.71,COD,Cancelled,5.0,None,Hyderabad,Hyundai Creta,Diesel,7
T03361,2025-07-08,V017,SUV,D059,Driver_059,4.0,R025,Kochi,Delhi,87.5,248,8.58,928.04,0.0,141.9,980.01,2049.95,3156.13,UPI,Completed,3.4,Inspection,Kochi,Hyundai Creta,Diesel,2
T03362,2025-03-30,V048,Van,D109,Driver_109,4.2,R033,Hyderabad,Visakhapatnam,78.5,231,9.01,988.52,0.0,210.62,756.35,1955.49,3243.93,UPI,Completed,3.6,Repair,Hyderabad,Maruti Eeco,Diesel,3
T03363,2025-06-18,V002,Sedan,D115,Driver_115,3.9,R064,Delhi,Chennai,19.4,43,1.32,129.28,0.0,61.62,216.32,407.22,874.41,Card,Completed,3.9,Repair,Delhi,Maruti Dzire,Petrol,12
T03364,2025-06-11,V062,SUV,D032,Driver_032,4.8,R019,Pune,Kochi,13.0,36,1.17,119.35,0.0,44.96,164.31,328.62,483.5,UPI,Completed,4.0,Inspection,Pune,Toyota Innova,Diesel,6
T03365,2025-02-08,V064,Truck,D074,Driver_074,3.7,R059,Visakhapatnam,Hyderabad,56.3,155,7.69,730.67,5717.62,261.3,878.7,7588.29,2638.46,Cash,Completed,4.6,Service,Visakhapatnam,Ashok Leyland Dost,Diesel,1
T03366,2025-10-16,V054,Van,D136,Driver_136,4.0,R024,Pune,Visakhapatnam,50.9,112,5.81,602.88,0.0,214.8,472.98,1290.66,1980.95,COD,Completed,3.9,None,Pune,Maruti Eeco,Diesel,4
T03367,2025-05-15,V017,Sedan,D133,Driver_133,3.9,R015,Delhi,Hyderabad,77.3,248,5.25,567.47,0.0,319.69,841.68,1728.84,1967.92,COD,Completed,4.5,None,Delhi,Honda City,Petrol,11
T03368,2025-12-05,V031,Sedan,D094,Driver_094,3.1,R039,Pune,Chennai,71.5,166,4.64,486.22,0.0,98.83,846.32,1431.37,1818.99,COD,Completed,4.2,Service,Pune,Maruti Dzire,Petrol,6
T03369,2025-08-12,V081,Sedan,D138,Driver_138,4.2,R016,Bengaluru,Kochi,51.4,97,3.46,336.44,0.0,73.75,454.18,864.37,1503.64,COD,Completed,4.8,None,Bengaluru,Maruti Dzire,Petrol,5
T03370,2025-08-29,V003,SUV,D079,Driver_079,3.5,R061,Visakhapatnam,Kochi,44.6,127,3.43,359.24,0.0,112.93,625.8,1097.97,1794.35,UPI,Completed,4.0,Service,Visakhapatnam,Toyota Innova,Diesel,11
T03371,2025-09-26,V049,Sedan,D070,Driver_070,5.0,R041,Chennai,Delhi,58.6,140,3.85,399.75,0.0,270.02,791.17,1460.94,1577.26,COD,Completed,3.7,None,Chennai,Maruti Dzire,Petrol,8
T03372,2025-12-10,V023,Truck,D011,Driver_011,3.4,R010,Hyderabad,Chennai,21.0,53,2.98,323.04,9455.68,93.51,270.62,10142.85,1402.85,Net Banking,Completed,3.7,Repair,Hyderabad,Tata 407,Diesel,2
T03373,2025-03-22,V023,Van,D127,Driver_127,3.5,R007,Pune,Kochi,47.6,90,5.65,590.79,0.0,160.55,479.71,1231.05,1939.2,UPI,Completed,4.6,Repair,Pune,Tata Winger,Diesel,5
T03374,2025-10-05,V073,Truck,D124,Driver_124,3.7,R011,Delhi,Bengaluru,40.8,93,5.72,585.89,0.0,97.72,511.37,1194.98,2175.19,Card,Completed,3.7,None,Delhi,BharatBenz 1015,Diesel,10
T03375,2025-04-06,V061,Sedan,D072,Driver_072,4.8,R023,Kochi,Visakhapatnam,48.6,116,3.5,344.18,0.0,162.99,490.26,997.43,1299.52,upi,Completed,4.0,None,Kochi,Hyundai Verna,Petrol,5
T03376,2025-09-21,V078,Van,D055,Driver_055,3.8,R044,Hyderabad,Delhi,62.9,105,6.36,684.43,0.0,143.15,507.33,1334.91,488.92,UPI,Cancelled,3.5,Inspection,Hyderabad,Force Traveller,Diesel,12
T03377,2025-07-04,V061,Sedan,D107,Driver_107,4.4,R003,Hyderabad,Chennai,59.7,97,3.73,364.47,1416.5,113.12,501.14,2395.23,1750.67,COD,Completed,4.0,Inspection,Hyderabad,Hyundai Verna,Petrol,2
T03378,2025-12-17,V004,SUV,D069,Driver_069,4.3,R059,Mumbai,Visakhapatnam,30.2,100,3.07,313.6,8121.12,96.09,494.53,9025.34,1241.31,upi,Completed,4.4,Repair,Mumbai,Kia Seltos,Diesel,3
T03379,2025-05-11,V023,Van,D033,Driver_033,,R026,Mumbai,Kochi,64.0,146,6.3,654.46,0.0,186.2,449.97,1290.63,2679.91,Net Banking,Completed,3.2,None,Mumbai,Tata Winger,Diesel,3
T03380,2025-03-19,V034,SUV,D047,Driver_047,3.7,R024,Visakhapatnam,Chennai,20.9,67,1.9,187.63,1695.64,38.44,354.3,2276.01,926.98,Net Banking,Completed,3.0,Service,Visakhapatnam,Kia Seltos,Diesel,1
T03381,2025-04-27,V043,Sedan,D020,Driver_020,3.7,R052,Visakhapatnam,Bengaluru,70.2,164,4.76,521.45,0.0,260.17,731.63,1513.25,1933.09,Net Banking,Completed,3.4,None,Visakhapatnam,Honda City,Petrol,8
T03382,2025-07-01,V075,SUV,D030,Driver_030,4.3,R060,Kochi,Delhi,65.7,176,5.47,597.89,3890.85,170.36,711.11,5370.21,2077.68,Cash,Completed,4.6,Repair,Kochi,Toyota Innova,Diesel,12
T03383,2025-03-03,V026,Sedan,D034,Driver_034,4.3,R021,Visakhapatnam,Bengaluru,38.6,52,2.62,265.51,0.0,168.93,218.57,653.01,340.02,Cash,Cancelled,3.2,Repair,Visakhapatnam,Maruti Dzire,Petrol,9
T03384,2025-12-24,V013,Van,D116,Driver_116,4.2,R020,Pune,Mumbai,42.0,131,4.01,385.0,0.0,134.68,471.05,990.73,1916.91,Card,Completed,3.3,Inspection,Pune,Maruti Eeco,Diesel,6
T03385,2025-02-12,V038,Sedan,D136,Driver_136,3.9,R004,Visakhapatnam,Delhi,34.7,103,2.21,220.98,0.0,56.54,342.77,620.29,855.88,Net Banking,Completed,,None,Visakhapatnam,Hyundai Verna,Petrol,9
T03386,2025-10-10,V071,SUV,D108,Driver_108,4.0,R073,Delhi,Chennai,23.2,70,2.28,233.92,0.0,98.49,376.01,708.42,241.13,Net Banking,Cancelled,4.5,Repair,Delhi,Hyundai Creta,Diesel,7
T03387,2025-01-22,V018,SUV,D096,Driver_096,3.8,R015,Mumbai,Chennai,10.2,39,,101.53,6635.45,34.39,150.0,6921.37,85.47,Cash,Cancelled,3.9,Inspection,Mumbai,Hyundai Creta,Diesel,6
T03388,2025-05-20,V044,Sedan,D057,Driver_057,3.4,R062,Bengaluru,Pune,31.7,122,2.39,242.9,0.0,47.32,654.59,944.81,1024.43,Cash,Completed,4.1,None,Bengaluru,Hyundai Verna,Petrol,3
T03389,2025-08-06,V073,Sedan,D062,Driver_062,4.1,R011,Pune,Bengaluru,41.6,101,3.1,316.28,0.0,108.23,553.84,978.35,1022.14,Net Banking,Completed,3.5,None,Pune,Maruti Dzire,Petrol,10
T03390,2025-04-23,V091,Sedan,D033,Driver_033,4.0,R013,Mumbai,Delhi,54.0,162,3.82,400.2,7153.81,233.55,943.1,8730.66,1508.42,UPI,Completed,,None,Mumbai,Hyundai Verna,Petrol,5
T03391,2025-04-04,V008,Van,D017,Driver_017,4.5,R064,Bengaluru,Kochi,17.8,63,1.89,201.84,0.0,63.59,213.03,478.46,1105.98,Cash,Completed,3.4,None,Bengaluru,Force Traveller,Diesel,3
T03392,2025-10-23,V008,Sedan,D036,Driver_036,3.5,R026,Chennai,Mumbai,21.3,65,1.35,128.93,6138.01,79.34,200.96,6547.24,917.66,Cash,Completed,3.6,Service,Chennai,Maruti Dzire,Petrol,8
T03393,2025-06-20,V039,SUV,D146,Driver_146,3.6,R069,Mumbai,Chennai,36.5,87,3.42,339.24,0.0,99.18,474.79,913.21,1471.7,UPI,Completed,3.9,Repair,Mumbai,Toyota Innova,Diesel,3
T03394,2025-07-30,V073,Truck,D142,Driver_142,4.0,R058,Chennai,Bengaluru,37.7,100,5.44,571.64,2214.59,103.42,397.31,3286.96,1691.51,Cash,Completed,4.9,None,Chennai,Ashok Leyland Dost,Diesel,10
T03395,2025-12-19,V082,Sedan,D123,Driver_123,3.8,R035,Kochi,Mumbai,59.9,121,3.67,357.83,0.0,205.22,647.17,1210.22,1411.32,COD,Completed,4.2,None,Kochi,Honda City,Petrol,9
T03396,2025-01-09,V023,SUV,D142,Driver_142,3.3,R011,Delhi,Kochi,107.1,213,9.78,1056.76,0.0,439.13,1153.96,2649.85,3636.58,Card,Completed,3.9,None,Delhi,Toyota Innova,Diesel,4
T03397,2025-07-17,V053,Sedan,D094,Driver_094,4.2,R052,Pune,Chennai,23.6,39,1.85,182.14,0.0,71.81,150.0,403.95,112.42,Net Banking,Cancelled,4.9,None,Pune,Honda City,Petrol,1
T03398,2025-10-27,V006,Van,D115,Driver_115,4.6,R012,Bengaluru,Kochi,92.5,251,9.04,869.1,1361.82,219.48,1297.92,3748.32,3497.1,Net Banking,Completed,5.0,Repair,Bengaluru,Maruti Eeco,Diesel,12
T03399,2025-12-27,V017,SUV,D036,Driver_036,4.5,R058,Mumbai,Kochi,93.5,265,7.81,747.81,7110.49,365.46,800.04,9023.8,3101.13,UPI,Completed,3.2,Service,Mumbai,Toyota Innova,Diesel,2
T03400,2025-05-31,V013,SUV,D111,Driver_111,3.9,R057,Bengaluru,Hyderabad,32.6,53,3.11,312.42,0.0,76.02,267.11,655.55,1225.15,UPI,Completed,3.4,Service,Bengaluru,Kia Seltos,Diesel,6
T03401,2025-06-08,V050,SUV,D050,Driver_050,4.2,R072,Mumbai,Visakhapatnam,13.6,26,1.15,126.44,0.0,34.07,150.0,310.51,180.19,UPI,Cancelled,3.2,Repair,Mumbai,Kia Seltos,Diesel,10
T03402,2025-03-07,V049,Van,D009,Driver_009,3.8,R013,Bengaluru,Kochi,54.6,94,,506.6,0.0,178.93,436.94,1122.47,342.88,Net Banking,Cancelled,5.0,None,Bengaluru,Force Traveller,Diesel,7
T03403,2025-01-20,V039,SUV,D129,Driver_129,2.9,R066,Delhi,Pune,47.8,143,4.16,414.08,0.0,81.97,431.65,927.7,313.37,Net Banking,Cancelled,3.3,None,Delhi,Toyota Innova,Diesel,2
T03404,2025-11-29,V019,Van,D010,Driver_010,3.7,R056,Bengaluru,Visakhapatnam,12.7,49,1.14,122.91,0.0,24.62,282.85,430.38,969.29,Net Banking,Completed,3.3,None,Bengaluru,Maruti Eeco,Diesel,2
T03405,2025-09-07,V001,SUV,D017,Driver_017,4.4,R025,Hyderabad,Mumbai,47.2,90,3.93,391.48,4851.29,212.91,385.88,5841.56,1603.25,Card,Completed,4.5,Inspection,Hyderabad,Kia Seltos,Diesel,12
T03406,2025-04-15,V009,SUV,D135,Driver_135,4.2,R063,Pune,Hyderabad,39.1,76,3.01,313.28,0.0,89.58,287.65,690.51,1342.77,Cash,Completed,3.8,Inspection,Pune,Hyundai Creta,Diesel,9
T03407,2025-12-04,V089,Sedan,D115,Driver_115,3.4,R019,Kochi,Chennai,83.4,126,5.39,586.94,0.0,221.14,434.07,1242.15,76.8,Cash,Cancelled,3.4,Inspection,Kochi,Maruti Dzire,Petrol,3
T03408,2025-12-04,V099,Truck,D125,Driver_125,4.0,R014,Chennai,Hyderabad,73.0,201,11.9,1140.49,9175.32,127.03,604.14,11046.98,3432.96,UPI,Completed,3.5,None,Chennai,Ashok Leyland Dost,Diesel,9
T03409,2025-06-21,V082,Truck,D140,Driver_140,3.9,R075,Delhi,Hyderabad,101.5,138,15.97,1626.87,0.0,399.98,482.23,2509.08,4483.92,COD,Completed,4.1,None,Delhi,Tata 407,Diesel,2
T03410,2025-08-19,V088,Sedan,D080,Driver_080,4.8,R075,Bengaluru,Chennai,46.9,107,3.7,394.07,6838.42,85.46,358.73,7676.68,1476.01,Cash,Completed,3.4,Service,Bengaluru,Maruti Dzire,Petrol,10
T03411,2025-04-07,V077,SUV,D102,Driver_102,4.9,R080,Hyderabad,Bengaluru,27.8,76,2.09,211.72,3519.43,61.5,393.58,4186.23,933.2,COD,Completed,3.7,Service,Hyderabad,Kia Seltos,Diesel,4
T03412,2025-04-21,V032,Sedan,D017,Driver_017,4.6,R071,Kochi,Mumbai,13.8,43,0.91,91.07,0.0,20.79,161.82,273.68,777.91,Card,Completed,4.5,None,Kochi,Honda City,Petrol,5
T03413,2025-08-14,V069,Truck,D023,Driver_023,3.9,R064,Visakhapatnam,Mumbai,46.5,128,6.58,719.73,0.0,194.09,501.49,1415.31,2345.69,UPI,Completed,4.7,None,Visakhapatnam,BharatBenz 1015,Diesel,7
T03414,2025-12-10,V078,Sedan,D078,Driver_078,4.2,R039,Kochi,Delhi,33.3,52,2.08,214.28,0.0,79.27,175.43,468.98,195.08,Cash,Cancelled,4.4,Repair,Kochi,Honda City,Petrol,8
T03415,2025-04-19,V067,Truck,D094,Driver_094,4.4,R044,Bengaluru,Pune,64.4,130,10.38,1030.03,0.0,171.4,586.35,1787.78,2850.74,Cash,Completed,4.0,Inspection,Bengaluru,Tata 407,Diesel,7
T03416,2025-11-02,V075,Sedan,D143,Driver_143,4.5,R077,Hyderabad,Chennai,117.7,354,9.47,987.9,1551.38,210.73,2056.4,4806.41,3099.92,Net Banking,Completed,3.1,None,Hyderabad,Hyundai Verna,Petrol,9
T03417,2025-01-10,V081,Sedan,D035,Driver_035,3.6,R051,Visakhapatnam,Pune,28.0,71,1.72,176.2,6768.92,129.37,325.83,7400.32,116.67,Net Banking,Cancelled,4.6,Repair,Visakhapatnam,Maruti Dzire,Petrol,2
T03418,2025-01-20,V023,Sedan,D020,Driver_020,3.7,R043,Hyderabad,Mumbai,9.1,53,0.65,70.92,2175.36,20.8,267.82,2534.9,521.22,Cash,Completed,3.9,None,Hyderabad,Honda City,Petrol,4
T03419,2025-06-30,V052,SUV,D145,Driver_145,3.9,R024,Delhi,Mumbai,47.8,148,4.34,447.55,0.0,96.12,446.48,990.15,1806.5,Card,Completed,4.2,None,Delhi,Hyundai Creta,Diesel,8
T03420,2025-07-06,V081,Van,D124,Driver_124,2.8,R073,Bengaluru,Delhi,62.0,134,7.52,818.27,2037.49,269.13,465.36,3590.25,2468.55,COD,Completed,4.9,None,Bengaluru,Maruti Eeco,Diesel,7
T03421,2025-04-01,V032,Sedan,D129,Driver_129,4.8,R067,Delhi,Bengaluru,25.3,73,1.8,171.62,0.0,93.89,358.83,624.34,673.45,Card,Completed,3.0,Inspection,Delhi,Maruti Dzire,Petrol,4
T03422,2025-12-08,V054,Truck,D052,Driver_052,4.0,R010,Chennai,Mumbai,44.4,98,7.55,794.51,0.0,97.17,298.73,1190.41,2288.62,Net Banking,Completed,4.7,None,Chennai,Ashok Leyland Dost,Diesel,6
T03423,2025-02-19,V086,Sedan,D105,Driver_105,4.6,R029,Hyderabad,Delhi,76.6,234,5.75,578.27,0.0,245.63,1207.53,2031.43,1860.95,Net Banking,Completed,3.5,None,Hyderabad,Honda City,Petrol,5
T03424,2025-07-16,V031,Sedan,D013,Driver_013,4.9,R036,Bengaluru,Kochi,82.3,259,6.04,616.78,7724.24,224.57,1357.9,9923.49,2119.17,Card,Completed,4.3,Service,Bengaluru,Honda City,Petrol,3
T03425,2025-04-29,V053,Van,D145,Driver_145,5.0,R057,Pune,Bengaluru,61.9,135,7.5,764.41,0.0,249.17,524.21,1537.79,2471.19,COD,Completed,3.5,Repair,Pune,Tata Winger,Diesel,12
T03426,2025-10-01,V089,Sedan,D027,Driver_027,4.0,R030,Kochi,Delhi,80.6,186,6.23,658.59,0.0,176.98,894.56,1730.13,341.95,Cash,Cancelled,4.7,Service,Kochi,Maruti Dzire,Petrol,1
T03427,2025-09-29,V024,Van,D091,Driver_091,5.0,R080,Hyderabad,Bengaluru,32.8,101,3.52,338.74,0.0,47.19,504.22,890.15,360.13,COD,Cancelled,3.8,None,Hyderabad,Force Traveller,Diesel,7
T03428,2025-10-13,V036,Van,D100,Driver_100,3.5,R015,Delhi,Visakhapatnam,15.9,29,1.65,169.03,0.0,41.41,150.0,360.44,838.8,UPI,Completed,4.9,None,Delhi,Tata Winger,Diesel,8
T03429,2025-02-16,V026,SUV,D003,Driver_003,4.2,R031,Bengaluru,Pune,52.1,109,5.22,516.98,0.0,211.96,414.38,1143.32,1809.06,COD,Completed,3.1,None,Bengaluru,Kia Seltos,Diesel,2
T03430,2025-07-29,V023,SUV,D088,Driver_088,4.2,R067,Mumbai,Hyderabad,56.7,176,4.82,467.35,2456.19,202.72,613.67,3739.93,2080.4,Net Banking,Completed,3.5,None,Mumbai,Toyota Innova,Diesel,9
T03431,2025-01-29,V081,Sedan,D027,Driver_027,4.3,R067,Visakhapatnam,Bengaluru,8.1,33,0.62,66.12,679.61,26.18,150.0,921.91,523.18,Card,Completed,3.2,None,Visakhapatnam,Maruti Dzire,Petrol,5
T03432,2025-07-07,V034,Truck,D035,Driver_035,4.0,R025,Visakhapatnam,Delhi,17.9,37,2.96,305.94,0.0,62.09,150.0,518.03,1162.14,COD,Completed,4.4,Repair,Visakhapatnam,BharatBenz 1015,Diesel,11
T03433,2025-07-26,V093,Van,D113,Driver_113,3.9,R057,Hyderabad,Mumbai,25.8,66,2.52,252.06,0.0,67.85,206.9,526.81,1110.62,COD,Completed,4.2,Inspection,Hyderabad,Force Traveller,Diesel,7
T03434,2025-01-13,V097,Sedan,D034,Driver_034,3.4,R056,Hyderabad,Bengaluru,54.8,161,4.21,449.19,3292.17,169.1,761.52,4671.98,1645.81,UPI,Completed,4.4,None,Hyderabad,Honda City,Petrol,4
T03435,2025-08-08,V090,Truck,D026,Driver_026,4.1,R075,Chennai,Delhi,26.2,90,3.94,418.8,8868.87,120.21,442.87,9850.75,1207.1,Net Banking,Completed,3.6,Service,Chennai,Tata 407,Diesel,5
T03436,2025-10-03,V041,Sedan,D142,Driver_142,4.5,R006,Pune,Hyderabad,39.4,114,2.63,269.4,1719.56,100.13,654.56,2743.65,1312.74,COD,Completed,3.9,Service,Pune,Maruti Dzire,Petrol,2
T03437,2025-05-12,V012,Truck,D010,Driver_010,4.1,R079,Kochi,Bengaluru,26.3,93,4.29,411.95,0.0,119.69,316.73,848.37,212.29,Net Banking,Cancelled,3.9,Inspection,Kochi,Ashok Leyland Dost,Diesel,5
T03438,2025-09-09,V089,SUV,D057,Driver_057,4.1,R027,Pune,Mumbai,88.2,184,6.84,695.78,8244.26,293.61,859.76,10093.41,2921.0,Cash,Completed,4.2,None,Pune,Kia Seltos,Diesel,6
T03439,2025-11-12,V063,SUV,D115,Driver_115,3.7,R047,Mumbai,Visakhapatnam,17.4,59,1.38,146.27,0.0,29.98,222.45,398.7,743.19,Net Banking,Completed,5.0,None,Mumbai,Kia Seltos,Diesel,4
T03440,2025-04-24,V089,Sedan,D147,Driver_147,4.2,R036,Mumbai,Hyderabad,52.9,102,4.25,438.09,0.0,72.14,481.16,991.39,1372.11,COD,Completed,5.0,None,Mumbai,Hyundai Verna,Petrol,4
T03441,2025-11-02,V018,Truck,D134,Driver_134,4.3,R068,Mumbai,Chennai,30.0,88,3.89,400.3,1624.24,130.9,409.78,2565.22,7.42,Cash,Cancelled,3.8,Inspection,Mumbai,BharatBenz 1015,Diesel,6
T03442,2025-12-10,V061,SUV,D031,Driver_031,4.3,R054,Delhi,Hyderabad,71.8,225,6.05,,8807.32,158.19,780.03,10328.75,164.19,UPI,Cancelled,3.8,Repair,Delhi,Kia Seltos,Diesel,4
T03443,2025-05-18,V035,SUV,D019,Driver_019,3.4,R044,Visakhapatnam,Chennai,55.8,138,5.0,497.17,8705.0,176.12,714.58,10092.87,1918.95,Cash,Completed,3.6,Repair,Visakhapatnam,Hyundai Creta,Diesel,1
T03444,2025-06-22,V091,Sedan,D051,Driver_051,4.6,R060,Bengaluru,Kochi,107.5,248,8.49,905.05,0.0,427.38,761.05,2093.48,2475.42,Cash,Completed,1.8,Service,Bengaluru,Hyundai Verna,Petrol,6
T03445,2025-06-16,V064,Sedan,D093,Driver_093,4.5,R031,Pune,Mumbai,34.0,80,2.13,204.51,0.0,100.36,338.44,643.31,854.94,Card,Completed,3.5,Service,Pune,Maruti Dzire,Petrol,10
T03446,2025-03-19,V099,Van,D107,Driver_107,4.0,R052,Visakhapatnam,Bengaluru,18.4,28,1.77,187.98,0.0,62.52,162.01,412.51,777.63,UPI,Completed,4.2,Service,Visakhapatnam,Tata Winger,Diesel,6
T03447,2025-05-02,V068,Sedan,D032,Driver_032,4.2,R039,Chennai,Visakhapatnam,53.3,127,3.69,392.46,0.0,166.2,405.59,964.25,1301.53,Net Banking,Completed,4.4,None,Chennai,Maruti Dzire,Petrol,2
T03448,2025-01-07,V004,SUV,D071,Driver_071,2.7,R002,Chennai,Delhi,23.3,78,2.03,195.89,0.0,62.62,304.88,563.39,892.62,Net Banking,Completed,3.7,Service,Chennai,Toyota Innova,Diesel,7
T03449,2025-09-27,V029,Sedan,D123,Driver_123,4.5,R029,Chennai,Hyderabad,76.8,140,4.76,506.0,0.0,292.68,615.59,1414.27,1973.86,COD,Completed,4.2,Inspection,Chennai,Hyundai Verna,Petrol,6
T03450,2025-02-12,V072,Truck,D114,Driver_114,4.0,R020,Delhi,Chennai,80.1,156,12.66,1276.63,7984.96,299.59,848.15,10409.33,3865.8,Cash,Completed,3.6,Service,Delhi,BharatBenz 1015,Diesel,7
T03451,2025-03-19,V094,Sedan,D105,Driver_105,3.7,R045,Bengaluru,Pune,16.2,56,1.25,119.24,0.0,30.14,296.68,446.06,832.9,UPI,Completed,3.4,None,Bengaluru,Honda City,Petrol,5
T03452,2025-04-22,V012,Van,D089,Driver_089,4.1,R011,Pune,Hyderabad,52.7,122,5.0,479.79,3406.44,83.5,684.39,4654.12,2185.46,upi,Completed,5.0,Inspection,Pune,Maruti Eeco,Diesel,10
T03453,2025-12-23,V089,SUV,D034,Driver_034,4.8,R022,Visakhapatnam,Mumbai,14.5,29,1.34,138.39,8678.61,27.9,150.0,8994.9,202.27,UPI,Cancelled,4.4,Inspection,Visakhapatnam,Hyundai Creta,Diesel,5
T03454,2025-02-01,V081,Sedan,D072,Driver_072,4.5,R036,Pune,Visakhapatnam,26.5,64,1.93,210.85,0.0,47.62,260.57,519.04,986.17,Cash,Completed,4.8,None,Pune,Hyundai Verna,Petrol,7
T03455,2025-01-08,V017,Sedan,D089,Driver_089,3.7,R003,Kochi,,14.8,38,1.17,119.27,0.0,54.62,178.48,352.37,820.53,Net Banking,Completed,,None,Kochi,Hyundai Verna,Petrol,8
T03456,2025-08-21,V035,Sedan,D131,Driver_131,4.0,R074,Chennai,Hyderabad,24.8,64,1.61,170.81,3216.64,94.45,320.64,3802.54,201.69,Cash,Cancelled,3.3,None,Chennai,Maruti Dzire,Petrol,1
T03457,2025-02-14,V046,SUV,D121,Driver_121,4.7,R058,Delhi,Kochi,49.5,124,5.02,515.3,3112.89,68.48,488.97,4185.64,1590.41,Cash,Completed,2.7,None,Delhi,Toyota Innova,Diesel,11
T03458,2025-11-20,V062,SUV,D117,Driver_117,3.8,R028,Bengaluru,Mumbai,7.2,29,0.63,61.08,7257.56,16.28,153.34,7488.26,428.38,COD,Completed,,Service,Bengaluru,Kia Seltos,Diesel,7
T03459,2025-11-18,V090,Van,D033,Driver_033,3.3,R022,Visakhapatnam,Mumbai,76.0,188,7.81,840.24,3339.14,169.13,978.61,5327.12,3202.79,COD,Completed,4.6,None,Visakhapatnam,Tata Winger,Diesel,11
T03460,2025-08-28,V095,SUV,D011,Driver_011,3.9,R032,Bengaluru,Mumbai,67.6,201,5.48,550.93,0.0,172.35,875.65,1598.93,2450.49,COD,Completed,3.7,None,Bengaluru,Kia Seltos,Diesel,8
T03461,2025-02-22,V012,Sedan,D040,Driver_040,4.6,R027,Delhi,Mumbai,70.5,146,5.04,536.6,4195.84,312.11,453.63,5498.18,1662.63,COD,Completed,4.5,Service,Delhi,Maruti Dzire,Petrol,4
T03462,2025-09-26,V052,Van,D040,Driver_040,3.7,R062,Chennai,Bengaluru,36.7,93,3.69,358.5,0.0,71.27,349.96,779.73,1409.97,Card,Completed,4.3,Inspection,Chennai,Force Traveller,Diesel,8
T03463,2025-02-01,V024,Sedan,D053,Driver_053,3.4,R004,Hyderabad,Bengaluru,12.1,38,0.96,104.27,1456.94,20.02,158.3,1739.53,714.69,Card,Completed,3.9,None,Hyderabad,Honda City,Petrol,1
T03464,2025-06-13,V058,Sedan,D106,Driver_106,4.6,R024,Chennai,Mumbai,62.7,171,4.93,476.48,8024.99,179.96,609.88,9291.31,1513.92,Card,Completed,4.5,Inspection,Chennai,Maruti Dzire,Petrol,12
T03465,2025-05-26,V073,Sedan,D090,Driver_090,4.4,R037,Bengaluru,Delhi,40.0,127,3.19,308.14,0.0,167.11,655.67,1130.92,1028.56,Cash,Completed,3.7,Repair,Bengaluru,Maruti Dzire,Petrol,2
T03466,2025-09-20,V074,Van,D035,Driver_035,5.0,R026,Kochi,Pune,41.2,118,4.14,406.12,6561.52,122.19,440.28,7530.11,1990.73,Net Banking,Completed,4.4,Service,Kochi,Force Traveller,Diesel,2
T03467,2025-10-14,V058,Truck,D088,Driver_088,4.7,R079,Visakhapatnam,Mumbai,13.4,59,1.74,166.06,0.0,49.33,297.62,513.01,770.54,Cash,Completed,4.4,None,Visakhapatnam,BharatBenz 1015,Diesel,2
T03468,2025-02-27,V097,Sedan,D053,Driver_053,4.6,R049,Chennai,Mumbai,61.4,112,4.21,420.45,3731.07,265.61,338.05,4755.18,68.93,Card,Cancelled,3.3,None,Chennai,Honda City,Petrol,2
T03469,2025-11-16,V006,Truck,D017,Driver_017,4.0,R060,Delhi,Visakhapatnam,36.2,63,6.29,629.79,0.0,56.74,300.46,986.99,1718.8,COD,Completed,3.0,Inspection,Delhi,Ashok Leyland Dost,Diesel,2
T03470,2025-07-10,V071,Sedan,D147,Driver_147,4.2,R058,Chennai,,10.0,34,0.63,64.3,7538.6,40.92,194.31,7838.13,714.61,,Completed,5.0,Service,Chennai,Maruti Dzire,Petrol,9
T03471,2025-10-02,V070,SUV,D036,Driver_036,4.1,R027,Mumbai,Delhi,30.3,91,2.32,231.29,0.0,134.07,390.98,756.34,1092.03,COD,Completed,3.8,None,Mumbai,Hyundai Creta,Diesel,12
T03472,2025-05-04,V093,SUV,D137,Driver_137,4.2,R065,Chennai,Pune,10.4,41,0.85,82.99,0.0,15.32,222.06,320.37,604.46,Card,Completed,3.1,None,Chennai,Toyota Innova,Diesel,11
T03473,2025-02-27,V009,SUV,D119,Driver_119,3.3,R007,Pune,Mumbai,36.3,107,2.74,278.83,969.38,159.24,448.06,1855.51,358.03,Net Banking,Cancelled,4.6,None,Pune,Toyota Innova,Diesel,5
T03474,2025-10-11,V074,SUV ,D008,Driver_008,3.3,R032,Pune,Kochi,151.9,357,12.35,1182.34,0.0,526.48,1973.88,3682.7,3484.93,Cash,Completed,4.1,Repair,Pune,Hyundai Verna,Petrol,3
T03475,2025-10-31,V007,SUV,D103,Driver_103,4.7,R061,Mumbai,Hyderabad,74.2,189,5.55,602.67,0.0,336.47,941.63,1880.77,112.69,COD,Cancelled,4.8,Repair,Mumbai,Toyota Innova,Diesel,10
T03476,2025-01-13,V023,SUV,D051,Driver_051,4.9,R047,Kochi,Pune,18.6,67,1.72,166.39,0.0,82.48,207.85,456.72,712.8,UPI,Completed,4.9,,Kochi,Kia Seltos,Diesel,8
T03477,2025-09-02,V093,Truck,D006,Driver_006,4.2,R023,Delhi,Hyderabad,39.6,73,6.25,616.13,0.0,146.55,247.92,1010.6,2182.71,COD,Completed,4.2,Repair,Delhi,BharatBenz 1015,Diesel,10
T03478,2025-06-24,V078,Sedan,D130,Driver_130,3.9,R051,Kochi,Chennai,25.2,49,1.51,148.85,3615.29,105.37,164.99,4034.5,800.16,Card,Completed,4.0,None,Kochi,Honda City,Petrol,6
T03479,2025-03-10,V054,Truck,D105,Driver_105,3.7,R020,Pune,Kochi,25.6,60,3.42,329.11,0.0,64.9,295.49,689.5,1293.47,COD,Completed,5.0,None,Pune,Tata 407,Diesel,3
T03480,2025-06-23,V003,Sedan,D120,Driver_120,3.6,R049,Mumbai,Delhi,42.4,137,2.77,283.33,0.0,191.24,501.61,976.18,1220.54,Net Banking,Completed,4.2,Repair,Mumbai,Maruti Dzire,Petrol,9
T03481,2025-11-23,V067,Sedan,D109,Driver_109,5.0,R035,Mumbai,Pune,65.4,176,4.49,432.64,0.0,91.12,817.26,1341.02,1570.22,UPI,Completed,3.4,None,Mumbai,Hyundai Verna,Petrol,9
T03482,2025-02-25,V065,Sedan,D035,Driver_035,3.8,R048,Kochi,,29.6,75,1.98,190.16,0.0,39.51,387.21,616.88,835.65,Net Banking,Completed,4.5,None,Kochi,Honda City,Petrol,10
T03483,2025-07-02,V019,Truck,D109,Driver_109,4.3,R025,Kochi,Chennai,47.1,70,6.26,632.26,8093.52,141.81,262.83,9130.42,2460.36,Net Banking,Completed,4.9,Service,Kochi,BharatBenz 1015,Diesel,7
T03484,2025-04-20,V069,Sedan,D020,Driver_020,3.6,R077,Chennai,Bengaluru,30.0,60,2.08,212.1,0.0,95.39,270.39,577.88,1155.93,Cash,Completed,3.1,Service,Chennai,Maruti Dzire,Petrol,6
T03485,2025-07-18,V002,Van,D086,Driver_086,3.9,R045,Delhi,Kochi,14.4,35,1.48,143.23,0.0,44.8,150.0,338.03,622.33,Card,Completed,3.8,None,Delhi,Force Traveller,Diesel,1
T03486,2025-07-04,V041,Sedan,D037,Driver_037,3.5,R036,Chennai,Delhi,33.2,98,2.61,258.54,0.0,122.95,540.62,922.11,1143.4,Cash,Completed,3.7,None,Chennai,Maruti Dzire,Petrol,8
T03487,2025-09-10,V017,SUV,D100,Driver_100,3.7,R004,Chennai,Delhi,,75,2.04,199.88,6940.48,65.53,344.19,7550.08,1026.72,COD,Completed,3.9,Repair,Chennai,Hyundai Creta,Diesel,7
T03488,2025-02-10,V023,SUV,D037,Driver_037,3.9,R025,Bengaluru,Mumbai,27.8,70,2.65,266.13,9270.93,38.59,329.35,9905.0,172.82,Net Banking,Cancelled,3.9,None,Bengaluru,Hyundai Creta,Diesel,5
T03489,2025-05-09,V046,Sedan,D145,Driver_145,4.2,R009,Mumbai,Chennai,19.3,73,1.45,144.36,0.0,55.92,226.98,427.26,565.0,Net Banking,Completed,2.8,None,Mumbai,Maruti Dzire,Petrol,7
T03490,2025-02-24,V032,SUV,D034,Driver_034,3.1,R067,Hyderabad,Delhi,29.4,75,2.53,242.61,0.0,49.55,411.66,703.82,1430.74,UPI,Completed,3.9,None,Hyderabad,Kia Seltos,Diesel,2
T03491,2025-04-12,V052,Sedan,D103,Driver_103,4.0,R010,Bengaluru,Chennai,33.2,79,2.49,273.39,3089.64,140.37,355.29,3858.69,943.8,,Completed,,None,Bengaluru,Honda City,Petrol,2
T03492,2025-04-03,V091,Sedan,D090,Driver_090,3.8,R055,Delhi,Visakhapatnam,34.1,82,2.16,208.2,5705.89,102.59,459.99,6476.67,1247.82,UPI,Completed,3.4,Inspection,Delhi,Maruti Dzire,Petrol,7
T03493,2025-11-08,V043,Sedan,D081,Driver_081,3.8,R058,Chennai,Kochi,22.6,38,1.83,176.15,3545.34,31.09,216.18,3968.76,173.1,COD,Cancelled,3.7,None,Chennai,Honda City,Petrol,2
T03494,2025-10-06,V098,Sedan,D034,Driver_034,3.9,R017,Visakhapatnam,Delhi,24.3,59,1.85,177.31,5004.22,76.44,190.55,5448.52,668.29,UPI,Completed,4.1,Repair,Visakhapatnam,Maruti Dzire,Petrol,10
T03495,2025-02-16,V034,SUV,D084,Driver_084,,R051,Pune,Visakhapatnam,29.9,110,2.59,284.42,0.0,109.37,501.62,895.41,1292.87,Card,Completed,4.7,Repair,Pune,Kia Seltos,Diesel,8
T03496,2025-02-13,V027,SUV,D008,Driver_008,3.9,R024,Delhi,Pune,31.7,65,2.56,274.54,0.0,110.5,227.63,612.67,1358.53,Cash,Completed,3.7,Service,Delhi,Kia Seltos,Diesel,2
T03497,2025-02-28,V028,Sedan,D130,Driver_130,3.3,R051,Delhi,Bengaluru,21.4,55,1.51,160.2,0.0,44.25,271.44,475.89,193.2,Net Banking,Cancelled,4.4,Service,Delhi,Hyundai Verna,Petrol,5
T03498,2025-12-27,V036,SUV,D063,Driver_063,4.3,R002,Chennai,Delhi,41.1,69,4.04,416.93,0.0,182.05,232.81,831.79,1324.17,Cash,Completed,3.2,Service,Chennai,Toyota Innova,Diesel,2
T03499,2025-06-02,V060,Sedan,D121,Driver_121,4.5,R058,Chennai,Mumbai,82.0,201,5.74,616.24,4756.22,224.36,996.06,6592.88,1998.95,Cash,Completed,4.2,None,Chennai,Hyundai Verna,Petrol,12
T03500,2025-08-23,V043,SUV,D019,Driver_019,3.5,R056,Visakhapatnam,Bengaluru,18.3,37,1.77,191.71,0.0,65.92,161.06,418.69,665.68,Cash,Completed,4.9,None,Visakhapatnam,Kia Seltos,Diesel,1
T03501,2025-08-04,V045,Truck,D008,Driver_008,4.4,R072,Bengaluru,Kochi,68.3,207,10.89,1132.76,0.0,214.57,787.18,2134.51,492.37,UPI,Cancelled,4.4,None,Bengaluru,BharatBenz 1015,Diesel,7
T03502,2025-11-21,V023,Sedan,D075,Driver_075,3.1,R003,Hyderabad,Chennai,21.1,77,1.4,145.94,0.0,81.08,248.85,475.87,686.67,COD,Completed,3.7,Inspection,Hyderabad,Maruti Dzire,Petrol,11
T03503,2025-05-20,V006,Truck,D062,Driver_062,4.2,R066,Pune,Bengaluru,34.5,127,4.91,477.15,0.0,75.26,733.83,1286.24,1610.95,COD,Completed,3.7,None,Pune,BharatBenz 1015,Diesel,12
T03504,2025-10-17,V034,Sedan,D056,Driver_056,3.6,R035,Mumbai,Delhi,75.9,135,5.87,612.28,0.0,234.65,545.69,1392.62,2215.27,Cash,Completed,3.7,Service,Mumbai,Honda City,Petrol,9
T03505,2025-03-14,V090,SUV,D024,Driver_024,3.7,R069,Delhi,Chennai,59.4,153,5.75,557.41,0.0,205.33,861.88,1624.62,524.71,Net Banking,Cancelled,3.3,None,Delhi,Kia Seltos,Diesel,9
T03506,2025-07-23,V056,Truck,D107,Driver_107,3.6,R041,Hyderabad,Chennai,50.7,96,8.1,828.69,0.0,103.45,291.58,1223.72,2607.17,UPI,Completed,4.5,None,Hyderabad,Tata 407,Diesel,7
T03507,2025-04-19,V070,Sedan,D087,Driver_087,4.5,R065,Pune,Bengaluru,14.8,38,1.11,121.26,0.0,64.72,150.0,335.98,787.81,COD,Completed,3.8,Repair,Pune,Honda City,Petrol,9
T03508,2025-10-01,V004,Truck,D102,Driver_102,4.5,R012,Pune,Kochi,21.9,68,3.35,319.48,0.0,96.83,256.71,673.02,1106.91,Net Banking,Completed,,None,Pune,Tata 407,Diesel,11
T03509,2025-09-19,V008,Truck,D039,Driver_039,4.1,R010,Mumbai,Pune,23.3,68,4.01,417.18,0.0,35.5,224.98,677.66,1367.92,Net Banking,Completed,3.9,Repair,Mumbai,Ashok Leyland Dost,Diesel,4
T03510,2025-01-05,V072,Sedan,D097,Driver_097,4.9,R015,Bengaluru,Pune,23.0,64,1.45,155.46,0.0,50.76,223.33,429.55,675.95,COD,Completed,3.0,Inspection,Bengaluru,Honda City,Petrol,6
T03511,2025-01-16,V095,Sedan,D106,Driver_106,4.5,R038,Pune,Bengaluru,48.2,125,3.36,352.46,3427.74,130.12,565.09,4475.41,1276.17,UPI,Completed,3.6,None,Pune,Maruti Dzire,Petrol,6
T03512,2025-12-11,V073,Sedan,D149,Driver_149,3.8,R044,Delhi,Chennai,27.2,70,2.2,232.62,0.0,71.81,237.32,541.75,742.81,Net Banking,Completed,5.0,Service,Delhi,Honda City,Petrol,3
T03513,2025-07-02,V048,SUV,D113,Driver_113,4.7,R029,Bengaluru,Mumbai,55.7,177,4.66,491.6,0.0,208.71,699.77,1400.08,2195.79,COD,Completed,4.2,Repair,Bengaluru,Kia Seltos,Diesel,3
T03514,2025-02-07,V059,SUV,D066,Driver_066,3.9,R055,Kochi,Bengaluru,48.6,80,4.82,506.5,0.0,156.05,294.86,957.41,304.18,Card,Cancelled,4.2,Repair,Kochi,Kia Seltos,Diesel,2
T03515,2025-11-19,V038,SUV,D144,Driver_144,4.8,R045,Mumbai,Kochi,43.8,113,3.48,338.97,0.0,92.43,535.51,966.91,1400.19,Card,Completed,4.4,None,Mumbai,Toyota Innova,Diesel,7
T03516,2025-02-06,V029,Sedan,D003,Driver_003,4.0,R077,Bengaluru,Delhi,93.3,172,6.86,712.14,0.0,185.29,617.36,1514.79,2159.34,UPI,Completed,4.9,None,Bengaluru,Maruti Dzire,Petrol,10
T03517,2025-05-02,V047,SUV,D019,Driver_019,3.8,R003,Visakhapatnam,Kochi,42.3,100,3.72,375.26,2973.13,139.85,535.81,4024.05,1424.05,UPI,Completed,4.1,Service,Visakhapatnam,Toyota Innova,Diesel,11
T03518,2025-08-13,V085,Van,D080,Driver_080,4.5,R036,Bengaluru,Hyderabad,17.1,32,1.86,202.08,0.0,78.85,150.0,430.93,1146.33,Net Banking,Completed,4.7,None,Bengaluru,Force Traveller,Diesel,8
T03519,2025-02-04,V006,Sedan,D145,Driver_145,4.8,R050,Delhi,Chennai,40.9,80,3.23,342.08,0.0,108.5,383.89,834.47,1064.01,Net Banking,Completed,4.5,None,Delhi,Honda City,Petrol,11
T03520,2025-06-12,V037,SUV,D069,Driver_069,4.2,R033,Bengaluru,Hyderabad,71.1,148,6.42,643.11,0.0,103.21,737.69,1484.01,2328.63,Net Banking,Completed,,None,Bengaluru,Hyundai Creta,Diesel,6
T03521,2025-08-24,V075,Sedan,D057,Driver_057,3.1,R049,Visakhapatnam,Delhi,16.6,43,1.09,110.86,0.0,61.99,193.14,365.99,731.77,Cash,Completed,3.1,Inspection,Visakhapatnam,Hyundai Verna,Petrol,10
T03522,2025-03-14,V009,Sedan,D036,Driver_036,3.1,R059,Kochi,Delhi,94.7,184,6.35,674.13,0.0,129.96,927.49,1731.58,2488.09,COD,Completed,3.6,None,Kochi,Maruti Dzire,Petrol,3
T03523,2025-11-03,V040,Sedan,D059,Driver_059,4.0,R033,Hyderabad,Chennai,51.3,148,3.64,372.72,0.0,121.39,740.85,1234.96,1588.46,COD,Completed,3.0,Service,Hyderabad,Honda City,Petrol,6
T03524,2025-09-21,V074,Truck,D126,Driver_126,4.5,R049,Pune,Hyderabad,87.0,225,14.43,1411.42,8262.63,250.28,823.4,10747.73,3822.67,COD,Completed,6.0,Repair,Pune,Tata 407,Diesel,10
T03525,2025-07-01,V039,Sedan,D110,Driver_110,4.0,R047,Hyderabad,Visakhapatnam,26.0,65,1.91,192.73,0.0,46.9,313.43,553.06,1079.89,Net Banking,Completed,4.3,Inspection,Hyderabad,Maruti Dzire,Petrol,1
T03526,2025-02-21,V053,Truck,D100,Driver_100,3.6,R068,Pune,Delhi,28.0,97,3.94,413.95,0.0,108.81,476.78,999.54,280.5,Net Banking,Cancelled,4.4,None,Pune,BharatBenz 1015,Diesel,12
T03527,2025-04-04,V071,Sedan,D042,Driver_042,3.4,R061,Delhi,Bengaluru,19.5,73,1.22,132.67,0.0,67.08,407.33,607.08,944.79,UPI,Completed,4.4,Inspection,Delhi,Maruti Dzire,Petrol,9
T03528,2025-03-18,V026,Truck,D013,Driver_013,3.4,R029,Pune,Delhi,31.8,70,4.33,447.25,0.0,119.27,223.93,790.45,1765.84,COD,Completed,4.0,Inspection,Pune,BharatBenz 1015,Diesel,2
T03529,2025-10-01,V078,Sedan,D058,Driver_058,3.9,R064,Bengaluru,,55.5,162,3.46,373.52,7149.45,159.93,548.35,8231.25,1704.66,Card,Completed,3.9,Inspection,Bengaluru,Maruti Dzire,Petrol,1
T03530,2025-02-14,V004,Sedan,D137,Driver_137,3.7,R050,Pune,Hyderabad,34.0,76,2.64,268.58,0.0,45.84,389.58,704.0,850.34,Card,Completed,4.3,None,Pune,Maruti Dzire,Petrol,10
T03531,2025-06-12,V041,Truck,D097,Driver_097,3.6,R030,Bengaluru,Chennai,15.9,47,2.28,217.31,0.0,59.91,171.57,448.79,1025.75,Net Banking,Completed,4.7,None,Bengaluru,Tata 407,Diesel,10
T03532,2025-06-19,V021,Sedan,D079,Driver_079,4.7,R039,Mumbai,Chennai,11.4,45,0.84,80.96,0.0,36.86,213.03,330.85,40.55,Card,Cancelled,4.8,None,Mumbai,Hyundai Verna,Petrol,9
T03533,2025-09-12,V043,Van,D046,Driver_046,4.9,R001,Hyderabad,Bengaluru,27.4,74,2.45,251.28,1474.95,106.45,270.0,2102.68,1060.83,COD,Completed,3.6,Inspection,Hyderabad,Tata Winger,Diesel,11
T03534,2025-10-01,V059,Sedan,D062,Driver_062,5.0,R011,Mumbai,Delhi,6.6,27,0.48,52.66,8566.56,23.04,150.0,8792.26,650.13,UPI,Completed,3.6,Inspection,Mumbai,Hyundai Verna,Petrol,9
T03535,2025-07-16,V022,Van,D097,Driver_097,4.2,R055,Hyderabad,Bengaluru,21.9,47,2.26,222.54,0.0,82.8,194.06,499.4,1182.01,UPI,Completed,3.5,Inspection,Hyderabad,Force Traveller,Diesel,11
T03536,2025-11-29,V079,Truck,D006,Driver_006,5.0,R025,Visakhapatnam,Delhi,13.4,49,1.75,185.51,8747.61,44.68,214.89,9192.69,260.14,Cash,Cancelled,,None,Visakhapatnam,BharatBenz 1015,Diesel,6
T03537,2025-10-20,V007,Sedan,D060,Driver_060,4.2,R077,Kochi,Delhi,67.4,142,4.32,414.23,0.0,302.84,664.79,1381.86,2019.03,COD,Completed,3.9,Service,Kochi,Hyundai Verna,Petrol,2
T03538,2025-08-22,V031,Truck,D142,Driver_142,5.0,R078,Chennai,Mumbai,33.7,116,4.34,458.39,6056.11,99.58,559.46,7173.54,1631.97,Cash,Completed,4.2,None,Chennai,Ashok Leyland Dost,Diesel,7
T03539,2025-09-22,V026,Truck,D065,Driver_065,4.2,R069,Kochi,Delhi,,443,23.25,2394.38,4580.94,574.62,1346.67,8896.61,1643.12,Net Banking,Cancelled,4.8,Repair,Kochi,Tata 407,Diesel,9
T03540,2025-01-18,V057,Sedan,D102,Driver_102,3.1,R070,Visakhapatnam,,54.1,185,3.28,352.83,0.0,244.51,927.1,1524.44,1710.42,Card,Completed,3.7,Inspection,Visakhapatnam,Honda City,Petrol,9
T03541,2025-09-24,V033,Truck,D125,Driver_125,4.0,R071,Visakhapatnam,Pune,43.3,92,6.05,624.66,0.0,115.76,284.24,1024.66,2015.33,Cash,Completed,3.2,Inspection,Visakhapatnam,BharatBenz 1015,Diesel,7
T03542,2025-09-06,V047,Truck,D045,Driver_045,4.0,R076,Chennai,Visakhapatnam,38.7,85,5.06,552.55,0.0,174.59,301.39,1028.53,1751.47,COD,Completed,4.2,None,Chennai,Ashok Leyland Dost,Diesel,11
T03543,2025-12-18,V077,SUV,D002,Driver_002,4.6,R075,Kochi,Visakhapatnam,36.3,85,3.01,310.49,0.0,68.56,309.73,688.78,52.14,Net Banking,Cancelled,4.3,Service,Kochi,Kia Seltos,Diesel,3
T03544,2025-10-19,V074,Truck,D148,Driver_148,3.8,R028,Chennai,Bengaluru,19.1,45,3.02,302.07,0.0,30.72,222.98,555.77,1145.76,Net Banking,Completed,3.6,None,Chennai,BharatBenz 1015,Diesel,7
T03545,2025-05-23,V068,Sedan,D044,Driver_044,4.1,R005,Kochi,Mumbai,38.5,91,2.47,250.1,0.0,54.35,317.9,622.35,1287.84,COD,Completed,3.3,None,Kochi,Maruti Dzire,Petrol,2
T03546,2025-10-09,V014,Van,D094,Driver_094,3.9,R041,Chennai,Bengaluru,18.2,38,1.65,158.83,0.0,55.44,214.46,428.73,797.77,Card,Completed,3.8,Repair,Chennai,Tata Winger,Diesel,3
T03547,2025-12-16,V027,Van,D058,Driver_058,4.4,R017,Delhi,Kochi,20.8,43,2.01,193.39,0.0,92.78,238.12,524.29,169.02,COD,Cancelled,3.7,None,Delhi,Tata Winger,Diesel,7
T03548,2025-05-22,V051,Sedan,D011,Driver_011,4.2,R001,Mumbai,Delhi,24.5,67,1.78,180.31,0.0,55.54,256.68,492.53,1045.52,UPI,Completed,4.9,Inspection,Mumbai,Honda City,Petrol,7
T03549,2025-04-11,V051,Sedan,D109,Driver_109,3.4,R049,Hyderabad,Visakhapatnam,21.4,57,1.5,142.93,0.0,58.23,204.54,405.7,183.21,Net Banking,Cancelled,4.6,None,Hyderabad,Honda City,Petrol,4
T03550,2025-07-18,V059,Sedan,D104,Driver_104,3.5,R004,Chennai,Pune,79.9,142,6.19,610.94,0.0,147.18,682.95,1441.07,2177.15,Net Banking,Completed,4.8,Repair,Chennai,Hyundai Verna,Petrol,5
T03551,2025-04-09,V031,SUV ,D012,Driver_012,4.4,R014,Kochi,Chennai,73.3,220,5.77,615.04,0.0,244.66,1222.26,2081.96,2563.51,Cash,Completed,3.9,Repair,Kochi,Hyundai Creta,Diesel,12
T03552,2025-06-16,V031,Sedan,D077,Driver_077,3.2,R078,Mumbai,Chennai,22.6,30,1.68,170.38,6733.0,83.26,150.0,7136.64,698.2,Card,Completed,3.9,None,Mumbai,Honda City,Petrol,3
T03553,2025-06-06,V092,Van,D069,Driver_069,4.5,R007,Delhi,Bengaluru,111.5,333,11.89,1300.17,0.0,257.68,1243.71,2801.56,4417.21,Card,Completed,4.5,None,Delhi,Tata Winger,Diesel,5
T03554,2025-12-07,V023,Truck,D121,Driver_121,3.6,R072,Hyderabad,Bengaluru,66.8,163,9.09,995.2,6731.85,202.31,633.79,8563.15,3092.25,UPI,Completed,5.0,None,Hyderabad,Tata 407,Diesel,1
T03555,2025-01-16,V059,Van,D029,Driver_029,3.7,R076,Chennai,Kochi,44.7,114,5.2,527.87,3059.73,76.03,498.89,4162.52,300.12,COD,Cancelled,4.2,None,Chennai,Tata Winger,Diesel,6
T03556,2025-11-18,V018,Sedan,D109,Driver_109,3.1,R078,Bengaluru,Kochi,30.6,89,2.46,235.17,0.0,108.73,395.31,739.21,982.91,Cash,Completed,3.9,,Bengaluru,Honda City,Petrol,6
T03557,2025-09-03,V002,Sedan,D023,Driver_023,4.0,R043,Bengaluru,Chennai,37.2,103,2.38,243.81,0.0,108.87,339.13,691.81,1208.62,Cash,Completed,4.4,Service,Bengaluru,Hyundai Verna,Petrol,9
T03558,2025-07-08,V098,Sedan,D012,Driver_012,4.3,R023,Visakhapatnam,Chennai,69.2,212,5.4,588.23,0.0,298.93,1042.3,1929.46,126.89,UPI,Cancelled,4.4,Inspection,Visakhapatnam,Maruti Dzire,Petrol,4
T03559,2025-09-19,V053,SUV,D086,Driver_086,4.7,R067,Kochi,Chennai,41.1,108,,376.86,0.0,190.67,590.57,1158.1,105.24,Net Banking,Cancelled,,None,Kochi,Kia Seltos,Diesel,4
T03560,2025-02-08,V043,Sedan,D112,Driver_112,3.4,R020,Visakhapatnam,Mumbai,58.2,156,4.13,449.67,5924.72,217.71,590.18,7182.28,1376.75,Net Banking,Completed,4.7,Repair,Visakhapatnam,Maruti Dzire,Petrol,6
T03561,2025-01-09,V071,Sedan,D103,Driver_103,4.4,R009,Chennai,Delhi,89.9,206,6.81,711.07,0.0,351.4,708.04,1770.51,693.34,Cash,Cancelled,4.7,,Chennai,Maruti Dzire,Petrol,1
T03562,2025-01-02,V046,Truck,D033,Driver_033,4.0,R021,Hyderabad,Delhi,46.3,127,6.76,673.09,0.0,91.02,570.35,1334.46,2423.99,COD,Completed,4.0,Service,Hyderabad,Tata 407,Diesel,3
T03563,2025-06-13,V029,SUV,D023,Driver_023,3.3,R071,Mumbai,Chennai,19.0,32,1.67,172.5,0.0,37.3,153.14,362.94,1035.45,Card,Completed,3.8,Inspection,Mumbai,Hyundai Creta,Diesel,11
T03564,2025-03-19,V074,Truck,D033,Driver_033,4.3,R016,Visakhapatnam,Bengaluru,25.2,52,3.31,360.56,0.0,102.99,161.59,625.14,1505.55,Net Banking,Completed,3.9,None,Visakhapatnam,BharatBenz 1015,Diesel,4
T03565,2025-08-30,V061,Sedan,D046,Driver_046,4.3,R019,Chennai,Delhi,90.2,203,6.96,760.52,0.0,261.14,1062.49,2084.15,2359.75,UPI,Completed,4.3,None,Chennai,Honda City,Petrol,3
T03566,2025-09-29,V055,Van,D146,Driver_146,4.0,R020,Visakhapatnam,Hyderabad,6.0,16,0.55,56.25,0.0,27.77,150.0,234.02,680.64,Card,Completed,3.6,None,Visakhapatnam,Maruti Eeco,Diesel,4
T03567,2025-10-27,V059,Sedan,D081,Driver_081,4.0,R073,Visakhapatnam,Mumbai,70.4,164,5.02,498.46,2112.29,200.83,903.64,3715.22,2030.0,COD,Completed,3.9,None,Visakhapatnam,Maruti Dzire,Petrol,3
T03568,2025-02-02,V097,Van,D005,Driver_005,3.0,R024,Chennai,Delhi,15.1,29,1.45,149.08,8293.5,23.11,150.0,8615.69,969.26,Net Banking,Completed,4.5,Inspection,Chennai,Maruti Eeco,Diesel,1
T03569,2025-08-15,V003,Sedan,D078,Driver_078,3.7,R025,Bengaluru,Pune,42.7,119,3.39,357.61,2240.57,158.83,374.03,3131.04,119.14,UPI,Cancelled,4.8,None,Bengaluru,Maruti Dzire,Petrol,6
T03570,2025-09-22,V062,SUV,D044,Driver_044,4.1,R070,Chennai,Bengaluru,69.1,113,6.66,671.2,0.0,208.15,406.2,1285.55,2552.18,Net Banking,Completed,4.2,Repair,Chennai,Kia Seltos,Diesel,6
T03571,2025-02-21,V031,SUV,D076,Driver_076,4.5,R066,Bengaluru,Chennai,28.1,82,2.56,256.71,0.0,86.51,248.24,591.46,1055.61,Cash,Completed,3.2,None,Bengaluru,Kia Seltos,Diesel,7
T03572,2025-03-27,V035,SUV,D094,Driver_094,4.2,R025,Mumbai,Visakhapatnam,,178,8.77,917.29,0.0,330.74,553.17,1801.2,3391.51,Cash,Completed,4.3,None,Mumbai,Toyota Innova,Diesel,4
T03573,2025-04-21,V038,Truck,D004,Driver_004,4.5,R032,Delhi,Visakhapatnam,90.2,152,13.99,1478.48,0.0,414.64,768.65,2661.77,3923.75,Net Banking,Completed,4.4,None,Delhi,BharatBenz 1015,Diesel,12
T03574,2025-06-11,V040,Van,D068,Driver_068,4.3,R029,Kochi,Hyderabad,58.2,173,6.49,633.13,0.0,123.4,834.62,1591.15,2130.44,Net Banking,Completed,4.8,,Kochi,Force Traveller,Diesel,8
T03575,2025-12-03,V014,Sedan,D094,Driver_094,3.6,R018,Delhi,Hyderabad,38.7,81,3.07,292.17,0.0,144.97,397.71,834.85,1259.59,Cash,Completed,2.7,Repair,Delhi,Hyundai Verna,Petrol,3
T03576,2025-01-24,V034,Truck,D039,Driver_039,3.5,R054,Delhi,Mumbai,61.8,164,8.26,827.11,0.0,114.03,747.75,1688.89,431.91,COD,Cancelled,3.5,Service,Delhi,Ashok Leyland Dost,Diesel,1
T03577,2025-07-08,V018,SUV,D028,Driver_028,3.9,R041,Pune,Mumbai,17.0,39,1.59,159.41,0.0,39.14,165.32,363.87,848.61,Net Banking,Completed,3.9,Inspection,Pune,Hyundai Creta,Diesel,8
T03578,2025-01-02,V093,SUV,D102,Driver_102,4.5,R044,Hyderabad,Mumbai,20.6,65,1.77,185.98,0.0,34.67,197.24,417.89,1104.43,Cash,Completed,4.0,Inspection,Hyderabad,Hyundai Creta,Diesel,1
T03579,2025-05-26,V026,Truck,D076,Driver_076,3.5,R005,Mumbai,Delhi,68.0,169,11.47,1208.97,0.0,312.46,926.03,2447.46,3129.21,UPI,Completed,5.0,None,Mumbai,Ashok Leyland Dost,Diesel,9
T03580,2025-07-10,V073,Van,D046,Driver_046,4.2,R063,Chennai,Kochi,79.8,244,9.6,955.46,0.0,193.79,1405.5,2554.75,641.57,Cash,Cancelled,4.7,Inspection,Chennai,Force Traveller,Diesel,7
T03581,2025-12-08,V084,SUV,D116,Driver_116,4.4,R078,Visakhapatnam,Mumbai,21.8,63,1.62,177.85,0.0,47.6,256.06,481.51,1006.82,UPI,Completed,3.5,None,Visakhapatnam,Kia Seltos,Diesel,4
T03582,2025-08-20,V099,Sedan,D080,Driver_080,3.9,R070,Chennai,,73.5,177,4.95,490.93,5805.02,201.12,731.49,7228.56,2150.45,UPI,Completed,3.5,Repair,Chennai,Hyundai Verna,Petrol,8
T03583,2025-04-02,V084,SUV,D003,Driver_003,3.7,R072,Visakhapatnam,Delhi,23.7,36,1.9,196.14,0.0,33.02,168.18,397.34,50.31,Net Banking,Cancelled,4.6,Service,Visakhapatnam,Toyota Innova,Diesel,5
T03584,2025-10-14,V040,SUV,D102,Driver_102,4.7,R029,Delhi,Kochi,57.7,93,4.34,465.02,0.0,140.45,413.49,1018.96,2096.75,Net Banking,Completed,4.4,None,Delhi,Kia Seltos,Diesel,7
T03585,2025-08-05,V084,Sedan,D124,Driver_124,4.8,R078,Kochi,Visakhapatnam,37.4,117,2.76,265.5,3790.91,66.5,525.18,4648.09,1166.42,Card,Completed,3.5,None,Kochi,Maruti Dzire,Petrol,7
T03586,2025-07-29,V039,Sedan,D007,Driver_007,4.0,R042,Bengaluru,Delhi,19.3,43,1.36,132.1,0.0,84.74,207.06,423.9,932.04,Net Banking,Completed,3.6,Inspection,Bengaluru,Maruti Dzire,Petrol,6
T03587,2025-03-02,V071,SUV,D065,Driver_065,4.2,R044,Chennai,Delhi,60.2,153,5.89,599.86,0.0,243.48,515.99,1359.33,2228.74,UPI,Completed,3.8,None,Chennai,Toyota Innova,Diesel,9
T03588,2025-04-23,V080,Van,D013,Driver_013,4.6,R046,Delhi,Pune,19.7,39,2.25,217.04,6502.57,83.83,184.48,6987.92,276.45,Net Banking,Cancelled,3.7,Inspection,Delhi,Tata Winger,Diesel,12
T03589,2025-05-05,V090,Sedan,D057,Driver_057,3.4,R028,Visakhapatnam,Mumbai,37.7,106,2.64,259.71,0.0,144.24,319.13,723.08,1301.28,Cash,Completed,4.1,None,Visakhapatnam,Hyundai Verna,Petrol,12
T03590,2025-07-07,V039,Van,D142,Driver_142,3.7,R059,Hyderabad,Pune,11.0,60,0.99,96.6,0.0,47.0,223.65,367.25,75.96,Cash,Cancelled,4.7,Repair,Hyderabad,Tata Winger,Diesel,5
T03591,2025-08-28,V069,Sedan,D078,Driver_078,4.4,R019,Pune,,28.8,60,2.04,216.52,0.0,85.2,205.22,506.94,1151.82,Cash,Completed,5.0,Service,Pune,Maruti Dzire,Petrol,9
T03592,2025-02-14,V006,Sedan,D139,Driver_139,3.9,R066,Kochi,Pune,77.3,131,5.84,583.92,0.0,200.72,628.74,1413.38,1855.15,Net Banking,Completed,3.7,None,Kochi,Hyundai Verna,Petrol,12
T03593,2025-08-31,V088,Sedan,D071,Driver_071,3.3,R020,Visakhapatnam,Chennai,13.7,35,0.86,87.07,0.0,54.39,150.0,291.46,803.53,Card,Completed,4.1,Inspection,Visakhapatnam,Maruti Dzire,Petrol,11
T03594,2025-06-25,V001,Truck,D072,Driver_072,3.6,R049,Kochi,Delhi,,41,2.07,227.69,7143.2,24.15,234.52,7629.56,1126.8,Card,Completed,3.8,None,Kochi,Ashok Leyland Dost,Diesel,1
T03595,2025-10-02,V055,Van,D148,Driver_148,5.0,R078,Kochi,Mumbai,54.4,123,,694.95,2411.84,94.28,606.31,3807.38,2377.28,Net Banking,Completed,4.4,Inspection,Kochi,Maruti Eeco,Diesel,1
T03596,2025-08-11,V087,SUV,D107,Driver_107,3.2,R017,Kochi,Delhi,79.8,248,5.97,631.53,0.0,189.24,1019.3,1840.07,2773.31,UPI,Completed,3.3,None,Kochi,Toyota Innova,Diesel,7
T03597,2025-03-11,V016,SUV,D141,Driver_141,3.7,R013,Hyderabad,Pune,35.3,74,2.8,285.75,0.0,126.01,381.65,793.41,1480.56,COD,Completed,4.1,None,Hyderabad,Toyota Innova,Diesel,12
T03598,2025-06-12,V039,Van,D060,Driver_060,4.2,R080,Hyderabad,Chennai,63.4,139,6.97,726.85,0.0,208.12,801.9,1736.87,2434.55,COD,Completed,4.6,Inspection,Hyderabad,Maruti Eeco,Diesel,5
T03599,2025-05-04,V038,Sedan,D063,Driver_063,4.8,R052,Kochi,Visakhapatnam,89.5,251,7.2,700.9,0.0,310.28,963.41,1974.59,2418.43,Cash,Completed,3.9,Repair,Kochi,Honda City,Petrol,4
T03600,2025-12-17,V061,SUV,D066,Driver_066,3.0,R054,Delhi,Hyderabad,11.0,28,1.02,107.46,4680.93,36.95,152.7,4978.04,853.85,COD,Completed,4.8,Inspection,Delhi,Kia Seltos,Diesel,2
T03601,2025-06-27,V013,Sedan,D019,Driver_019,5.0,R063,Bengaluru,Hyderabad,35.0,89,2.55,274.96,0.0,64.94,359.64,699.54,1290.89,Net Banking,Completed,4.5,Inspection,Bengaluru,Hyundai Verna,Petrol,5
T03602,2025-05-29,V010,SUV,D132,Driver_132,4.4,R027,Pune,Delhi,47.8,132,3.79,367.34,0.0,70.25,636.28,1073.87,1778.5,Net Banking,Completed,3.3,Inspection,Pune,Kia Seltos,Diesel,8
T03603,2025-06-29,V086,SUV,D076,Driver_076,3.5,R030,Visakhapatnam,Bengaluru,23.6,36,2.13,214.38,0.0,48.05,150.0,412.43,1117.27,Cash,Completed,3.0,None,Visakhapatnam,Kia Seltos,Diesel,10
T03604,2025-05-14,V092,Truck,D086,Driver_086,4.4,R002,Kochi,Chennai,37.8,82,5.08,494.3,1964.19,154.6,467.23,3080.32,2051.59,UPI,Completed,4.3,Repair,Kochi,BharatBenz 1015,Diesel,12
T03605,2025-11-11,V092,Sedan,D107,Driver_107,4.4,R062,Delhi,Bengaluru,9.0,36,0.7,70.55,0.0,14.7,151.16,236.41,723.45,COD,Completed,3.1,Repair,Delhi,Hyundai Verna,Petrol,8
T03606,2025-02-01,V055,Sedan,D123,Driver_123,4.9,R002,Bengaluru,Pune,55.3,155,4.05,406.75,0.0,177.58,634.88,1219.21,1716.3,COD,Completed,3.5,None,Bengaluru,Honda City,Petrol,6
T03607,2025-11-27,V086,SUV,D042,Driver_042,3.9,R030,Kochi,Visakhapatnam,72.2,143,6.7,713.23,0.0,327.03,634.35,1674.61,2407.36,Cash,Completed,4.2,None,Kochi,Kia Seltos,Diesel,10
T03608,2025-01-14,V064,SUV,D110,Driver_110,5.0,R080,Hyderabad,Bengaluru,17.4,50,1.52,154.91,0.0,63.15,272.0,490.06,636.22,Card,Completed,3.8,Inspection,Hyderabad,Toyota Innova,Diesel,1
T03609,2025-05-12,V034,SUV,D096,Driver_096,4.4,R003,Visakhapatnam,Hyderabad,22.2,23,1.81,178.55,5779.01,35.18,150.0,6142.74,844.36,UPI,Completed,4.2,None,Visakhapatnam,Kia Seltos,Diesel,11
T03610,2025-03-29,V056,SUV,D074,Driver_074,4.5,R015,Mumbai,Visakhapatnam,30.2,63,2.78,276.83,7966.29,57.5,356.53,8657.15,1109.02,Card,Completed,4.3,Inspection,Mumbai,Hyundai Creta,Diesel,7
T03611,2025-10-08,V044,Van,D034,Driver_034,4.7,R064,Chennai,Pune,16.4,20,1.86,200.78,0.0,30.66,150.0,381.44,912.25,UPI,Completed,3.7,Service,Chennai,Tata Winger,Diesel,2
T03612,2025-03-10,V093,Van,D076,Driver_076,4.2,R048,Bengaluru,Delhi,10.4,35,0.96,103.33,0.0,25.79,203.79,332.91,29.01,upi,Cancelled,4.2,Repair,Bengaluru,Force Traveller,Diesel,2
T03613,2025-02-07,V026,Truck,D041,Driver_041,4.5,R078,Delhi,Mumbai,62.6,141,8.55,937.44,0.0,270.26,707.57,1915.27,862.09,Net Banking,Cancelled,4.1,None,Delhi,Ashok Leyland Dost,Diesel,5
T03614,2025-11-08,V037,Sedan,D079,Driver_079,3.6,R014,Mumbai,Pune,28.8,97,2.18,223.54,3795.53,98.94,458.16,4576.17,758.69,UPI,Completed,3.9,Service,Mumbai,Hyundai Verna,Petrol,10
T03615,2025-12-19,V031,Truck,D015,Driver_015,3.6,R001,Bengaluru,Hyderabad,8.4,34,1.17,111.42,0.0,37.79,150.0,299.21,603.61,COD,Completed,4.5,None,Bengaluru,Ashok Leyland Dost,Diesel,2
T03616,2025-11-08,V009,Truck,D112,Driver_112,5.0,R060,Bengaluru,Pune,54.1,133,7.11,761.23,0.0,195.04,495.4,1451.67,2497.94,UPI,Completed,5.0,Repair,Bengaluru,Tata 407,Diesel,9
T03617,2025-08-17,V084,Van,D137,Driver_137,3.6,R032,Delhi,Hyderabad,35.0,87,3.76,379.24,0.0,139.96,448.96,968.16,115.3,Cash,Cancelled,3.7,None,Delhi,Maruti Eeco,Diesel,5
T03618,2025-07-07,V098,SUV,D019,Driver_019,3.6,R032,Kochi,Mumbai,34.7,97,3.52,358.41,0.0,127.01,558.6,1044.02,1157.79,Cash,Completed,3.8,None,Kochi,Kia Seltos,Diesel,12
T03619,2025-01-20,V060,Sedan,D068,Driver_068,4.4,R053,Pune,Chennai,29.9,59,2.42,259.24,0.0,112.65,200.43,572.32,771.63,Cash,Completed,2.6,Inspection,Pune,Hyundai Verna,Petrol,8
T03620,2025-06-24,V016,SUV,D011,Driver_011,4.2,R079,Kochi,Hyderabad,26.2,67,2.43,264.49,0.0,50.92,226.13,541.54,925.69,UPI,Completed,4.6,None,Kochi,Hyundai Creta,Diesel,8
T03621,2025-05-06,V099,Truck,D069,Driver_069,3.7,R036,Bengaluru,Mumbai,18.6,42,2.42,258.44,0.0,83.05,231.99,573.48,1187.9,COD,Completed,4.0,Service,Bengaluru,BharatBenz 1015,Diesel,4
T03622,2025-12-18,V052,Sedan,D140,Driver_140,3.9,R053,Hyderabad,Chennai,84.3,221,5.28,516.88,5274.93,137.73,1214.83,7144.37,450.31,Card,Cancelled,4.2,Repair,Hyderabad,Hyundai Verna,Petrol,10
T03623,2025-01-12,V018,Sedan,D067,Driver_067,5.0,R055,Chennai,Pune,90.1,186,5.55,601.84,0.0,171.17,889.69,1662.7,2162.35,Cash,Completed,4.5,None,Chennai,Hyundai Verna,Petrol,10
T03624,2025-02-28,V063,Sedan,D049,Driver_049,4.7,R046,Kochi,Mumbai,59.7,129,4.04,438.73,9109.46,156.62,537.99,10242.8,35.64,Cash,Cancelled,2.3,None,Kochi,Honda City,Petrol,8
T03625,2025-06-27,V055,Sedan,D015,Driver_015,3.9,R018,Pune,Bengaluru,47.4,139,3.06,325.36,0.0,165.6,610.44,1101.4,1273.12,Card,Completed,3.2,Service,Pune,Maruti Dzire,Petrol,8
T03626,2025-07-09,V098,Sedan,D016,Driver_016,5.0,R042,Visakhapatnam,Delhi,28.6,74,1.74,177.64,0.0,88.76,345.34,611.74,827.35,COD,Completed,5.0,Repair,Visakhapatnam,Honda City,Petrol,4
T03627,2025-04-18,V040,SUV,D072,Driver_072,4.9,R007,Bengaluru,Mumbai,,128,4.29,464.98,9741.62,95.7,392.62,10694.92,365.6,Card,Cancelled,4.3,None,Bengaluru,Toyota Innova,Diesel,12
T03628,2025-11-14,V047,Sedan,D090,Driver_090,4.8,R008,Delhi,Kochi,24.2,76,1.65,163.64,0.0,101.37,294.53,559.54,922.26,Net Banking,Completed,5.0,None,Delhi,Maruti Dzire,Petrol,6
T03629,2025-01-30,V094,Sedan,D081,Driver_081,4.1,R034,Visakhapatnam,Kochi,52.3,144,4.25,439.42,519.84,141.4,813.93,1914.59,1372.26,upi,Completed,3.8,None,Visakhapatnam,Hyundai Verna,Petrol,12
T03630,2025-07-10,V042,SUV,D014,Driver_014,3.5,R035,Chennai,Delhi,31.7,83,2.92,318.4,0.0,60.23,249.96,628.59,235.47,Net Banking,Cancelled,4.2,Inspection,Chennai,Toyota Innova,Diesel,5
T03631,2025-04-14,V045,SUV,D101,Driver_101,5.0,R074,Visakhapatnam,Pune,19.8,63,1.54,160.58,0.0,49.69,263.37,473.64,930.77,Card,Completed,3.3,None,Visakhapatnam,Toyota Innova,Diesel,1
T03632,2025-12-26,V097,Van,D071,Driver_071,4.7,R002,Chennai,Visakhapatnam,17.7,55,1.76,183.2,0.0,79.32,250.85,513.37,726.98,Net Banking,Completed,5.0,None,Chennai,Force Traveller,Diesel,7
T03633,2025-08-09,V055,Truck,D071,Driver_071,3.5,R065,Delhi,Kochi,86.0,229,-12.41,1294.75,0.0,167.19,1112.59,2574.53,340.91,UPI,Cancelled,3.4,None,Delhi,Tata 407,Diesel,1
T03634,2025-04-13,V056,Truck,D117,Driver_117,3.5,R003,Mumbai,Visakhapatnam,124.7,348,20.92,2150.08,1713.43,433.62,1239.01,5536.14,5707.21,UPI,Completed,3.8,None,Mumbai,Tata 407,Diesel,5
T03635,2025-01-10,V064,SUV,D102,Driver_102,3.9,R057,Bengaluru,Pune,42.7,107,3.92,381.5,1985.45,66.68,591.52,3025.15,1756.51,COD,Completed,4.2,None,Bengaluru,Kia Seltos,Diesel,4
T03636,2025-02-21,V099,SUV,D021,Driver_021,4.3,R054,Delhi,Mumbai,25.0,59,2.06,213.59,0.0,33.47,283.89,530.95,239.33,UPI,Cancelled,3.3,Repair,Delhi,Toyota Innova,Diesel,3
T03637,2025-02-27,V031,Sedan,D084,Driver_084,3.6,R032,Bengaluru,Mumbai,30.2,88,2.05,198.15,0.0,62.27,361.28,621.7,73.14,Cash,Cancelled,3.7,None,Bengaluru,Hyundai Verna,Petrol,2
T03638,2025-11-06,V052,SUV,D069,Driver_069,4.3,R028,Delhi,Mumbai,54.3,131,4.55,478.55,0.0,158.37,722.51,1359.43,1813.4,Card,Completed,5.0,Inspection,Delhi,Kia Seltos,Diesel,12
T03639,2025-01-28,V041,Sedan,D042,Driver_042,4.6,R036,Bengaluru,Kochi,23.1,58,1.44,147.86,6541.1,102.3,179.27,6970.53,122.26,Card,Cancelled,4.1,None,Bengaluru,Maruti Dzire,Petrol,10
T03640,2025-04-10,V073,Sedan,D040,Driver_040,4.1,R017,Chennai,Visakhapatnam,24.2,73,1.78,188.33,0.0,93.12,379.87,661.32,208.67,Card,Cancelled,4.1,Service,Chennai,Honda City,Petrol,11
T03641,2025-11-28,V018,Van,D020,Driver_020,4.0,R011,Pune,Kochi,89.2,285,9.9,993.17,7968.39,405.08,938.03,10304.67,3511.76,UPI,Completed,3.3,None,Pune,Maruti Eeco,Diesel,10
T03642,2025-11-08,V069,Sedan,D098,Driver_098,3.5,R040,Visakhapatnam,Bengaluru,52.0,161,3.43,352.28,3655.27,207.55,722.86,4937.96,3.25,Cash,Cancelled,3.4,Repair,Visakhapatnam,Honda City,Petrol,2
T03643,2025-05-26,V022,SUV,D083,Driver_083,3.9,R015,Delhi,Visakhapatnam,119.7,297,10.13,1009.32,0.0,189.25,1531.93,2730.5,94.77,Net Banking,Cancelled,3.4,,Delhi,Hyundai Creta,Diesel,4
T03644,2025-08-17,V059,Sedan,D133,Driver_133,4.4,R001,Delhi,Bengaluru,20.0,63,1.32,141.64,8918.21,79.16,191.55,9330.56,86.3,COD,Cancelled,4.5,Service,Delhi,Maruti Dzire,Petrol,3
T03645,2025-03-26,V026,Sedan,D036,Driver_036,3.7,R046,Bengaluru,Visakhapatnam,22.0,59,1.5,163.76,8864.91,41.2,337.5,9407.37,980.27,Net Banking,Completed,4.1,None,Bengaluru,Hyundai Verna,Petrol,11
T03646,2025-04-21,V048,Sedan,D095,Driver_095,4.2,R075,Bengaluru,Delhi,48.2,118,2.99,284.7,0.0,103.08,615.84,1003.62,1568.21,Cash,Completed,,None,Bengaluru,Honda City,Petrol,8
T03647,2025-10-16,V095,Sedan,D119,Driver_119,5.0,R028,Hyderabad,Bengaluru,57.8,177,4.03,395.48,0.0,231.32,754.4,1381.2,1410.24,UPI,Completed,3.5,None,Hyderabad,Hyundai Verna,Petrol,10
T03648,2025-04-13,V065,Sedan,D007,Driver_007,3.9,R004,Kochi,Visakhapatnam,30.9,86,2.04,201.09,0.0,107.69,342.38,651.16,762.7,UPI,Completed,3.8,Repair,Kochi,Hyundai Verna,Petrol,2
T03649,2025-02-23,V079,Sedan,D104,Driver_104,4.2,R080,Kochi,Pune,38.9,120,2.37,232.02,3729.99,91.13,492.89,4546.03,987.93,COD,Completed,3.6,Repair,Kochi,Hyundai Verna,Petrol,10
T03650,2025-11-04,V011,Van,D111,Driver_111,3.8,R005,Chennai,Delhi,8.2,30,0.97,100.38,0.0,27.36,157.94,285.68,110.18,Card,Cancelled,3.7,None,Chennai,Tata Winger,Diesel,5
T03651,2025-01-07,V041,Sedan,D142,Driver_142,3.5,R039,Mumbai,Hyderabad,6.6,15,,47.94,0.0,14.62,150.0,212.56,444.15,Card,Completed,3.6,None,Mumbai,Hyundai Verna,Petrol,8
T03652,2025-05-17,V033,SUV,D057,Driver_057,4.1,R041,Bengaluru,Chennai,47.4,173,3.67,375.99,9107.79,146.63,771.58,10401.99,1689.54,Net Banking,Completed,3.5,Service,Bengaluru,Hyundai Creta,Diesel,7
T03653,2025-01-09,V094,Van,D001,Driver_001,4.1,R022,Visakhapatnam,Pune,30.0,109,2.93,300.35,9045.84,110.82,487.33,9944.34,1350.22,COD,Completed,4.8,None,Visakhapatnam,Tata Winger,Diesel,1
T03654,2025-04-15,V089,Van,D124,Driver_124,,R039,Visakhapatnam,Hyderabad,14.0,31,1.68,184.71,0.0,55.85,165.15,405.71,897.2,COD,Completed,4.1,Repair,Visakhapatnam,Maruti Eeco,Diesel,11
T03655,2025-11-03,V067,Truck,D051,Driver_051,4.5,R069,Mumbai,Pune,59.7,134,9.43,934.85,0.0,151.51,558.72,1645.08,2911.98,COD,Completed,3.6,None,Mumbai,Tata 407,Diesel,1
T03656,2025-01-11,V089,SUV,D096,Driver_096,4.2,R052,Mumbai,Hyderabad,32.3,98,2.72,261.22,0.0,50.25,497.62,809.09,1274.77,Net Banking,Completed,4.1,Service,Mumbai,Kia Seltos,Diesel,11
T03657,2025-04-11,V037,Van,D017,Driver_017,3.0,R008,Bengaluru,Chennai,53.8,101,5.15,513.11,0.0,154.53,498.03,1165.67,615.85,Net Banking,Cancelled,4.4,None,Bengaluru,Tata Winger,Diesel,8
T03658,2025-04-19,V012,SUV,D049,Driver_049,3.8,R034,Mumbai,Pune,83.5,175,7.74,779.85,0.0,314.32,896.38,1990.55,3049.54,UPI,Completed,3.7,Repair,Mumbai,Kia Seltos,Diesel,6
T03659,2025-09-12,V089,Sedan,D129,Driver_129,3.2,R048,Visakhapatnam,Bengaluru,52.3,117,3.8,368.18,0.0,211.76,603.42,1183.36,1607.21,COD,Completed,4.1,Repair,Visakhapatnam,Honda City,Petrol,12
T03660,2025-05-06,V066,Sedan,D096,Driver_096,4.7,R014,Visakhapatnam,,39.0,73,2.51,261.36,0.0,128.59,295.27,685.22,1019.06,upi,Completed,3.9,None,Visakhapatnam,Hyundai Verna,Petrol,12
T03661,2025-12-13,V006,Van,D066,Driver_066,3.8,R020,Bengaluru,Chennai,46.3,91,4.15,445.73,5074.47,108.14,365.56,5993.9,2095.19,Cash,Completed,4.7,Service,Bengaluru,Maruti Eeco,Diesel,2
T03662,2025-07-11,V036,SUV,D122,Driver_122,4.7,R030,Pune,Visakhapatnam,46.7,87,3.49,338.93,0.0,104.42,284.71,728.06,1733.53,Card,Completed,4.3,None,Pune,Kia Seltos,Diesel,11
T03663,2025-09-03,V014,Truck,D124,Driver_124,3.8,R072,Kochi,Delhi,81.8,166,11.98,1249.51,0.0,319.95,967.83,2537.29,3529.52,Net Banking,Completed,3.1,Service,Kochi,Tata 407,Diesel,3
T03664,2025-03-04,V025,Sedan,D007,Driver_007,3.4,R077,Mumbai,Visakhapatnam,22.4,80,1.48,155.44,7297.4,55.44,302.58,7810.86,933.2,Net Banking,Completed,3.9,Inspection,Mumbai,Maruti Dzire,Petrol,3
T03665,2025-03-26,V041,Truck,D025,Driver_025,3.6,R036,Pune,Chennai,65.7,171,8.8,912.68,0.0,260.25,783.87,1956.8,2951.31,Card,Completed,5.0,None,Pune,BharatBenz 1015,Diesel,2
T03666,2025-10-10,V040,SUV,D073,Driver_073,4.4,R072,Delhi,Chennai,43.3,126,4.29,418.58,0.0,162.37,389.35,970.3,201.85,Cash,completed,3.4,None,Delhi,Hyundai Creta,Diesel,6
T03667,2025-04-21,V016,Truck,D119,Driver_119,4.3,R012,Kochi,Pune,113.8,347,18.27,1817.47,0.0,419.77,1254.01,3491.25,5084.8,Card,Completed,3.4,None,Kochi,Ashok Leyland Dost,Diesel,7
T03668,2025-06-10,V074,Van,D120,Driver_120,4.4,R029,Kochi,Bengaluru,77.1,131,8.31,858.94,0.0,178.79,741.77,1779.5,335.37,UPI,Cancelled,4.1,None,Kochi,Force Traveller,Diesel,4
T03669,2025-11-17,V018,Van,D115,Driver_115,3.9,R075,Hyderabad,Bengaluru,28.3,75,2.58,253.96,0.0,112.07,352.55,718.58,330.89,Cash,Cancelled,3.7,Inspection,Hyderabad,Maruti Eeco,Diesel,11
T03670,2025-07-13,V077,Van,D022,Driver_022,4.5,R021,Chennai,Kochi,42.0,90,3.82,402.92,8354.8,167.99,438.47,9364.18,1834.74,COD,Completed,4.7,None,Chennai,Force Traveller,Diesel,6
T03671,2025-06-24,V063,Truck,D013,Driver_013,5.0,R063,Delhi,Chennai,80.8,132,12.0,1143.16,0.0,153.14,718.65,2014.95,3837.87,Cash,Completed,3.0,None,Delhi,BharatBenz 1015,Diesel,1
T03672,2025-12-15,V069,Van,D057,Driver_057,4.2,R078,Mumbai,Pune,48.5,62,5.1,545.64,7061.0,65.15,218.05,7889.84,2177.85,Card,Completed,4.0,None,Mumbai,Force Traveller,Diesel,8
T03673,2025-02-23,V029,Sedan,D126,Driver_126,3.9,R009,Chennai,Visakhapatnam,70.9,194,4.7,508.79,0.0,135.5,804.31,1448.6,1841.77,Cash,Completed,3.0,Repair,Chennai,Honda City,Petrol,5
T03674,2025-04-21,V024,Truck,D037,Driver_037,4.1,R003,Hyderabad,Mumbai,40.6,59,6.74,692.23,0.0,173.46,334.72,1200.41,2113.92,Card,Completed,4.3,None,Hyderabad,Tata 407,Diesel,2
T03675,2025-08-09,V079,Sedan,D004,Driver_004,4.9,R007,Kochi,Hyderabad,17.3,72,1.09,104.8,0.0,23.66,400.04,528.5,145.81,Card,Cancelled,3.5,None,Kochi,Maruti Dzire,Petrol,4
T03676,2025-11-23,V011,Van,D141,Driver_141,4.9,R015,Chennai,Hyderabad,97.8,282,11.41,1158.91,0.0,165.96,1511.57,2836.44,3695.96,Card,Completed,4.0,Inspection,Chennai,Maruti Eeco,Diesel,5
T03677,2025-08-18,V076,Truck,D119,Driver_119,3.6,R073,Bengaluru,Visakhapatnam,65.7,97,10.33,1114.33,649.87,107.96,518.13,2390.29,3307.64,UPI,Completed,3.8,None,Bengaluru,Ashok Leyland Dost,Diesel,11
T03678,2025-10-20,V064,Sedan,D105,Driver_105,4.0,R046,Chennai,Kochi,28.6,45,2.29,223.43,0.0,100.47,234.36,558.26,809.08,Card,Completed,3.9,None,Chennai,Honda City,Petrol,10
T03679,2025-04-10,V098,Truck,D019,Driver_019,5.0,R041,Chennai,Mumbai,90.2,285,14.06,1459.59,0.0,232.17,981.88,2673.64,897.57,Card,Cancelled,3.9,None,Chennai,Ashok Leyland Dost,Diesel,7
T03680,2025-05-15,V020,Sedan,D030,Driver_030,3.5,R002,Chennai,Hyderabad,15.2,40,1.06,107.51,0.0,68.11,219.35,394.97,760.44,Net Banking,Completed,3.5,Service,Chennai,Honda City,Petrol,10
T03681,2025-09-04,V083,Van,D052,Driver_052,4.2,R024,Chennai,Kochi,77.3,186,8.48,855.29,0.0,104.72,883.01,1843.02,3228.62,COD,Completed,4.3,Service,Chennai,Force Traveller,Diesel,5
T03682,2025-04-11,V089,SUV,D048,Driver_048,4.3,R014,Chennai,Mumbai,45.6,127,4.16,440.1,7685.25,95.64,391.07,8612.06,1585.32,UPI,Completed,3.3,Service,Chennai,Toyota Innova,Diesel,4
T03683,2025-09-21,V027,Sedan,D057,Driver_057,4.1,R045,Hyderabad,Delhi,50.5,103,3.57,374.66,0.0,126.09,323.25,824.0,1253.45,UPI,Completed,3.9,Repair,Hyderabad,Hyundai Verna,Petrol,6
T03684,2025-02-18,V004,Sedan,D047,Driver_047,4.9,R021,Mumbai,Bengaluru,27.7,73,2.1,211.96,0.0,129.12,259.72,600.8,43.36,UPI,Cancelled,3.1,Repair,Mumbai,Honda City,Petrol,8
T03685,2025-04-15,V081,Sedan,D058,Driver_058,4.1,R080,Chennai,Visakhapatnam,222.0,517,13.82,1379.15,0.0,989.14,2263.11,4631.4,5241.35,Cash,Completed,3.9,Repair,Chennai,Maruti Dzire,Petrol,1
T03686,2025-10-05,V028,Van,D150,Driver_150,4.3,R021,Delhi,Mumbai,31.6,110,3.34,346.65,0.0,125.05,565.12,1036.82,70.03,Cash,Cancelled,4.2,None,Delhi,Maruti Eeco,Diesel,11
T03687,2025-09-19,V079,SUV,D107,Driver_107,4.1,R011,Chennai,Pune,35.0,114,3.51,335.45,2142.5,162.59,565.19,3205.73,1567.5,Cash,Completed,4.0,None,Chennai,Toyota Innova,Diesel,11
T03688,2025-12-09,V025,SUV,D065,Driver_065,3.3,R057,Mumbai,Hyderabad,15.1,67,1.39,138.25,0.0,42.37,348.94,529.56,832.61,Card,Completed,4.6,Repair,Mumbai,Kia Seltos,Diesel,12
T03689,2025-10-01,V041,Van,D026,Driver_026,4.9,R026,Pune,Delhi,43.7,146,,526.61,2814.15,189.73,699.57,4230.06,1916.2,Card,Completed,4.1,Repair,Pune,Tata Winger,Diesel,6
T03690,2025-03-18,V062,Sedan,D047,Driver_047,3.5,R024,Kochi,Visakhapatnam,22.6,37,1.73,188.93,4509.17,41.15,150.0,4889.25,658.05,COD,Completed,3.3,None,Kochi,Honda City,Petrol,7
T03691,2025-07-16,V045,Truck,D027,Driver_027,4.4,R011,Kochi,Bengaluru,25.1,60,3.8,413.43,0.0,41.35,239.89,694.67,1141.01,Card,Completed,4.4,Service,Kochi,Ashok Leyland Dost,Diesel,4
T03692,2025-01-17,V063,Sedan,D125,Driver_125,4.1,R018,Visakhapatnam,Hyderabad,,45,1.24,119.54,0.0,41.99,222.62,384.15,633.56,Cash,Completed,2.8,Repair,Visakhapatnam,Hyundai Verna,Petrol,7
T03693,2025-06-02,V050,Sedan,D030,Driver_030,3.5,R037,Pune,Mumbai,22.4,43,1.35,130.07,777.01,85.42,192.86,1185.36,785.59,Net Banking,Completed,4.4,Service,Pune,Hyundai Verna,Petrol,10
T03694,2025-12-22,V016,Sedan,D106,Driver_106,4.2,R069,Bengaluru,Visakhapatnam,31.5,104,2.41,245.7,7674.29,63.74,405.02,8388.75,940.38,Cash,Completed,4.0,None,Bengaluru,Hyundai Verna,Petrol,11
T03695,2025-11-11,V014,Van,D116,Driver_116,3.6,R015,Hyderabad,Delhi,24.0,56,2.3,243.15,0.0,71.88,316.73,631.76,960.55,Net Banking,Completed,3.9,None,Hyderabad,Force Traveller,Diesel,6
T03696,2025-09-03,V004,Sedan,D010,Driver_010,3.7,R031,Pune,Chennai,36.4,94,2.35,241.58,0.0,156.49,544.47,942.54,1053.98,Cash,Completed,5.0,None,Pune,Honda City,Petrol,4
T03697,2025-03-08,V100,SUV,D148,Driver_148,4.3,R069,Delhi,Visakhapatnam,38.8,78,,285.31,6831.14,71.7,375.71,7563.86,1300.29,,Completed,3.8,Service,Delhi,Hyundai Creta,Diesel,9
T03698,2025-02-21,V038,Van,D150,Driver_150,3.8,R046,Bengaluru,Kochi,55.5,169,5.28,578.53,0.0,128.67,586.98,1294.18,2258.97,COD,Completed,3.1,Repair,Bengaluru,Tata Winger,Diesel,11
T03699,2025-02-23,V045,SUV,D051,Driver_051,3.7,R027,Chennai,Delhi,31.1,59,2.92,278.43,0.0,137.76,293.41,709.6,1020.36,UPI,Completed,3.9,Inspection,Chennai,Toyota Innova,Diesel,9
T03700,2025-02-04,V084,Sedan,D028,Driver_028,4.4,R025,Bengaluru,Kochi,48.5,111,,319.96,0.0,196.99,581.6,1098.55,1579.29,Card,Completed,4.0,Inspection,Bengaluru,Hyundai Verna,Petrol,12
T03701,2025-03-11,V027,Van,D092,Driver_092,3.5,R020,Mumbai,Visakhapatnam,59.2,108,7.08,776.46,0.0,264.84,540.83,1582.13,357.59,Net Banking,Cancelled,4.9,Repair,Mumbai,Tata Winger,Diesel,10
T03702,2025-09-17,V008,Van,D040,Driver_040,4.0,R001,Visakhapatnam,Hyderabad,19.1,53,2.23,234.84,0.0,75.25,162.9,472.99,1174.14,Cash,Completed,4.9,None,Visakhapatnam,Tata Winger,Diesel,12
T03703,2025-01-30,V034,Van,D024,Driver_024,4.2,R044,Hyderabad,Kochi,46.1,134,4.9,532.81,2599.82,61.86,680.22,3874.71,1946.63,UPI,Completed,3.4,None,Hyderabad,Tata Winger,Diesel,2
T03704,2025-07-01,V043,SUV,D058,Driver_058,4.2,R018,Bengaluru,Pune,21.6,72,1.77,181.15,0.0,84.53,352.62,618.3,1160.66,COD,Completed,5.0,Repair,Bengaluru,Toyota Innova,Diesel,12
T03705,2025-10-06,V011,SUV,D047,Driver_047,3.9,R003,Chennai,Hyderabad,47.5,131,3.55,353.72,0.0,117.74,578.37,1049.83,369.69,COD,Cancelled,4.4,None,Chennai,Toyota Innova,Diesel,1
T03706,2025-05-15,V004,Van,D149,Driver_149,3.9,R072,Visakhapatnam,Mumbai,24.4,64,2.33,226.55,0.0,101.1,254.48,582.13,1114.48,COD,Completed,4.3,Inspection,Visakhapatnam,Tata Winger,Diesel,5
T03707,2025-06-23,V029,Sedan,D033,Driver_033,4.2,R042,Kochi,Mumbai,35.5,77,2.41,253.21,0.0,87.17,319.2,659.58,867.95,Cash,Completed,3.9,Repair,Kochi,Maruti Dzire,Petrol,12
T03708,2025-07-23,V062,Sedan,D003,Driver_003,4.7,R078,Bengaluru,Delhi,24.4,64,,207.67,0.0,111.21,335.98,654.86,815.04,COD,Completed,5.0,Inspection,Bengaluru,Honda City,Petrol,11
T03709,2025-01-06,V077,Van,D147,Driver_147,4.8,R047,Kochi,Hyderabad,21.8,63,2.23,231.62,3840.4,70.57,193.9,4336.49,863.28,Cash,Completed,,Service,Kochi,Force Traveller,Diesel,7
T03710,2025-12-16,V043,Van,D105,Driver_105,4.0,R042,Delhi,Visakhapatnam,32.6,86,3.02,315.98,0.0,92.59,461.69,870.26,1621.0,UPI,Completed,4.2,None,Delhi,Force Traveller,Diesel,3
T03711,2025-11-21,V033,Van,D126,Driver_126,2.9,R074,Chennai,Delhi,40.6,109,4.24,450.53,5384.97,64.92,592.14,6492.56,459.37,Net Banking,Cancelled,3.8,None,Chennai,Force Traveller,Diesel,7
T03712,2025-11-15,V047,Sedan,D146,Driver_146,,R038,Mumbai,Delhi,83.3,268,5.44,580.45,0.0,264.7,1440.54,2285.69,317.67,Net Banking,Cancelled,4.0,None,Mumbai,Hyundai Verna,Petrol,8
T03713,2025-09-26,V042,SUV,D048,Driver_048,4.4,R072,Mumbai,Chennai,32.4,91,2.64,284.83,0.0,140.98,278.38,704.19,1058.19,Net Banking,Completed,4.3,None,Mumbai,Kia Seltos,Diesel,8
T03714,2025-09-12,V062,Sedan,D107,Driver_107,4.4,R076,Delhi,Visakhapatnam,63.9,160,4.69,464.72,2118.51,205.81,759.4,3548.44,194.74,UPI,Cancelled,3.6,Repair,Delhi,Maruti Dzire,Petrol,8
T03715,2025-05-03,V015,Sedan,D107,Driver_107,4.2,R043,Delhi,Kochi,58.2,169,4.09,439.57,1063.99,180.88,843.66,2528.1,1636.85,COD,Completed,3.1,None,Delhi,Hyundai Verna,Petrol,10
T03716,2025-03-04,V093,SUV,D017,Driver_017,3.6,R078,Bengaluru,Visakhapatnam,29.3,66,2.22,211.73,7252.55,71.31,243.52,7779.11,1272.04,Card,Completed,4.3,Service,Bengaluru,Kia Seltos,Diesel,2
T03717,2025-10-04,V077,Sedan,D112,Driver_112,3.2,R037,Delhi,Pune,25.0,62,1.56,153.78,0.0,56.01,230.05,439.84,1053.35,COD,Completed,4.2,None,Delhi,Hyundai Verna,Petrol,10
T03718,2025-04-20,V046,SUV,D064,Driver_064,3.9,R034,Chennai,Delhi,9.3,52,0.89,94.47,0.0,29.92,183.36,307.75,407.29,Net Banking,Completed,3.1,Repair,Chennai,Toyota Innova,Diesel,7
T03719,2025-02-27,V039,Truck,D143,Driver_143,4.1,R007,Chennai,Visakhapatnam,93.3,276,12.98,1327.56,0.0,163.53,1382.58,2873.67,674.4,Cash,Cancelled,4.4,None,Chennai,Tata 407,Diesel,12
T03720,2025-09-06,V014,Van,D130,Driver_130,4.5,R026,Hyderabad,Visakhapatnam,44.8,95,5.34,585.63,0.0,125.7,550.27,1261.6,2034.92,COD,Completed,4.0,Inspection,Hyderabad,Force Traveller,Diesel,10
T03721,2025-01-16,V013,Sedan,D064,Driver_064,2.9,R051,Pune,Bengaluru,21.9,75,1.38,136.04,0.0,41.65,360.69,538.38,708.94,Cash,Completed,3.4,Service,Pune,Maruti Dzire,Petrol,6
T03722,2025-09-12,V094,Truck,D015,Driver_015,3.8,R020,Kochi,Mumbai,5.7,27,0.77,75.6,0.0,22.98,150.0,248.58,60.73,Card,Cancelled,3.1,Service,Kochi,Tata 407,Diesel,8
T03723,2025-08-06,V019,Van,D080,Driver_080,4.9,R055,Hyderabad,Bengaluru,12.8,59,1.55,165.79,0.0,42.76,301.0,509.55,834.35,Net Banking,Completed,4.3,Service,Hyderabad,Maruti Eeco,Diesel,6
T03724,2025-03-29,V004,Truck,D110,Driver_110,2.8,R036,Pune,Mumbai,34.7,80,5.97,617.49,0.0,52.36,336.27,1006.12,1720.87,Net Banking,Completed,4.9,None,Pune,BharatBenz 1015,Diesel,7
T03725,2025-10-06,V028,SUV,D008,Driver_008,4.8,R072,Mumbai,Hyderabad,104.4,291,8.2,852.56,0.0,356.79,1250.4,2459.75,3668.71,Card,Completed,3.4,None,Mumbai,Hyundai Creta,Diesel,8
T03726,2025-10-08,V016,Sedan,D066,Driver_066,4.4,R023,Hyderabad,Chennai,23.9,71,1.6,160.96,0.0,50.55,224.75,436.26,832.93,Cash,Completed,4.0,Inspection,Hyderabad,Honda City,Petrol,8
T03727,2025-11-30,V087,Truck,D129,Driver_129,4.2,R027,Bengaluru,Pune,65.3,134,11.18,1185.93,0.0,283.77,700.78,2170.48,2850.74,Card,Completed,2.9,None,Bengaluru,Ashok Leyland Dost,Diesel,3
T03728,2025-05-27,V030,Sedan,D103,Driver_103,4.0,R028,Pune,Delhi,59.6,130,3.78,369.49,7823.45,121.73,502.23,8816.9,1746.26,UPI,Completed,3.6,Service,Pune,Maruti Dzire,Petrol,4
T03729,2025-09-12,V073,Truck,D118,Driver_118,4.1,R039,Kochi,Bengaluru,18.2,78,2.6,251.43,1120.06,48.5,246.4,1666.39,38.26,Card,Cancelled,4.3,Repair,Kochi,BharatBenz 1015,Diesel,4
T03730,2025-02-12,V050,Sedan,D064,Driver_064,4.5,R054,Delhi,Bengaluru,18.3,68,1.09,106.92,0.0,30.83,283.03,420.78,21.21,COD,Cancelled,3.9,Service,Delhi,Honda City,Petrol,2
T03731,2025-03-15,V034,Van,D031,Driver_031,3.7,R075,Bengaluru,Kochi,32.3,106,3.9,372.94,0.0,85.09,597.39,1055.42,1637.86,Card,Completed,4.3,None,Bengaluru,Force Traveller,Diesel,4
T03732,2025-03-31,V062,Sedan,D034,Driver_034,4.6,R056,Chennai,Delhi,28.3,68,1.95,209.4,0.0,62.33,323.56,595.29,1098.91,Net Banking,Completed,4.2,None,Chennai,Maruti Dzire,Petrol,3
T03733,2025-03-18,V004,Sedan,D137,Driver_137,4.1,R065,Delhi,Bengaluru,32.7,70,2.07,219.99,0.0,72.24,249.16,541.39,133.22,COD,Cancelled,3.5,None,Delhi,Maruti Dzire,Petrol,2
T03734,2025-10-14,V100,Sedan,D065,Driver_065,4.3,R029,Kochi,Bengaluru,17.8,31,1.26,130.66,0.0,60.05,165.66,356.37,911.74,Card,Completed,4.9,None,Kochi,Honda City,Petrol,12
T03735,2025-01-27,V089,SUV,D115,Driver_115,,R061,Visakhapatnam,Delhi,87.2,195,6.5,704.14,0.0,287.84,948.19,1940.17,3055.08,Cash,Completed,3.7,None,Visakhapatnam,Toyota Innova,Diesel,8
T03736,2025-11-01,V086,Sedan,D024,Driver_024,4.2,R059,Kochi,Hyderabad,32.4,67,1.93,193.5,6793.89,69.11,215.49,7271.99,974.74,Net Banking,Completed,3.9,Repair,Kochi,Maruti Dzire,Petrol,5
T03737,2025-07-19,V066,Sedan,D139,Driver_139,4.0,R022,Mumbai,Chennai,65.0,124,-5.03,478.61,0.0,212.7,372.55,1063.86,1740.07,Cash,Completed,3.1,None,Mumbai,Honda City,Petrol,7
T03738,2025-02-07,V048,SUV,D031,Driver_031,3.7,R070,Chennai,Mumbai,26.9,69,2.54,248.0,6194.49,55.69,351.82,6850.0,890.54,COD,Completed,3.1,Repair,Chennai,Toyota Innova,Diesel,9
T03739,2025-06-21,V042,Truck,D005,Driver_005,3.8,R064,Kochi,Pune,60.0,123,8.14,820.35,0.0,180.76,554.4,1555.51,2873.13,UPI,Completed,3.9,None,Kochi,Ashok Leyland Dost,Diesel,7
T03740,2025-09-10,V056,Sedan,D027,Driver_027,5.0,R070,Pune,Visakhapatnam,70.5,139,5.07,525.09,0.0,120.13,439.76,1084.98,1899.78,COD,Completed,4.5,None,Pune,Hyundai Verna,Petrol,12
T03741,2025-07-19,V032,Sedan,D102,Driver_102,4.1,R023,Bengaluru,Delhi,38.4,117,2.57,244.61,5272.2,58.93,403.33,5979.07,1190.06,Net Banking,Completed,3.1,None,Bengaluru,Honda City,Petrol,12
T03742,2025-07-18,V055,Sedan,D048,Driver_048,4.4,R003,Kochi,Pune,95.5,249,5.87,563.28,1821.42,290.11,922.72,3597.53,2197.02,,Completed,4.5,Inspection,Kochi,Hyundai Verna,Petrol,11
T03743,2025-06-08,V028,Sedan,D025,Driver_025,4.2,R068,Hyderabad,Visakhapatnam,19.6,64,1.41,144.36,0.0,89.91,252.23,486.5,257.35,Net Banking,Cancelled,3.9,None,Hyderabad,Maruti Dzire,Petrol,2
T03744,2025-01-10,V099,Sedan,D103,Driver_103,3.7,R023,Hyderabad,Visakhapatnam,88.9,191,5.75,584.9,0.0,273.72,794.12,1652.74,2068.89,Cash,Completed,4.5,Inspection,Hyderabad,Honda City,Petrol,1
T03745,2025-08-12,V067,Sedan,D068,Driver_068,4.3,R072,Visakhapatnam,Bengaluru,67.3,211,4.41,443.15,0.0,189.48,937.74,1570.37,481.55,Card,Cancelled,4.3,Service,Visakhapatnam,Maruti Dzire,Petrol,7
T03746,2025-07-08,V073,Sedan,D091,Driver_091,3.9,R054,Chennai,Kochi,15.9,30,0.98,99.57,3584.63,50.74,150.0,3884.94,583.78,Cash,Completed,3.6,None,Chennai,Hyundai Verna,Petrol,1
T03747,2025-10-01,V023,SUV,D012,Driver_012,3.4,R040,Chennai,Kochi,,108,4.48,441.44,0.0,111.03,446.5,998.97,1582.07,Cash,Completed,4.1,None,Chennai,Toyota Innova,Diesel,3
T03748,2025-10-01,V062,Sedan,D150,Driver_150,4.2,R075,Chennai,Hyderabad,68.0,131,5.02,485.8,0.0,203.75,427.63,1117.18,207.02,Cash,Cancelled,3.5,Inspection,Chennai,Hyundai Verna,Petrol,7
T03749,2025-03-04,V050,Sedan,D109,Driver_109,3.4,R063,Kochi,Visakhapatnam,103.3,199,6.46,662.28,4270.01,307.38,991.32,6230.99,2685.54,Cash,Completed,3.7,None,Kochi,Maruti Dzire,Petrol,7
T03750,2025-06-26,V034,Sedan,D016,Driver_016,4.4,R005,Chennai,Hyderabad,31.2,55,2.11,211.19,0.0,88.08,255.93,555.2,1158.74,Net Banking,Completed,3.8,None,Chennai,Maruti Dzire,Petrol,7
T03751,2025-06-30,V030,Truck,D116,Driver_116,3.9,R019,Mumbai,Visakhapatnam,74.5,161,12.53,1372.8,0.0,142.17,504.75,2019.72,460.91,UPI,Cancelled,4.5,Repair,Mumbai,BharatBenz 1015,Diesel,1
T03752,2025-11-15,V015,Van,D085,Driver_085,4.1,R044,Bengaluru,Delhi,27.8,90,2.67,270.21,0.0,65.52,441.31,777.04,1370.68,Net Banking,Completed,4.4,Service,Bengaluru,Tata Winger,Diesel,8
T03753,2025-03-29,V060,Truck,D024,Driver_024,3.7,R072,Hyderabad,Mumbai,81.0,127,10.45,1043.13,3975.66,351.04,588.71,5958.54,3504.39,Cash,Completed,3.3,None,Hyderabad,Tata 407,Diesel,5
T03754,2025-10-29,V066,SUV,D040,Driver_040,4.9,R057,Delhi,Pune,20.7,55,1.6,161.83,0.0,44.01,297.85,503.69,747.13,Cash,Completed,4.4,Inspection,Delhi,Hyundai Creta,Diesel,9
T03755,2025-02-23,V098,Sedan,D106,Driver_106,4.4,R048,Bengaluru,Kochi,42.1,96,2.92,298.77,0.0,169.89,401.39,870.05,1319.28,COD,Completed,5.0,None,Bengaluru,Hyundai Verna,Petrol,3
T03756,2025-06-20,V050,SUV,D112,Driver_112,3.4,R057,Visakhapatnam,Mumbai,26.8,59,2.15,228.99,981.9,57.62,189.9,1458.41,903.56,Net Banking,Completed,3.9,Service,Visakhapatnam,Kia Seltos,Diesel,1
T03757,2025-03-24,V042,Sedan,D075,Driver_075,3.9,R022,Mumbai,Bengaluru,19.9,71,1.54,152.36,0.0,40.42,360.97,553.75,897.07,Cash,Completed,5.0,Service,Mumbai,Maruti Dzire,Petrol,10
T03758,2025-07-31,V097,Sedan,D022,Driver_022,3.8,R059,Mumbai,Pune,107.4,193,7.48,810.9,1094.66,154.75,762.54,2822.85,166.69,COD,Cancelled,3.2,Service,Mumbai,Maruti Dzire,Petrol,7
T03759,2025-02-06,V058,Sedan,D013,Driver_013,3.9,R059,Pune,Visakhapatnam,29.7,78,2.21,217.2,0.0,44.24,357.5,618.94,1097.8,Cash,Completed,3.7,None,Pune,Maruti Dzire,Petrol,7
T03760,2025-06-19,V062,Van,D109,Driver_109,4.1,R066,Chennai,Visakhapatnam,50.5,93,4.77,511.06,0.0,141.69,290.77,943.52,272.91,Card,Cancelled,4.6,Inspection,Chennai,Maruti Eeco,Diesel,9
T03761,2025-03-28,V055,SUV,D027,Driver_027,5.0,R026,Bengaluru,Chennai,16.9,51,1.27,124.46,0.0,23.03,290.7,438.19,915.07,Card,Completed,2.8,None,Bengaluru,Kia Seltos,Diesel,1
T03762,2025-09-26,V099,SUV,D012,Driver_012,4.0,R034,Delhi,Kochi,28.3,59,2.74,261.19,0.0,99.73,240.56,601.48,1008.38,COD,Completed,4.3,None,Delhi,Kia Seltos,Diesel,1
T03763,2025-12-17,V049,SUV,D001,Driver_001,3.8,R044,Kochi,Delhi,12.3,39,0.98,106.13,849.67,17.01,218.6,1191.41,508.57,UPI,Completed,4.2,Inspection,Kochi,Hyundai Creta,Diesel,3
T03764,2025-03-05,V012,SUV,D033,Driver_033,4.2,R053,Bengaluru,Delhi,44.0,115,3.81,390.53,0.0,107.66,423.86,922.05,1530.12,Cash,Completed,3.3,Repair,Bengaluru,Kia Seltos,Diesel,10
T03765,2025-06-20,V018,SUV,D023,Driver_023,4.3,R010,Delhi,Visakhapatnam,16.4,53,1.52,149.78,0.0,35.56,180.27,365.61,876.96,UPI,Completed,4.6,None,Delhi,Toyota Innova,Diesel,5
T03766,2025-10-09,V015,Van,D100,Driver_100,3.9,R013,Delhi,Pune,24.1,77,2.22,220.65,4400.28,70.88,414.14,5105.95,1043.69,Card,Completed,5.0,None,Delhi,Maruti Eeco,Diesel,12
T03767,2025-04-29,V026,Truck,D053,Driver_053,4.6,R020,Chennai,Bengaluru,56.8,106,8.33,808.65,0.0,101.25,419.97,1329.87,2882.07,UPI,Completed,4.0,None,Chennai,Tata 407,Diesel,6
T03768,2025-09-15,V087,Van,D126,Driver_126,4.8,R025,Kochi,Chennai,43.6,89,4.86,477.66,7737.68,130.11,505.36,8850.81,1956.99,Card,Completed,3.8,Service,Kochi,Maruti Eeco,Diesel,4
T03769,2025-05-23,V085,Sedan,D087,Driver_087,4.2,R007,Bengaluru,Mumbai,51.0,157,3.32,345.95,4680.49,169.28,779.88,5975.6,162.72,UPI,Cancelled,4.2,None,Bengaluru,Maruti Dzire,Petrol,12
T03770,2025-10-17,V054,Truck,D068,Driver_068,4.8,R071,Chennai,Bengaluru,13.2,31,2.11,228.49,1433.41,51.35,168.29,1881.54,997.22,Card,Completed,,Inspection,Chennai,Tata 407,Diesel,4
T03771,2025-09-26,V069,Sedan,D024,Driver_024,4.5,R043,Pune,Delhi,38.3,79,2.43,240.54,8517.23,97.36,408.65,9263.78,1280.36,COD,Completed,,None,Pune,Hyundai Verna,Petrol,4
T03772,2025-10-21,V006,SUV,D146,Driver_146,5.0,R066,Mumbai,Kochi,95.4,270,8.55,889.54,0.0,239.21,1060.12,2188.87,3354.95,UPI,Completed,4.0,,Mumbai,Kia Seltos,Diesel,3
T03773,2025-08-29,V076,Sedan,D064,Driver_064,4.6,R068,Delhi,Visakhapatnam,40.7,51,2.51,272.76,4904.79,172.77,199.6,5549.92,1127.72,Card,Completed,4.2,Service,Delhi,Honda City,Petrol,5
T03774,2025-04-22,V050,Sedan,D046,Driver_046,4.4,R036,Chennai,,50.5,93,3.01,315.26,0.0,151.6,395.4,862.26,1207.73,UPI,Completed,3.8,Inspection,Chennai,Honda City,Petrol,11
T03775,2025-02-14,V082,Van,D141,Driver_141,3.8,R059,Pune,Delhi,87.8,176,10.22,988.98,0.0,133.27,630.88,1753.13,3218.57,Net Banking,Completed,4.0,Inspection,Pune,Force Traveller,Diesel,12
T03776,2025-07-27,V035,Truck,D034,Driver_034,4.4,R035,Hyderabad,Kochi,50.8,113,6.96,751.57,0.0,98.74,609.45,1459.76,2225.08,Net Banking,Completed,4.3,Service,Hyderabad,BharatBenz 1015,Diesel,2
T03777,2025-01-27,V063,SUV,D137,Driver_137,4.9,R011,Kochi,Bengaluru,65.2,109,6.44,678.81,0.0,102.48,382.03,1163.32,2162.9,Card,Completed,3.8,None,Kochi,Hyundai Creta,Diesel,12
T03778,2025-02-03,V097,Sedan,D023,Driver_023,4.1,R051,Mumbai,Kochi,31.3,77,2.52,249.72,8883.57,104.63,448.8,9686.72,962.49,Net Banking,Completed,4.1,None,Mumbai,Hyundai Verna,Petrol,8
T03779,2025-02-07,V014,Sedan,D067,Driver_067,4.1,R074,Chennai,Pune,21.5,73,1.6,160.13,4651.56,47.35,277.53,5136.57,565.18,Cash,Completed,3.0,None,Chennai,Hyundai Verna,Petrol,1
T03780,2025-10-30,V025,Van,D073,Driver_073,4.1,R054,Delhi,Pune,59.4,142,6.28,646.9,0.0,267.38,807.5,1721.78,2165.58,UPI,Completed,3.4,Service,Delhi,Tata Winger,Diesel,2
T03781,2025-10-25,V059,Van,D008,Driver_008,4.7,R036,Bengaluru,Hyderabad,10.8,24,1.2,117.63,0.0,23.63,150.0,291.26,87.99,Card,Cancelled,4.6,Service,Bengaluru,Tata Winger,Diesel,11
T03782,2025-03-29,V060,Truck,D131,Driver_131,4.6,R051,Visakhapatnam,Delhi,48.2,88,7.68,795.08,0.0,71.2,414.87,1281.15,2288.21,Cash,Completed,3.0,Repair,Visakhapatnam,Tata 407,Diesel,2
T03783,2025-03-23,V006,SUV,D028,Driver_028,4.3,R011,Bengaluru,Hyderabad,46.1,105,3.98,390.97,0.0,190.03,316.71,897.71,1785.81,COD,Completed,3.7,Service,Bengaluru,Hyundai Creta,Diesel,6
T03784,2025-05-13,V078,Van,D092,Driver_092,4.5,R059,Delhi,Chennai,80.2,233,7.77,780.51,1965.95,201.18,1097.8,4045.44,3124.37,COD,Completed,3.8,Service,Delhi,Force Traveller,Diesel,8
T03785,2025-08-30,V040,Sedan,D053,Driver_053,4.0,R040,Mumbai,Pune,25.6,68,1.89,199.75,0.0,73.69,231.39,504.83,714.65,Cash,Completed,3.9,None,Mumbai,Honda City,Petrol,12
T03786,2025-02-11,V029,Sedan,D021,Driver_021,4.6,R077,Pune,Mumbai,70.1,121,5.06,520.65,1091.82,180.4,676.38,2469.25,1975.44,COD,Completed,2.8,None,Pune,Honda City,Petrol,10
T03787,2025-04-22,V083,SUV,D134,Driver_134,3.5,R031,Kochi,Pune,26.8,82,2.08,215.62,0.0,115.85,397.37,728.84,1027.11,Cash,Completed,3.8,None,Kochi,Toyota Innova,Diesel,10
T03788,2025-03-06,V001,SUV,D123,Driver_123,4.4,R017,Pune,Kochi,20.8,66,1.69,171.42,0.0,84.2,281.08,536.7,866.34,Cash,Completed,3.8,Repair,Pune,Kia Seltos,Diesel,6
T03789,2025-08-31,V054,Sedan,D031,Driver_031,3.7,R070,Kochi,Delhi,27.8,57,1.87,199.64,0.0,47.97,201.66,449.27,947.57,COD,Completed,4.3,None,Kochi,Hyundai Verna,Petrol,5
T03790,2025-09-14,V070,Truck,D033,Driver_033,4.1,R006,Kochi,Chennai,24.1,67,3.82,408.42,1628.44,39.69,299.44,2375.99,1353.22,COD,Completed,4.2,Inspection,Kochi,BharatBenz 1015,Diesel,1
T03791,2025-11-07,V027,Sedan,D117,Driver_117,,R042,Visakhapatnam,Kochi,43.2,144,2.73,261.44,0.0,82.07,737.63,1081.14,1073.48,COD,Completed,4.0,Inspection,Visakhapatnam,Hyundai Verna,Petrol,2
T03792,2025-06-01,V070,SUV,D083,Driver_083,3.8,R003,Pune,Delhi,27.1,95,2.51,265.58,6430.24,44.11,460.76,7200.69,1127.93,UPI,Completed,4.0,Inspection,Pune,Hyundai Creta,Diesel,7
T03793,2025-09-26,V081,SUV,D018,Driver_018,4.5,R058,Pune,Bengaluru,58.2,80,5.61,607.81,0.0,92.5,297.69,998.0,2047.87,,Completed,4.0,None,Pune,Hyundai Creta,Diesel,9
T03794,2025-08-05,V026,Sedan,D071,Driver_071,3.9,R070,Visakhapatnam,Bengaluru,39.2,70,2.94,295.22,0.0,169.4,239.88,704.5,1276.66,COD,Completed,3.3,Service,Visakhapatnam,Maruti Dzire,Petrol,9
T03795,2025-02-26,V025,SUV,D023,Driver_023,5.0,R045,Delhi,Visakhapatnam,19.6,33,1.75,168.69,1690.81,55.22,150.0,2064.72,1100.2,COD,Completed,2.6,Inspection,Delhi,Kia Seltos,Diesel,2
T03796,2025-02-03,V042,Sedan,D049,Driver_049,4.7,R053,Visakhapatnam,Mumbai,59.1,141,4.8,461.83,0.0,268.83,517.9,1248.56,255.75,Cash,Cancelled,3.4,None,Visakhapatnam,Hyundai Verna,Petrol,9
T03797,2025-06-11,V095,Sedan,D068,Driver_068,3.9,R008,Chennai,Pune,57.6,168,3.57,387.97,0.0,156.65,604.22,1148.84,1466.23,Cash,Completed,4.0,Repair,Chennai,Maruti Dzire,Petrol,8
T03798,2025-06-24,V053,Truck,D116,Driver_116,4.4,R006,Kochi,Bengaluru,44.0,146,7.3,750.64,0.0,153.45,751.04,1655.13,497.06,UPI,completed,5.0,None,Kochi,Ashok Leyland Dost,Diesel,9
T03799,2025-08-23,V095,SUV ,D090,Driver_090,4.0,R049,Pune,Delhi,65.4,156,6.13,657.66,0.0,271.29,597.7,1526.65,393.34,Cash,Cancelled,3.9,Repair,Pune,Hyundai Creta,Diesel,7
T03800,2025-10-19,V045,Sedan,D098,Driver_098,4.6,R012,Bengaluru,Hyderabad,26.5,69,,214.15,0.0,61.26,371.59,647.0,763.56,COD,Completed,3.2,None,Bengaluru,Hyundai Verna,Petrol,6
T03801,2025-09-25,V009,SUV,D011,Driver_011,4.3,R079,Kochi,Hyderabad,41.0,98,3.95,403.8,0.0,125.56,439.94,969.3,1763.47,COD,Completed,,Service,Kochi,Kia Seltos,Diesel,5
T03802,2025-01-22,V028,Truck,D136,Driver_136,4.5,R007,Mumbai,Pune,62.8,147,9.66,1041.55,6156.39,114.02,627.25,7939.21,2918.61,Cash,Completed,5.0,None,Mumbai,Ashok Leyland Dost,Diesel,4
T03803,2025-02-15,V073,Sedan,D006,Driver_006,3.9,R014,Bengaluru,Delhi,14.8,57,1.15,125.69,0.0,30.19,284.98,440.86,73.25,Card,Cancelled,4.8,Service,Bengaluru,Honda City,Petrol,1
T03804,2025-03-14,V024,Sedan,D102,Driver_102,3.3,R067,Hyderabad,Chennai,31.0,102,2.07,198.31,0.0,101.81,381.2,681.32,1143.56,Net Banking,Completed,4.8,None,Hyderabad,Hyundai Verna,Petrol,10
T03805,2025-01-20,V064,Truck,D144,Driver_144,3.7,R021,Bengaluru,Delhi,40.5,108,6.77,664.68,0.0,104.66,471.66,1241.0,560.63,UPI,Cancelled,2.9,None,Bengaluru,Tata 407,Diesel,5
T03806,2025-06-08,V036,Sedan,D083,Driver_083,4.5,R035,Bengaluru,Delhi,42.7,77,3.38,359.95,2295.07,160.61,256.12,3071.75,1074.84,UPI,Completed,4.1,None,Bengaluru,Honda City,Petrol,2
T03807,2025-06-10,V050,SUV ,D074,Driver_074,,R044,Delhi,Hyderabad,14.2,22,0.87,92.33,8418.05,38.49,150.0,8698.87,713.76,Net Banking,Completed,3.1,Service,Delhi,Honda City,Petrol,3
T03808,2025-02-01,V062,SUV,D055,Driver_055,3.7,R054,Chennai,Bengaluru,20.3,35,,164.26,0.0,36.9,159.27,360.43,1088.77,COD,Completed,3.8,None,Chennai,Kia Seltos,Diesel,4
T03809,2025-06-08,V017,SUV,D094,Driver_094,3.9,R064,Visakhapatnam,Hyderabad,13.7,48,1.17,112.69,0.0,27.44,217.7,357.83,913.49,Card,Completed,3.5,Inspection,Visakhapatnam,Toyota Innova,Diesel,9
T03810,2025-11-27,V082,Sedan,D143,Driver_143,4.5,R063,Chennai,Hyderabad,19.6,60,1.24,125.73,0.0,45.06,341.45,512.24,727.97,Card,Completed,4.5,Repair,Chennai,Hyundai Verna,Petrol,1
T03811,2025-06-02,V084,Sedan,D126,Driver_126,4.9,R008,Chennai,Visakhapatnam,55.6,111,3.51,368.31,5662.62,185.46,360.45,6576.84,1581.22,Cash,Completed,4.2,None,Chennai,Honda City,Petrol,5
T03812,2025-03-15,V034,SUV,D023,Driver_023,4.4,R029,Pune,Kochi,35.4,108,2.87,307.12,0.0,126.91,436.7,870.73,132.16,Card,Cancelled,4.7,Service,Pune,Hyundai Creta,Diesel,5
T03813,2025-12-06,V003,Sedan,D049,Driver_049,4.0,R042,Bengaluru,Delhi,75.1,169,5.49,535.47,0.0,116.83,549.56,1201.86,2040.23,COD,Completed,5.0,Repair,Bengaluru,Maruti Dzire,Petrol,1
T03814,2025-10-25,V015,Sedan,D106,Driver_106,4.3,R009,Mumbai,Pune,75.0,153,5.04,530.38,0.0,108.2,465.91,1104.49,1831.49,Net Banking,Completed,3.8,None,Mumbai,Hyundai Verna,Petrol,3
T03815,2025-12-10,V089,Sedan,D071,Driver_071,3.2,R012,Chennai,Hyderabad,52.0,91,3.26,347.33,6164.4,160.18,367.74,7039.65,1275.99,UPI,Completed,,None,Chennai,Maruti Dzire,Petrol,12
T03816,2025-05-02,V005,SUV,D067,Driver_067,3.8,R070,Bengaluru,Visakhapatnam,59.5,105,5.37,524.57,0.0,139.3,369.04,1032.91,1924.04,Net Banking,Completed,4.0,None,Bengaluru,Hyundai Creta,Diesel,12
T03817,2025-09-28,V056,Van,D062,Driver_062,4.1,R036,Hyderabad,Mumbai,84.7,108,9.59,1024.71,9712.93,321.0,533.58,11592.22,3133.54,COD,Completed,3.4,None,Hyderabad,Force Traveller,Diesel,3
T03818,2025-02-14,V052,SUV,D001,Driver_001,4.1,R046,Hyderabad,Mumbai,42.8,123,3.91,398.68,0.0,65.48,518.1,982.26,1743.31,UPI,Completed,4.2,None,Hyderabad,Hyundai Creta,Diesel,1
T03819,2025-10-27,V024,Sedan,D029,Driver_029,3.6,R044,Chennai,Delhi,71.9,192,5.26,519.96,0.0,277.91,854.91,1652.78,1692.53,Card,Completed,4.2,Inspection,Chennai,Honda City,Petrol,12
T03820,2025-03-26,V071,Sedan,D032,Driver_032,3.5,R077,Hyderabad,Kochi,124.8,226,9.19,886.15,0.0,218.74,1139.33,2244.22,2830.54,UPI,Completed,4.2,None,Hyderabad,Maruti Dzire,Petrol,10
T03821,2025-07-07,V073,SUV,D097,Driver_097,3.5,R030,Delhi,Visakhapatnam,23.6,47,1.94,187.91,0.0,33.3,197.94,419.15,1177.58,Card,Completed,4.2,None,Delhi,Toyota Innova,Diesel,8
T03822,2025-03-31,V019,Sedan,D038,Driver_038,4.6,R021,Chennai,Visakhapatnam,24.5,40,1.53,156.84,0.0,42.46,231.65,430.95,888.12,Card,Completed,3.6,None,Chennai,Maruti Dzire,Petrol,8
T03823,2025-10-28,V075,Van,D137,Driver_137,5.0,R022,Kochi,Visakhapatnam,94.6,262,9.91,986.59,0.0,422.25,891.3,2300.14,3694.45,COD,Completed,5.0,Service,Kochi,Force Traveller,Diesel,11
T03824,2025-01-05,V055,SUV,D047,Driver_047,3.8,R002,Visakhapatnam,Kochi,25.4,57,2.08,213.95,9847.53,116.57,308.49,10486.54,220.83,Net Banking,Cancelled,4.0,Inspection,Visakhapatnam,Toyota Innova,Diesel,9
T03825,2025-03-21,V097,Sedan,D007,Driver_007,3.6,R065,Kochi,Mumbai,77.3,259,5.73,598.8,0.0,333.48,1134.39,2066.67,345.67,COD,Cancelled,3.7,Service,Kochi,Maruti Dzire,Petrol,7
T03826,2025-07-24,V083,Sedan,D072,Driver_072,4.3,R007,Pune,Delhi,8.7,38,0.57,54.65,0.0,29.76,201.03,285.44,447.05,Net Banking,Completed,4.2,None,Pune,Hyundai Verna,Petrol,10
T03827,2025-07-25,V061,SUV,D021,Driver_021,4.7,R039,Chennai,Hyderabad,42.0,87,4.17,438.3,4338.01,175.44,323.57,5275.32,1551.99,COD,Completed,2.6,Repair,Chennai,Kia Seltos,Diesel,3
T03828,2025-03-28,V059,Sedan,D084,Driver_084,4.1,R009,Chennai,Kochi,99.3,290,8.03,846.9,0.0,161.84,905.23,1913.97,2365.26,Card,Completed,3.8,Repair,Chennai,Honda City,Petrol,2
T03829,2025-08-09,V061,Van,D037,Driver_037,4.6,R066,Pune,Delhi,23.6,83,2.14,217.61,0.0,60.05,346.74,624.4,1092.33,Cash,Completed,3.6,Service,Pune,Tata Winger,Diesel,4
T03830,2025-08-04,V065,Sedan,D077,Driver_077,3.5,R015,Kochi,Hyderabad,11.2,38,0.9,97.67,0.0,45.05,159.1,301.82,328.3,Cash,Completed,3.1,None,Kochi,Maruti Dzire,Petrol,10
T03831,2025-07-15,V068,SUV,D068,Driver_068,4.7,R011,Bengaluru,Kochi,108.7,305,9.58,921.95,0.0,416.01,1263.06,2601.02,284.9,Card,Cancelled,3.8,Repair,Bengaluru,Kia Seltos,Diesel,4
T03832,2025-06-25,V099,Truck,D103,Driver_103,3.4,R036,Visakhapatnam,Kochi,72.6,206,9.27,947.63,0.0,164.9,1014.71,2127.24,3331.29,,Completed,5.0,None,Visakhapatnam,Tata 407,Diesel,11
T03833,2025-04-08,V022,Truck,D150,Driver_150,3.5,R074,Bengaluru,Hyderabad,25.5,86,3.46,374.58,0.0,105.37,436.59,916.54,1434.93,Card,Completed,3.7,None,Bengaluru,Ashok Leyland Dost,Diesel,9
T03834,2025-03-27,V094,SUV,D031,Driver_031,4.8,R013,Hyderabad,Kochi,16.9,52,,161.31,0.0,28.19,235.3,424.8,786.81,Net Banking,Completed,4.2,Inspection,Hyderabad,Kia Seltos,Diesel,5
T03835,2025-12-06,V034,Van,D116,Driver_116,4.1,R005,Hyderabad,Pune,82.0,244,9.47,1011.59,0.0,150.44,1081.11,2243.14,3072.7,Card,Completed,4.7,None,Hyderabad,Tata Winger,Diesel,10
T03836,2025-02-03,V026,Sedan,D040,Driver_040,4.4,R051,Kochi,Bengaluru,51.8,79,3.08,304.84,8055.18,235.85,459.12,9054.99,1225.71,Net Banking,Completed,4.2,None,Kochi,Hyundai Verna,Petrol,5
T03837,2025-07-30,V040,Truck,D144,Driver_144,3.7,R078,Bengaluru,Kochi,39.8,115,5.17,538.11,0.0,61.95,504.65,1104.71,1803.48,Card,Completed,3.3,Service,Bengaluru,Ashok Leyland Dost,Diesel,6
T03838,2025-03-02,V037,Van,D058,Driver_058,4.6,R080,Chennai,Visakhapatnam,19.8,55,2.32,245.29,0.0,49.36,281.6,576.25,1101.94,Cash,Completed,3.4,None,Chennai,Tata Winger,Diesel,9
T03839,2025-08-29,V044,Sedan,D004,Driver_004,4.8,R040,Bengaluru,Pune,48.8,123,3.2,309.9,0.0,205.94,600.49,1116.33,1531.03,UPI,Completed,4.2,None,Bengaluru,Honda City,Petrol,5
T03840,2025-06-04,V096,SUV,D101,Driver_101,4.1,R078,Chennai,Bengaluru,49.1,115,4.86,461.95,0.0,86.45,518.34,1066.74,2007.47,UPI,Completed,5.0,,Chennai,Kia Seltos,Diesel,1
T03841,2025-05-02,V067,SUV ,D142,Driver_142,4.9,R060,Chennai,Kochi,54.7,162,3.58,388.79,0.0,136.66,776.81,1302.26,45.59,Cash,Cancelled,4.1,None,Chennai,Honda City,Petrol,3
T03842,2025-07-20,V077,Van,D029,Driver_029,3.7,R024,Hyderabad,Visakhapatnam,20.4,42,2.32,252.38,8901.66,32.9,150.0,9336.94,1169.59,COD,Completed,5.0,Inspection,Hyderabad,Tata Winger,Diesel,11
T03843,2025-10-15,V009,Truck,D056,Driver_056,4.7,R014,Visakhapatnam,Hyderabad,16.6,47,2.27,218.37,0.0,54.19,150.0,422.56,132.12,Card,Cancelled,4.1,None,Visakhapatnam,Tata 407,Diesel,9
T03844,2025-01-28,V018,Van,D078,Driver_078,4.3,R018,Pune,Chennai,55.5,192,5.14,526.4,0.0,88.03,778.29,1392.72,481.15,COD,Cancelled,3.9,Service,Pune,Force Traveller,Diesel,10
T03845,2025-01-06,V074,Truck,D019,Driver_019,4.0,R027,Mumbai,Visakhapatnam,145.2,371,21.47,2227.45,0.0,570.47,2033.81,4831.73,6347.62,Card,Completed,4.0,None,Mumbai,Tata 407,Diesel,3
T03846,2025-08-27,V018,Van,D088,Driver_088,4.9,R043,Chennai,Delhi,24.0,78,2.75,289.54,0.0,73.68,315.33,678.55,1318.21,Card,Completed,4.0,None,Chennai,Maruti Eeco,Diesel,2
T03847,2025-03-25,V083,Sedan,D047,Driver_047,4.2,R043,Bengaluru,Mumbai,80.4,128,5.29,557.47,6587.13,166.45,467.7,7778.75,2280.71,COD,Completed,4.6,Service,Bengaluru,Honda City,Petrol,2
T03848,2025-04-29,V046,SUV,D116,Driver_116,3.5,R040,Chennai,Visakhapatnam,19.9,69,1.63,161.71,5568.89,39.66,320.69,6090.95,27.59,Net Banking,completed,3.5,None,Chennai,Hyundai Creta,Diesel,6
T03849,2025-12-28,V025,Van,D046,Driver_046,5.0,R038,Bengaluru,Kochi,41.2,81,4.65,502.95,0.0,113.4,387.36,1003.71,1861.42,Net Banking,Completed,3.9,Inspection,Bengaluru,Force Traveller,Diesel,4
T03850,2025-08-10,V077,Van,D116,Driver_116,3.6,R071,Pune,Hyderabad,46.9,103,5.57,586.61,3744.14,194.79,486.71,5012.25,2007.93,COD,Completed,5.0,Service,Pune,Tata Winger,Diesel,5
T03851,2025-11-25,V074,Truck,D098,Driver_098,4.0,R050,Visakhapatnam,Bengaluru,55.9,109,7.95,791.13,5580.63,129.13,498.58,6999.47,2585.34,UPI,Completed,3.8,None,Visakhapatnam,Tata 407,Diesel,12
T03852,2025-01-24,V063,Van,D016,Driver_016,4.0,R024,Chennai,Mumbai,58.7,114,5.49,558.45,0.0,180.04,376.96,1115.45,2370.52,UPI,Completed,4.5,Repair,Chennai,Tata Winger,Diesel,9
T03853,2025-02-04,V039,SUV,D075,Driver_075,4.5,R067,Mumbai,Kochi,22.1,45,1.7,184.23,4164.11,86.87,240.75,4675.96,808.07,UPI,Completed,5.0,Repair,Mumbai,Kia Seltos,Diesel,8
T03854,2025-08-17,V012,SUV,D019,Driver_019,3.2,R019,Chennai,Hyderabad,81.6,227,8.1,828.48,0.0,330.69,729.79,1888.96,2878.33,UPI,Completed,3.5,Inspection,Chennai,Toyota Innova,Diesel,10
T03855,2025-01-06,V050,Sedan,D031,Driver_031,4.6,R010,Hyderabad,Kochi,35.7,116,2.53,244.96,617.26,161.23,541.14,1564.59,1303.43,Net Banking,Completed,4.9,Service,Hyderabad,Maruti Dzire,Petrol,10
T03856,2025-01-11,V027,Van,D084,Driver_084,4.4,R048,Bengaluru,Mumbai,69.0,177,6.65,644.95,0.0,113.28,977.21,1735.44,2714.99,UPI,Completed,5.0,None,Bengaluru,Force Traveller,Diesel,7
T03857,2025-04-14,V061,SUV,D141,Driver_141,4.2,R076,Visakhapatnam,Kochi,87.1,289,6.64,681.26,0.0,139.59,1352.07,2172.92,3130.09,COD,Completed,,Inspection,Visakhapatnam,Toyota Innova,Diesel,6
T03858,2025-12-19,V059,Sedan,D073,Driver_073,5.0,R063,Mumbai,Delhi,93.9,179,7.36,777.66,0.0,359.79,571.47,1708.92,2206.19,COD,Completed,5.0,Service,Mumbai,Maruti Dzire,Petrol,12
T03859,2025-01-04,V041,Van,D031,Driver_031,3.8,R013,Pune,Visakhapatnam,48.6,157,4.92,521.89,0.0,98.08,521.1,1141.07,2128.28,Net Banking,Completed,5.0,None,Pune,Tata Winger,Diesel,2
T03860,2025-09-18,V080,Sedan,D020,Driver_020,3.7,R051,Delhi,Mumbai,66.1,199,4.96,520.56,0.0,280.83,1039.73,1841.12,1646.67,Cash,Completed,4.1,Inspection,Delhi,Hyundai Verna,Petrol,3
T03861,2025-08-05,V008,Truck,D088,Driver_088,4.3,R063,Hyderabad,Mumbai,40.1,79,6.27,669.58,4918.21,138.92,239.78,5966.49,1832.43,COD,Completed,3.7,None,Hyderabad,Tata 407,Diesel,7
T03862,2025-04-30,V062,Truck,D107,Driver_107,4.0,R006,Hyderabad,Pune,,77,7.0,731.5,0.0,116.99,321.64,1170.13,2186.31,Net Banking,Completed,4.2,Inspection,Hyderabad,BharatBenz 1015,Diesel,11
T03863,2025-07-08,V093,Sedan,D124,Driver_124,4.2,R033,Pune,Delhi,31.2,58,2.11,225.64,0.0,141.78,286.54,653.96,995.54,,Completed,3.7,None,Pune,Honda City,Petrol,7
T03864,2025-10-14,V084,Van,D144,Driver_144,4.0,R003,Mumbai,Chennai,24.7,69,2.42,255.58,0.0,52.48,393.85,701.91,981.34,COD,Completed,3.1,None,Mumbai,Maruti Eeco,Diesel,11
T03865,2025-12-02,V096,Truck,D035,Driver_035,3.7,R019,Kochi,Delhi,55.1,112,,850.39,3456.5,155.05,634.53,5096.47,2394.97,Net Banking,Completed,3.8,None,Kochi,BharatBenz 1015,Diesel,7
T03866,2025-09-29,V003,Sedan,D076,Driver_076,4.3,R058,Bengaluru,Hyderabad,20.4,65,1.38,135.09,6615.46,74.78,285.44,7110.77,571.0,Net Banking,Completed,4.8,Service,Bengaluru,Hyundai Verna,Petrol,7
T03867,2025-10-24,V089,Sedan,D085,Driver_085,4.9,R073,Hyderabad,Delhi,51.2,90,3.64,376.29,784.07,234.07,484.18,1878.61,323.84,UPI,Cancelled,4.8,None,Hyderabad,Honda City,Petrol,5
T03868,2025-08-14,V010,Sedan,D147,Driver_147,4.5,R068,Visakhapatnam,Pune,23.1,40,1.47,149.58,0.0,87.78,150.0,387.36,650.59,Net Banking,Completed,4.1,None,Visakhapatnam,Maruti Dzire,Petrol,4
T03869,2025-09-28,V005,Sedan,D052,Driver_052,3.6,R071,Bengaluru,Pune,41.8,110,2.61,253.84,0.0,150.56,593.03,997.43,1249.16,UPI,Completed,3.9,None,Bengaluru,Maruti Dzire,Petrol,9
T03870,2025-06-29,V016,Truck,D113,Driver_113,4.6,R047,Delhi,Mumbai,30.6,106,4.45,480.23,0.0,79.63,349.17,909.03,1717.79,Net Banking,Completed,4.5,None,Delhi,Tata 407,Diesel,3
T03871,2025-12-14,V035,Sedan,D126,Driver_126,4.4,R002,Visakhapatnam,Bengaluru,42.7,123,2.55,267.15,0.0,96.27,623.48,986.9,1199.23,COD,Completed,3.4,None,Visakhapatnam,Honda City,Petrol,11
T03872,2025-10-29,V059,Sedan,D122,Driver_122,4.3,R048,Pune,Visakhapatnam,50.0,166,3.15,323.64,0.0,92.65,627.59,1043.88,1478.02,UPI,Completed,4.3,Inspection,Pune,Maruti Dzire,Petrol,9
T03873,2025-10-21,V074,Sedan,D137,Driver_137,2.9,R057,Delhi,Chennai,32.9,89,2.18,236.04,0.0,105.23,497.54,838.81,101.35,Cash,Cancelled,4.7,Service,Delhi,Honda City,Petrol,7
T03874,2025-07-04,V017,SUV,D001,Driver_001,4.4,R079,Visakhapatnam,Pune,8.6,40,0.67,72.16,1784.03,33.27,156.53,2045.99,805.54,Net Banking,Completed,3.1,Service,Visakhapatnam,Kia Seltos,Diesel,10
T03875,2025-01-01,V027,Truck,D028,Driver_028,4.9,R027,Delhi,Visakhapatnam,36.3,116,5.27,530.42,0.0,161.22,408.6,1100.24,2049.91,Net Banking,Completed,4.1,None,Delhi,Ashok Leyland Dost,Diesel,4
T03876,2025-11-10,V005,Sedan,D142,Driver_142,4.6,R064,Chennai,Pune,45.6,144,3.25,337.3,0.0,161.74,607.06,1106.1,1275.44,Net Banking,Completed,2.5,Service,Chennai,Honda City,Petrol,4
T03877,2025-08-27,V034,Sedan,D144,Driver_144,4.4,R024,Visakhapatnam,Bengaluru,70.1,187,4.82,495.58,0.0,94.87,764.3,1354.75,1714.01,Net Banking,Completed,3.7,None,Visakhapatnam,Hyundai Verna,Petrol,4
T03878,2025-04-01,V072,Van,D126,Driver_126,4.5,R039,Chennai,Kochi,21.8,36,2.53,271.84,5955.16,74.65,178.98,6480.63,1112.47,Cash,Completed,4.2,Inspection,Chennai,Maruti Eeco,Diesel,12
T03879,2025-09-27,V041,Van,D093,Driver_093,4.3,R007,Mumbai,Pune,19.0,68,2.12,228.72,0.0,83.69,216.88,529.29,1034.24,COD,Completed,4.4,None,Mumbai,Maruti Eeco,Diesel,4
T03880,2025-08-31,V012,Sedan,D066,Driver_066,4.0,R025,Kochi,Chennai,81.6,212,6.62,663.0,9581.42,318.92,896.95,11460.29,2288.75,Cash,Completed,4.0,None,Kochi,Honda City,Petrol,10
T03881,2025-07-20,V025,Sedan,D004,Driver_004,3.9,R036,Kochi,Bengaluru,22.6,76,1.5,158.79,3788.98,67.88,405.95,4421.6,163.57,UPI,Cancelled,3.9,None,Kochi,Hyundai Verna,Petrol,7
T03882,2025-12-26,V035,Sedan,D117,Driver_117,3.4,R016,Delhi,Bengaluru,18.7,35,1.32,135.99,0.0,83.49,201.38,420.86,600.57,COD,Completed,4.6,Repair,Delhi,Honda City,Petrol,4
T03883,2025-10-24,V041,SUV,D039,Driver_039,4.0,R078,Delhi,Kochi,20.7,46,1.66,174.43,0.0,39.76,165.2,379.39,66.51,Cash,Cancelled,4.0,None,Delhi,Hyundai Creta,Diesel,9
T03884,2025-12-04,V059,Sedan,D028,Driver_028,3.9,R058,Chennai,Kochi,38.5,119,2.48,235.85,0.0,135.32,429.96,801.13,1019.61,UPI,Completed,,None,Chennai,Hyundai Verna,Petrol,4
T03885,2025-05-02,V042,Sedan,D099,Driver_099,4.2,R058,Chennai,Pune,9.1,21,0.74,76.25,0.0,28.84,150.0,255.09,455.66,COD,Completed,3.1,Service,Chennai,Hyundai Verna,Petrol,7
T03886,2025-06-20,V036,SUV,D121,Driver_121,5.0,R051,Bengaluru,Visakhapatnam,111.4,349,10.48,1023.54,2764.94,518.31,1341.35,5648.14,3579.12,COD,Completed,4.1,Inspection,Bengaluru,Hyundai Creta,Diesel,1
T03887,2025-08-01,V002,Sedan,D030,Driver_030,4.0,R041,Delhi,Mumbai,43.3,83,3.36,348.75,7714.14,109.4,280.63,8452.92,1280.66,upi,Completed,4.1,Service,Delhi,Maruti Dzire,Petrol,6
T03888,2025-08-13,V091,Van,D134,Driver_134,4.3,R022,Visakhapatnam,Chennai,54.3,149,6.27,625.97,9981.99,244.26,662.92,11515.14,2202.15,UPI,Completed,3.3,None,Visakhapatnam,Maruti Eeco,Diesel,5
T03889,2025-04-07,V069,Truck,D018,Driver_018,4.5,R014,Pune,Visakhapatnam,35.4,123,4.98,512.07,0.0,157.94,603.9,1273.91,1869.96,,Completed,3.3,Inspection,Pune,Ashok Leyland Dost,Diesel,6
T03890,2025-06-23,V052,Sedan,D082,Driver_082,3.9,R041,Kochi,Bengaluru,36.9,97,2.34,243.23,0.0,105.4,564.46,913.09,21.77,Net Banking,Cancelled,4.3,None,Kochi,Maruti Dzire,Petrol,12
T03891,2025-01-18,V055,Sedan,D023,Driver_023,3.9,R027,Visakhapatnam,Delhi,70.1,194,5.2,508.14,0.0,193.77,960.34,1662.25,2087.63,Net Banking,Completed,4.0,None,Visakhapatnam,Honda City,Petrol,2
T03892,2025-07-03,V018,Sedan,D067,Driver_067,4.4,R075,Chennai,Pune,41.5,71,3.06,296.19,4067.44,185.27,257.74,4806.64,1427.97,UPI,Completed,5.0,Service,Chennai,Maruti Dzire,Petrol,4
T03893,2025-09-12,V056,SUV,D057,Driver_057,4.2,R053,Visakhapatnam,Chennai,94.0,289,8.42,846.79,0.0,376.95,1407.96,2631.7,3199.36,UPI,Completed,3.0,None,Visakhapatnam,Hyundai Creta,Diesel,7
T03894,2025-02-13,V045,Van,D053,Driver_053,4.2,R064,Chennai,Delhi,43.6,72,4.02,418.81,0.0,67.66,290.13,776.6,1773.76,Net Banking,Completed,3.5,None,Chennai,Force Traveller,Diesel,12
T03895,2025-12-20,V080,SUV ,D065,Driver_065,4.4,R047,Chennai,Delhi,11.0,35,1.1,119.26,8855.41,21.33,194.2,9190.2,65.16,Card,Cancelled,3.7,None,Chennai,Tata Winger,Diesel,6
T03896,2025-05-01,V077,Sedan,D028,Driver_028,3.8,R070,Visakhapatnam,Kochi,93.6,148,6.16,606.15,0.0,189.46,844.15,1639.76,2460.54,UPI,Completed,3.5,Repair,Visakhapatnam,Maruti Dzire,Petrol,5
T03897,2025-10-25,V100,Sedan,D149,Driver_149,4.1,R044,Kochi,Hyderabad,16.6,74,1.07,117.1,0.0,48.01,393.1,558.21,594.36,COD,Completed,4.4,None,Kochi,Maruti Dzire,Petrol,2
T03898,2025-06-09,V066,SUV,D055,Driver_055,4.1,R016,Kochi,Mumbai,8.0,19,0.61,60.19,0.0,17.63,150.0,227.82,419.73,UPI,Completed,3.7,,Kochi,Kia Seltos,Diesel,6
T03899,2025-01-09,V073,Van,D144,Driver_144,4.5,R049,Pune,Kochi,56.5,180,6.75,701.68,0.0,138.32,655.75,1495.75,2288.7,Card,Completed,4.0,Inspection,Pune,Tata Winger,Diesel,9
T03900,2025-06-23,V058,SUV,D136,Driver_136,4.4,R080,Hyderabad,Bengaluru,80.7,229,6.44,639.01,0.0,240.13,699.89,1579.03,2749.71,Net Banking,Completed,3.3,Service,Hyderabad,Toyota Innova,Diesel,4
T03901,2025-10-17,V015,Truck,D046,Driver_046,4.0,R049,Hyderabad,Kochi,15.6,60,,217.09,3767.27,53.2,254.33,4291.89,175.64,Net Banking,Cancelled,3.4,Service,Hyderabad,Ashok Leyland Dost,Diesel,8
T03902,2025-04-05,V014,Truck,D050,Driver_050,3.6,R047,Bengaluru,Chennai,57.4,169,8.32,799.16,0.0,122.71,869.4,1791.27,2572.54,Card,Completed,5.0,Inspection,Bengaluru,Ashok Leyland Dost,Diesel,7
T03903,2025-10-04,V059,Truck,D044,Driver_044,4.4,R022,Pune,Hyderabad,91.8,245,13.55,1489.51,0.0,305.79,1266.47,3061.77,4186.51,Net Banking,Completed,4.8,None,Pune,Ashok Leyland Dost,Diesel,7
T03904,2025-06-22,V073,Van,D133,Driver_133,4.6,R044,Kochi,Delhi,31.1,94,2.88,282.43,0.0,77.45,303.12,663.0,286.77,COD,Cancelled,4.4,Service,Kochi,Tata Winger,Diesel,10
T03905,2025-03-10,V020,Sedan,D043,Driver_043,3.3,R072,Delhi,Visakhapatnam,10.2,65,0.78,81.71,0.0,37.73,322.4,441.84,138.5,,Cancelled,4.3,Repair,Delhi,Maruti Dzire,Petrol,8
T03906,2025-05-06,V011,Sedan,D004,Driver_004,3.9,R001,Bengaluru,Pune,69.8,207,4.53,490.77,0.0,184.36,775.3,1450.43,1770.62,Card,Completed,3.8,None,Bengaluru,Honda City,Petrol,7
T03907,2025-12-08,V091,Sedan,D143,Driver_143,4.7,R015,Hyderabad,,43.5,154,3.48,347.49,0.0,167.86,463.88,979.23,1203.27,Card,Completed,3.6,Repair,Hyderabad,Honda City,Petrol,7
T03908,2025-03-16,V042,Van,D091,Driver_091,3.6,R012,Kochi,Visakhapatnam,48.0,148,4.53,434.18,0.0,215.05,766.15,1415.38,2219.41,Net Banking,Completed,3.9,Repair,Kochi,Force Traveller,Diesel,10
T03909,2025-11-08,V086,SUV,D123,Driver_123,4.8,R052,Delhi,Bengaluru,35.2,57,2.65,267.24,0.0,62.87,176.04,506.15,1354.99,UPI,Completed,4.5,Service,Delhi,Hyundai Creta,Diesel,5
T03910,2025-07-22,V032,Van,D096,Driver_096,3.1,R021,Kochi,Hyderabad,25.1,60,2.28,223.16,0.0,51.07,313.83,588.06,1143.84,COD,Completed,4.0,Repair,Kochi,Tata Winger,Diesel,10
T03911,2025-09-25,V063,SUV,D081,Driver_081,4.0,R025,Chennai,Kochi,12.4,33,0.93,100.15,0.0,31.54,170.53,302.22,661.91,Cash,Completed,4.5,None,Chennai,Kia Seltos,Diesel,10
T03912,2025-01-19,V034,SUV,D097,Driver_097,3.8,R079,Mumbai,Kochi,59.0,138,4.95,511.94,0.0,245.67,675.17,1432.78,96.7,UPI,Cancelled,4.2,Inspection,Mumbai,Hyundai Creta,Diesel,7
T03913,2025-10-03,V038,Sedan,D027,Driver_027,5.0,R048,Hyderabad,Pune,20.1,49,1.39,138.56,0.0,79.57,253.61,471.74,897.13,Net Banking,Completed,4.3,None,Hyderabad,Hyundai Verna,Petrol,10
T03914,2025-11-30,V082,Van,D094,Driver_094,4.0,R073,Visakhapatnam,Chennai,34.9,75,3.33,347.57,0.0,135.01,251.86,734.44,1642.25,Net Banking,Completed,3.5,Inspection,Visakhapatnam,Tata Winger,Diesel,7
T03915,2025-11-06,V022,SUV,D095,Driver_095,4.0,R071,Visakhapatnam,Bengaluru,38.5,96,2.94,305.46,0.0,131.65,302.79,739.9,1443.88,,Completed,4.1,Repair,Visakhapatnam,Toyota Innova,Diesel,3
T03916,2025-06-29,V036,SUV,D012,Driver_012,4.3,R017,Mumbai,Bengaluru,29.1,73,2.59,272.03,0.0,127.11,260.1,659.24,984.03,UPI,Completed,4.8,Repair,Mumbai,Kia Seltos,Diesel,4
T03917,2025-02-26,V092,Truck,D054,Driver_054,3.4,R031,Visakhapatnam,Mumbai,47.4,149,6.18,593.21,0.0,112.02,481.96,1187.19,564.66,COD,Cancelled,3.3,None,Visakhapatnam,BharatBenz 1015,Diesel,7
T03918,2025-11-24,V014,Sedan,D034,Driver_034,4.7,R056,Visakhapatnam,Pune,150.6,256,9.38,963.74,0.0,424.02,861.97,2249.73,3679.29,COD,Completed,3.9,None,Visakhapatnam,Honda City,Petrol,10
T03919,2025-06-30,V045,Sedan,D083,Driver_083,4.3,R059,Kochi,Chennai,9.6,30,0.59,59.34,6510.68,30.69,151.63,6752.34,184.33,COD,Cancelled,4.2,Service,Kochi,Honda City,Petrol,6
T03920,2025-08-12,V058,Sedan,D021,Driver_021,4.3,R031,Delhi,Mumbai,31.4,86,1.96,191.27,0.0,101.32,334.2,626.79,1124.11,Card,Completed,3.7,None,Delhi,Honda City,Petrol,7
T03921,2025-03-27,V076,Truck,D125,Driver_125,4.5,R055,Kochi,Chennai,25.8,77,3.75,392.39,0.0,39.26,421.83,853.48,1400.63,,Completed,4.4,Inspection,Kochi,Tata 407,Diesel,2
T03922,2025-04-18,V029,Sedan,D127,Driver_127,4.4,R050,Chennai,Mumbai,53.8,176,4.33,440.77,0.0,129.49,712.55,1282.81,1320.12,Net Banking,Completed,4.1,None,Chennai,Honda City,Petrol,8
T03923,2025-04-15,V086,Van,D117,Driver_117,4.5,R063,Bengaluru,Mumbai,41.6,85,4.81,492.77,0.0,150.52,422.92,1066.21,1614.32,UPI,Completed,4.5,None,Bengaluru,Force Traveller,Diesel,12
T03924,2025-07-07,V061,SUV,D006,Driver_006,4.2,R006,Mumbai,Hyderabad,19.4,56,1.49,147.06,0.0,26.15,303.93,477.14,1005.88,UPI,Completed,4.0,None,Mumbai,Toyota Innova,Diesel,2
T03925,2025-09-15,V086,Sedan,D098,Driver_098,4.2,R019,Hyderabad,Chennai,18.9,50,1.29,139.77,745.16,51.09,183.55,1119.57,742.52,Cash,Completed,3.9,Inspection,Hyderabad,Hyundai Verna,Petrol,7
T03926,2025-09-10,V083,Sedan,D136,Driver_136,4.2,R006,Visakhapatnam,Bengaluru,27.4,58,1.98,192.98,7658.38,70.25,267.05,8188.66,1076.99,Net Banking,Completed,3.8,None,Visakhapatnam,Honda City,Petrol,12
T03927,2025-12-16,V072,Van,D057,Driver_057,4.3,R033,Mumbai,Pune,79.8,130,7.96,835.6,0.0,339.53,570.23,1745.36,3105.72,Cash,Completed,4.6,None,Mumbai,Force Traveller,Diesel,10
T03928,2025-07-14,V009,SUV,D118,Driver_118,4.7,R051,Hyderabad,Delhi,135.2,363,10.77,1071.84,0.0,274.81,1609.36,2956.01,4260.62,Card,Completed,2.8,None,Hyderabad,Toyota Innova,Diesel,5
T03929,2025-08-25,V053,SUV,D052,Driver_052,4.4,R012,Mumbai,Visakhapatnam,21.8,33,2.07,214.43,0.0,90.46,150.0,454.89,849.22,Cash,Completed,3.8,None,Mumbai,Kia Seltos,Diesel,2
T03930,2025-02-25,V096,Sedan,D016,Driver_016,4.5,R069,Bengaluru,Mumbai,19.4,56,1.44,139.54,0.0,63.16,221.41,424.11,531.75,Card,Completed,2.9,None,Bengaluru,Maruti Dzire,Petrol,10
T03931,2025-12-06,V093,Sedan,D028,Driver_028,4.2,R045,Delhi,Hyderabad,46.4,104,3.01,327.99,0.0,91.49,594.84,1014.32,1248.73,Card,Completed,3.5,Service,Delhi,Honda City,Petrol,4
T03932,2025-05-16,V055,Sedan,D027,Driver_027,3.4,R034,Mumbai,Delhi,8.6,15,0.59,57.52,0.0,38.25,150.0,245.77,436.28,Card,Completed,4.4,None,Mumbai,Maruti Dzire,Petrol,9
T03933,2025-09-06,V007,Sedan,D051,Driver_051,3.7,R035,Kochi,Delhi,57.0,151,3.75,406.82,0.0,217.51,536.3,1160.63,411.29,COD,Cancelled,5.0,Inspection,Kochi,Hyundai Verna,Petrol,11
T03934,2025-12-16,V037,Truck,D073,Driver_073,3.8,R074,Bengaluru,Chennai,23.2,60,2.98,301.24,545.43,43.86,343.86,1234.39,1472.43,Net Banking,Completed,4.1,None,Bengaluru,Ashok Leyland Dost,Diesel,3
T03935,2025-01-27,V077,SUV,D104,Driver_104,3.7,R058,Kochi,Chennai,15.4,50,1.49,161.91,0.0,23.78,223.67,409.36,143.74,Net Banking,Cancelled,4.6,None,Kochi,Kia Seltos,Diesel,12
T03936,2025-11-08,V070,Sedan,D006,Driver_006,3.7,R041,Pune,Bengaluru,46.7,94,3.39,364.19,2672.74,92.57,292.72,3422.22,1128.0,COD,Completed,3.2,None,Pune,Maruti Dzire,Petrol,3
T03937,2025-06-25,V097,Van,D033,Driver_033,3.5,R005,Bengaluru,Chennai,27.7,77,3.08,323.47,8529.72,62.97,320.58,9236.74,1178.72,Net Banking,Completed,2.3,Service,Bengaluru,Maruti Eeco,Diesel,8
T03938,2025-10-24,V058,Sedan,D023,Driver_023,4.6,R046,Delhi,Hyderabad,21.9,79,1.69,180.05,0.0,39.84,282.38,502.27,1031.07,Net Banking,Completed,3.5,Repair,Delhi,Maruti Dzire,Petrol,5
T03939,2025-07-04,V035,SUV,D071,Driver_071,4.8,R044,Bengaluru,Mumbai,34.8,109,2.88,283.04,0.0,159.61,354.51,797.16,1311.91,UPI,Completed,3.9,Repair,Bengaluru,Kia Seltos,Diesel,11
T03940,2025-06-02,V099,Van,D028,Driver_028,3.9,R062,Visakhapatnam,Chennai,26.6,33,2.65,262.22,0.0,77.9,150.0,490.12,283.03,Card,Cancelled,5.0,None,Visakhapatnam,Force Traveller,Diesel,11
T03941,2025-05-07,V096,Van,D044,Driver_044,3.9,R023,Chennai,Hyderabad,57.4,100,5.49,544.66,0.0,100.66,483.42,1128.74,2481.36,Net Banking,Completed,4.4,None,Chennai,Maruti Eeco,Diesel,3
T03942,2025-02-02,V041,SUV,D092,Driver_092,3.5,R025,Delhi,Visakhapatnam,37.0,80,3.26,333.25,0.0,145.91,426.9,906.06,1589.34,COD,Completed,,Inspection,Delhi,Hyundai Creta,Diesel,11
T03943,2025-12-08,V032,SUV,D108,Driver_108,3.6,R030,Hyderabad,Kochi,35.0,127,2.82,271.03,0.0,111.68,677.7,1060.41,1331.93,COD,Completed,4.5,None,Hyderabad,Hyundai Creta,Diesel,6
T03944,2025-03-21,V016,SUV,D030,Driver_030,3.9,R068,Delhi,Mumbai,44.1,89,3.33,358.15,3448.96,205.1,305.61,4317.82,1721.51,UPI,Completed,4.7,None,Delhi,Toyota Innova,Diesel,5
T03945,2025-01-02,V088,Sedan,D127,Driver_127,4.3,R040,Bengaluru,Chennai,46.7,151,2.89,309.46,4017.66,64.0,720.11,5111.23,149.81,Cash,Cancelled,3.3,Repair,Bengaluru,Honda City,Petrol,11
T03946,2025-08-26,V030,Sedan,D118,Driver_118,3.8,R062,Chennai,Mumbai,52.7,190,3.51,363.07,9273.82,71.09,1100.75,10808.73,1707.66,COD,Completed,4.0,None,Chennai,Honda City,Petrol,4
T03947,2025-03-07,V010,SUV,D035,Driver_035,3.7,R012,Bengaluru,Hyderabad,64.5,108,6.23,653.88,0.0,196.44,432.59,1282.91,2361.14,Cash,Completed,4.6,None,Bengaluru,Toyota Innova,Diesel,12
T03948,2025-05-10,V053,Sedan,D056,Driver_056,4.5,R068,Chennai,Delhi,32.5,103,2.02,191.99,0.0,73.87,369.38,635.24,1191.8,Card,Completed,4.4,Repair,Chennai,Honda City,Petrol,11
T03949,2025-10-01,V051,Sedan,D078,Driver_078,3.8,R066,Mumbai,Hyderabad,18.3,47,1.44,144.02,0.0,64.52,224.99,433.53,499.91,Cash,Completed,4.5,Inspection,Mumbai,Maruti Dzire,Petrol,11
T03950,2025-12-20,V002,Van,D022,Driver_022,4.5,R019,Visakhapatnam,Kochi,65.3,134,6.53,684.04,5334.34,260.95,627.87,6907.2,2746.33,COD,Completed,5.0,None,Visakhapatnam,Tata Winger,Diesel,11
T03951,2025-03-06,V018,Sedan,D087,Driver_087,4.7,R054,Kochi,Pune,79.3,210,5.27,511.24,0.0,350.44,660.67,1522.35,174.28,UPI,Cancelled,4.4,Repair,Kochi,Maruti Dzire,Petrol,10
T03952,2025-10-22,V034,Sedan,D022,Driver_022,4.1,R032,Kochi,Mumbai,17.4,35,1.07,108.56,2248.47,27.17,150.0,2534.2,930.04,UPI,Completed,4.6,None,Kochi,Honda City,Petrol,8
T03953,2025-03-14,V061,Van,D046,Driver_046,4.3,R016,Bengaluru,Kochi,40.7,73,3.92,379.2,0.0,149.7,312.79,841.69,1623.02,COD,Completed,3.8,None,Bengaluru,Maruti Eeco,Diesel,5
T03954,2025-11-14,V021,SUV,D123,Driver_123,4.2,R020,Bengaluru,Hyderabad,30.3,72,2.27,226.65,5563.61,91.31,387.09,6268.66,995.38,UPI,Completed,4.3,None,Bengaluru,Hyundai Creta,Diesel,1
T03955,2025-05-27,V080,Van,D056,Driver_056,3.7,R015,Visakhapatnam,Delhi,26.3,49,2.98,309.42,0.0,78.49,265.9,653.81,1206.84,COD,Completed,4.1,Inspection,Visakhapatnam,Maruti Eeco,Diesel,2
T03956,2025-08-20,V068,Sedan,D083,Driver_083,3.8,R050,Visakhapatnam,Mumbai,13.8,30,0.91,88.82,8244.61,32.15,150.0,8515.58,554.22,UPI,Completed,4.7,Service,Visakhapatnam,Maruti Dzire,Petrol,9
T03957,2025-06-12,V033,Van,D036,Driver_036,3.6,R028,Visakhapatnam,Chennai,13.5,27,1.47,149.53,0.0,40.34,150.0,339.87,681.76,COD,Completed,3.4,Inspection,Visakhapatnam,Maruti Eeco,Diesel,4
T03958,2025-03-08,V060,Sedan,D117,Driver_117,4.5,R063,Kochi,Bengaluru,34.3,64,2.31,234.32,0.0,90.94,314.03,639.29,1171.99,Net Banking,Completed,3.5,Service,Kochi,Maruti Dzire,Petrol,3
T03959,2025-05-23,V028,SUV,D083,Driver_083,4.6,R011,Delhi,Bengaluru,31.6,86,3.05,302.47,7152.09,100.7,403.65,7958.91,1128.79,COD,Completed,3.0,Service,Delhi,Kia Seltos,Diesel,2
T03960,2025-06-03,V007,SUV,D095,Driver_095,3.3,R067,Bengaluru,Visakhapatnam,71.2,102,5.46,518.85,0.0,264.56,336.87,1120.28,2359.94,UPI,Completed,4.2,Service,Bengaluru,Hyundai Creta,Diesel,11
T03961,2025-01-11,V052,Truck,D090,Driver_090,,R058,Hyderabad,Visakhapatnam,62.6,149,9.36,1017.48,0.0,149.07,753.7,1920.25,2755.65,Cash,Completed,4.5,Inspection,Hyderabad,Tata 407,Diesel,7
T03962,2025-05-23,V045,Sedan,D083,Driver_083,4.1,R077,Pune,Bengaluru,58.0,168,4.48,454.3,3747.14,162.19,967.03,5330.66,1648.21,Cash,Completed,4.8,None,Pune,Maruti Dzire,Petrol,7
T03963,2025-03-11,V058,SUV,D092,Driver_092,4.1,R004,Hyderabad,Mumbai,58.5,142,5.61,546.65,0.0,81.59,481.27,1109.51,1856.13,COD,Completed,4.9,Inspection,Hyderabad,Hyundai Creta,Diesel,4
T03964,2025-01-16,V051,Sedan,D129,Driver_129,3.8,R050,Bengaluru,Visakhapatnam,39.2,120,2.36,236.8,2713.25,108.53,407.76,3466.34,173.08,Cash,Cancelled,3.9,None,Bengaluru,Hyundai Verna,Petrol,7
T03965,2025-10-11,V043,Sedan,D015,Driver_015,4.7,R049,Chennai,Bengaluru,24.8,42,,172.52,0.0,34.37,219.21,426.1,1031.02,Cash,Completed,3.5,None,Chennai,Honda City,Petrol,7
T03966,2025-11-05,V097,SUV,D019,Driver_019,2.8,R043,Kochi,Chennai,57.8,131,5.86,637.97,0.0,185.38,406.17,1229.52,2201.55,UPI,Completed,4.9,Inspection,Kochi,Hyundai Creta,Diesel,9
T03967,2025-02-23,V015,SUV,D033,Driver_033,4.1,R059,Visakhapatnam,Delhi,76.8,242,6.79,729.44,0.0,121.56,1233.27,2084.27,2469.74,Card,Completed,3.8,Repair,Visakhapatnam,Kia Seltos,Diesel,11
T03968,2025-04-28,V034,Sedan,D113,Driver_113,3.8,R010,Mumbai,Pune,75.8,198,5.38,591.07,6122.94,296.56,915.89,7926.46,1882.61,COD,Completed,4.2,None,Mumbai,Honda City,Petrol,1
T03969,2025-12-29,V017,SUV,D040,Driver_040,4.2,R073,Delhi,Kochi,16.0,39,1.24,127.61,0.0,55.15,150.0,332.76,582.02,COD,Completed,4.2,None,Delhi,Toyota Innova,Diesel,12
T03970,2025-01-18,V019,Truck,D003,Driver_003,3.9,R036,Visakhapatnam,Hyderabad,-63.3,162,10.67,1118.14,5247.32,98.14,729.72,7193.32,2904.44,COD,Completed,3.9,None,Visakhapatnam,Tata 407,Diesel,5
T03971,2025-01-15,V031,Van,D106,Driver_106,3.9,R036,Bengaluru,Hyderabad,20.2,42,,252.75,0.0,30.5,214.47,497.72,907.97,Net Banking,Completed,3.5,None,Bengaluru,Force Traveller,Diesel,6
T03972,2025-02-14,V059,Sedan,D058,Driver_058,4.5,R048,Visakhapatnam,Mumbai,39.4,79,2.36,247.06,2258.34,171.39,397.21,3074.0,149.62,Card,Cancelled,,Inspection,Visakhapatnam,Hyundai Verna,Petrol,1
T03973,2025-03-25,V085,SUV,D084,Driver_084,4.0,R001,Chennai,Bengaluru,28.2,86,2.18,219.82,0.0,99.02,363.7,682.54,1112.95,UPI,Completed,3.6,Service,Chennai,Kia Seltos,Diesel,6
T03974,2025-06-02,V013,Sedan,D086,Driver_086,3.8,R073,Hyderabad,Visakhapatnam,32.4,103,2.42,257.63,0.0,107.58,342.55,707.76,837.39,Cash,Completed,3.3,None,Hyderabad,Hyundai Verna,Petrol,3
T03975,2025-09-02,V001,SUV,D131,Driver_131,3.1,R010,Pune,Chennai,92.0,263,7.69,786.39,1796.1,221.43,970.77,3774.69,3228.92,Cash,Completed,4.1,None,Pune,Toyota Innova,Diesel,11
T03976,2025-10-31,V061,Sedan,D005,Driver_005,3.9,R072,Pune,Hyderabad,109.5,267,6.73,713.62,0.0,258.27,1378.47,2350.36,2497.9,UPI,Completed,3.1,,Pune,Hyundai Verna,Petrol,3
T03977,2025-02-24,V033,Truck,D053,Driver_053,4.8,R043,Delhi,Bengaluru,32.1,67,5.24,564.4,7439.36,131.01,209.27,8344.04,1823.78,UPI,Completed,4.6,None,Delhi,Ashok Leyland Dost,Diesel,9
T03978,2025-06-29,V100,Sedan,D144,Driver_144,3.9,R057,Bengaluru,Hyderabad,10.9,22,0.74,75.98,1458.71,29.82,150.0,1714.51,364.94,Card,Completed,3.9,Repair,Bengaluru,Hyundai Verna,Petrol,5
T03979,2025-02-20,V076,SUV,D109,Driver_109,3.8,R013,Mumbai,Bengaluru,24.4,40,2.19,238.75,0.0,107.56,150.0,496.31,268.52,UPI,Cancelled,3.9,None,Mumbai,Kia Seltos,Diesel,10
T03980,2025-11-04,V057,Truck,D038,Driver_038,4.9,R040,Hyderabad,Visakhapatnam,10.5,45,1.57,158.5,0.0,15.99,165.85,340.34,867.82,COD,Completed,2.7,None,Hyderabad,Tata 407,Diesel,12
T03981,2025-02-05,V095,Sedan,D118,Driver_118,4.4,R065,Visakhapatnam,Hyderabad,48.1,143,3.21,305.31,3228.89,190.09,655.44,4379.73,1311.93,UPI,Completed,3.9,None,Visakhapatnam,Maruti Dzire,Petrol,8
T03982,2025-02-24,V019,Van,D002,Driver_002,4.6,R064,Kochi,Bengaluru,111.8,351,10.25,1062.45,0.0,490.54,1566.63,3119.62,4149.53,Card,Completed,3.7,None,Kochi,Maruti Eeco,Diesel,8
T03983,2025-06-20,V049,SUV,D115,Driver_115,4.4,R055,Pune,Hyderabad,45.1,89,3.46,334.2,0.0,191.75,474.17,1000.12,1555.2,COD,Completed,4.3,None,Pune,Toyota Innova,Diesel,2
T03984,2025-06-08,V048,Sedan,D076,Driver_076,3.1,R070,Hyderabad,Delhi,95.0,210,6.26,613.6,0.0,231.16,738.42,1583.18,2352.57,COD,Completed,4.6,Inspection,Hyderabad,Maruti Dzire,Petrol,4
T03985,2025-05-18,V058,Van,D056,Driver_056,3.6,R065,Hyderabad,Bengaluru,44.5,141,4.3,429.73,0.0,140.72,467.61,1038.06,2035.19,Cash,Completed,4.4,None,Hyderabad,Force Traveller,Diesel,2
T03986,2025-09-10,V082,Truck,D001,Driver_001,4.0,R050,Pune,Bengaluru,29.4,86,4.73,509.65,0.0,134.09,460.7,1104.44,280.76,Net Banking,Cancelled,4.9,Service,Pune,Tata 407,Diesel,10
T03987,2025-11-04,V065,SUV,D127,Driver_127,3.9,R030,Pune,Bengaluru,19.8,71,1.8,180.76,7333.46,76.22,411.45,8001.89,1106.14,Net Banking,Completed,3.4,None,Pune,Kia Seltos,Diesel,1
T03988,2025-12-27,V010,Sedan,D008,Driver_008,4.2,R040,Visakhapatnam,Bengaluru,72.9,133,5.01,520.08,0.0,183.68,641.0,1344.76,1735.36,Card,Completed,4.7,Service,Visakhapatnam,Maruti Dzire,Petrol,12
T03989,2025-09-28,V071,Van,D025,Driver_025,4.4,R076,Bengaluru,Chennai,17.4,30,2.1,203.58,0.0,64.99,150.0,418.57,965.1,Cash,Completed,3.7,None,Bengaluru,Force Traveller,Diesel,1
T03990,2025-10-12,V098,SUV,D027,Driver_027,3.9,R020,Mumbai,Pune,7.4,15,0.62,63.05,0.0,11.52,150.0,224.57,318.44,Net Banking,Completed,3.7,None,Mumbai,Kia Seltos,Diesel,1
T03991,2025-04-24,V003,Sedan,D009,Driver_009,3.7,R026,Delhi,Kochi,49.6,148,3.65,374.03,0.0,80.51,488.04,942.58,1269.38,UPI,Completed,3.0,,Delhi,Hyundai Verna,Petrol,10
T03992,2025-04-05,V081,Van,D132,Driver_132,4.1,R039,Visakhapatnam,Hyderabad,88.3,280,8.18,869.94,0.0,174.41,946.58,1990.93,3636.38,Net Banking,Completed,4.4,Service,Visakhapatnam,Force Traveller,Diesel,3
T03993,2025-11-07,V014,Sedan,D144,Driver_144,4.5,R006,Mumbai,Visakhapatnam,74.6,220,4.87,515.3,0.0,136.76,898.9,1550.96,319.97,Net Banking,Cancelled,3.3,None,Mumbai,Hyundai Verna,Petrol,1
T03994,2025-11-26,V098,Truck,D134,Driver_134,4.6,R079,Chennai,Pune,63.0,164,8.82,944.94,0.0,152.75,748.89,1846.58,3164.24,Card,Completed,,Repair,Chennai,Ashok Leyland Dost,Diesel,5
T03995,2025-12-28,V028,Sedan,D134,Driver_134,3.8,R001,Pune,Delhi,42.1,93,2.97,304.95,0.0,87.65,309.98,702.58,1296.96,Card,Completed,3.3,Repair,Pune,Maruti Dzire,Petrol,8
T03996,2025-10-18,V024,SUV,D021,Driver_021,3.3,R005,Visakhapatnam,Bengaluru,27.8,61,2.5,271.51,0.0,58.94,224.26,554.71,1165.41,UPI,Completed,4.2,Repair,Visakhapatnam,Hyundai Creta,Diesel,1
T03997,2025-09-21,V073,SUV,D108,Driver_108,3.8,R039,Delhi,Hyderabad,61.0,177,5.09,507.61,0.0,92.99,612.53,1213.13,2172.37,COD,Completed,,None,Delhi,Toyota Innova,Diesel,11
T03998,2025-08-12,V042,SUV,D132,Driver_132,5.0,R060,Hyderabad,Pune,51.8,108,4.54,460.83,4619.11,77.07,330.63,5487.64,1658.41,Cash,Completed,4.5,Inspection,Hyderabad,Toyota Innova,Diesel,11
T03999,2025-12-24,V072,SUV,D034,Driver_034,4.5,R067,Visakhapatnam,Pune,39.2,118,3.12,342.11,0.0,165.67,449.96,957.74,1298.41,COD,completed,2.5,None,Visakhapatnam,Toyota Innova,Diesel,10
T04000,2025-05-15,V012,Sedan,D009,Driver_009,3.3,R074,Hyderabad,Kochi,41.8,87,2.86,284.68,0.0,178.33,496.01,959.02,1002.49,Card,Completed,4.3,None,Hyderabad,Maruti Dzire,Petrol,12
T04001,2025-10-22,V088,SUV,D148,Driver_148,4.0,R067,Bengaluru,Kochi,50.5,127,3.95,413.28,5674.76,218.98,420.7,6727.72,1695.38,Cash,Completed,3.7,Inspection,Bengaluru,Toyota Innova,Diesel,6
T04002,2025-09-10,V079,Sedan,D109,Driver_109,3.8,R041,Delhi,Visakhapatnam,17.3,59,1.14,122.37,0.0,71.2,343.78,537.35,127.38,Cash,Cancelled,3.6,None,Delhi,Honda City,Petrol,2
T04003,2025-02-11,V040,Sedan,D096,Driver_096,3.9,R035,Hyderabad,Mumbai,74.2,240,4.91,537.9,0.0,262.81,1229.62,2030.33,1788.43,Net Banking,Completed,3.6,Inspection,Hyderabad,Hyundai Verna,Petrol,8
T04004,2025-05-04,V026,Van,D035,Driver_035,4.1,R067,Kochi,Pune,60.9,145,6.26,645.07,0.0,268.68,622.2,1535.95,434.3,Cash,Cancelled,2.7,Inspection,Kochi,Tata Winger,Diesel,9
T04005,2025-06-21,V053,SUV,D077,Driver_077,3.8,R043,Hyderabad,Pune,41.9,88,3.53,364.52,0.0,152.47,291.37,808.36,269.96,UPI,Cancelled,4.4,Service,Hyderabad,Hyundai Creta,Diesel,7
T04006,2025-09-08,V099,Truck,D095,Driver_095,3.2,R034,Hyderabad,Mumbai,58.3,121,9.12,911.27,0.0,229.61,530.13,1671.01,2648.24,UPI,Completed,4.5,None,Hyderabad,Ashok Leyland Dost,Diesel,2
T04007,2025-07-29,V063,Sedan,D066,Driver_066,3.4,R057,Pune,Bengaluru,20.0,48,1.32,141.69,0.0,66.1,273.5,481.29,602.19,UPI,Completed,4.3,None,Pune,Maruti Dzire,Petrol,5
T04008,2025-10-06,V036,Van,D089,Driver_089,4.2,R019,Visakhapatnam,Pune,25.7,75,3.0,320.36,3198.54,112.19,284.5,3915.59,1326.06,Card,Completed,3.2,None,Visakhapatnam,Tata Winger,Diesel,11
T04009,2025-04-19,V023,Van,D027,Driver_027,4.4,R012,Pune,Kochi,6.3,18,0.68,68.86,0.0,19.24,150.0,238.1,656.1,COD,Completed,4.5,Inspection,Pune,Maruti Eeco,Diesel,7
T04010,2025-12-11,V032,SUV,D029,Driver_029,4.0,R003,Pune,Hyderabad,16.7,63,1.63,171.24,0.0,40.41,319.8,531.45,758.77,COD,Completed,4.2,None,Pune,Hyundai Creta,Diesel,11
T04011,2025-02-10,V022,Van,D005,Driver_005,4.8,R072,Bengaluru,Chennai,56.8,124,5.85,559.21,871.52,223.65,569.75,2224.13,2521.48,COD,Completed,3.9,None,Bengaluru,Maruti Eeco,Diesel,1
T04012,2025-08-01,V024,Van,D140,Driver_140,4.6,R001,Hyderabad,Kochi,29.3,65,2.63,254.96,0.0,113.45,362.39,730.8,1106.2,Cash,Completed,3.2,Service,Hyderabad,Force Traveller,Diesel,10
T04013,2025-03-07,V070,Truck,D026,Driver_026,4.7,R080,Bengaluru,Delhi,22.2,74,3.77,396.42,0.0,39.81,282.97,719.2,331.72,upi,Cancelled,4.8,Inspection,Bengaluru,Ashok Leyland Dost,Diesel,2
T04014,2025-04-20,V028,Sedan,D033,Driver_033,4.3,R064,Hyderabad,Mumbai,10.2,33,0.71,74.12,0.0,40.47,183.67,298.26,480.08,Cash,Completed,5.0,Inspection,Hyderabad,Maruti Dzire,Petrol,6
T04015,2025-06-13,V048,SUV,D108,Driver_108,4.2,R015,Hyderabad,Chennai,16.9,48,1.63,173.85,0.0,65.07,264.71,503.63,916.3,Net Banking,Completed,3.6,Repair,Hyderabad,Kia Seltos,Diesel,7
T04016,2025-02-19,V092,SUV,D101,Driver_101,4.1,R002,Visakhapatnam,Delhi,49.2,91,4.43,448.39,9365.38,117.3,466.27,10397.34,1867.41,Net Banking,Completed,4.7,,Visakhapatnam,Hyundai Creta,Diesel,3
T04017,2025-12-11,V016,SUV,D043,Driver_043,4.6,R024,Mumbai,Hyderabad,40.5,105,3.44,333.11,0.0,67.06,568.32,968.49,1713.07,Net Banking,Completed,3.5,None,Mumbai,Hyundai Creta,Diesel,1
T04018,2025-05-24,V035,Sedan,D012,Driver_012,4.3,R052,Visakhapatnam,Chennai,21.0,49,1.28,136.84,0.0,46.2,277.83,460.87,789.39,Cash,Completed,5.0,None,Visakhapatnam,Maruti Dzire,Petrol,8
T04019,2025-08-01,V089,Sedan,D097,Driver_097,3.7,R041,Mumbai,Kochi,30.8,91,2.15,231.15,0.0,104.78,388.37,724.3,1018.41,Net Banking,Completed,4.1,,Mumbai,Maruti Dzire,Petrol,5
T04020,2025-05-06,V040,Truck,D007,Driver_007,4.5,R007,Visakhapatnam,Chennai,28.6,85,4.13,400.44,0.0,81.9,420.29,902.63,1601.15,UPI,Completed,5.0,Repair,Visakhapatnam,BharatBenz 1015,Diesel,3
T04021,2025-07-04,V029,Van,D111,Driver_111,3.4,R040,Kochi,Delhi,11.5,15,1.05,103.11,0.0,24.99,150.0,278.1,816.45,Card,Completed,3.0,Inspection,Kochi,Tata Winger,Diesel,5
T04022,2025-05-03,V100,SUV,D051,Driver_051,5.0,R077,Mumbai,Pune,63.2,135,6.15,628.41,0.0,90.21,483.38,1202.0,442.61,COD,Cancelled,3.5,Service,Mumbai,Hyundai Creta,Diesel,10
T04023,2025-06-11,V017,Sedan,D034,Driver_034,4.1,R021,Bengaluru,Pune,24.2,52,1.46,140.33,0.0,102.88,176.56,419.77,657.24,Cash,Completed,3.2,Service,Bengaluru,Hyundai Verna,Petrol,9
T04024,2025-09-18,V006,Sedan,D150,Driver_150,4.0,R028,Bengaluru,Kochi,34.2,98,2.69,288.91,0.0,94.12,543.28,926.31,1.54,COD,Cancelled,5.0,Repair,Bengaluru,Honda City,Petrol,3
T04025,2025-06-03,V053,Van,D128,Driver_128,3.3,R011,Hyderabad,Delhi,49.6,122,5.37,517.34,0.0,177.75,627.07,1322.16,2193.61,COD,Completed,4.6,None,Hyderabad,Maruti Eeco,Diesel,5
T04026,2025-06-27,V068,Sedan,D090,Driver_090,4.8,R075,Kochi,Pune,79.3,229,5.63,607.28,0.0,326.53,936.78,1870.59,1987.66,UPI,Completed,4.1,Repair,Kochi,Honda City,Petrol,11
T04027,2025-02-12,V052,Sedan,D096,Driver_096,4.2,R047,Bengaluru,Mumbai,40.7,105,2.53,260.92,0.0,94.25,367.61,722.78,1401.68,Cash,Completed,4.6,Inspection,Bengaluru,Maruti Dzire,Petrol,7
T04028,2025-10-11,V049,SUV,D065,Driver_065,4.2,R017,Delhi,Hyderabad,18.2,56,1.48,162.51,8563.39,59.13,173.51,8958.54,183.37,Net Banking,Cancelled,,Repair,Delhi,Kia Seltos,Diesel,3
T04029,2025-09-28,V013,Sedan,D077,Driver_077,3.6,R064,Mumbai,Hyderabad,32.7,71,2.2,224.95,0.0,74.12,222.27,521.34,989.17,Cash,Completed,,Repair,Mumbai,Honda City,Petrol,1
T04030,2025-06-16,V032,Sedan,D007,Driver_007,4.3,R017,Mumbai,Visakhapatnam,24.7,60,1.72,180.75,778.62,92.39,278.41,1330.17,704.72,UPI,Completed,4.4,Service,Mumbai,Honda City,Petrol,2
T04031,2025-01-10,V051,SUV,D047,Driver_047,4.8,R065,Bengaluru,Delhi,48.9,146,3.77,400.99,0.0,127.59,580.68,1109.26,1792.37,Net Banking,Completed,4.2,None,Bengaluru,Toyota Innova,Diesel,4
T04032,2025-11-19,V073,Sedan,D043,Driver_043,4.1,R018,Hyderabad,Mumbai,86.6,180,6.98,667.52,0.0,350.93,953.78,1972.23,2027.01,COD,Completed,3.8,None,Hyderabad,Honda City,Petrol,9
T04033,2025-10-06,V090,Sedan,D019,Driver_019,4.6,R002,Hyderabad,Mumbai,26.8,81,1.77,170.58,0.0,95.29,362.84,628.71,982.33,,Completed,3.4,None,Hyderabad,Hyundai Verna,Petrol,2
T04034,2025-10-26,V038,Sedan,D090,Driver_090,4.7,R037,Delhi,Visakhapatnam,20.6,28,1.58,159.53,2046.14,86.51,150.0,2442.18,37.44,Card,Cancelled,4.1,Inspection,Delhi,Honda City,Petrol,3
T04035,2025-01-16,V039,Sedan,D144,Driver_144,4.0,R072,Hyderabad,Bengaluru,49.3,89,3.26,354.33,0.0,93.12,275.1,722.55,43.87,COD,Cancelled,4.0,Service,Hyderabad,Hyundai Verna,Petrol,8
T04036,2025-10-06,V031,Van,D037,Driver_037,4.0,R061,Visakhapatnam,Mumbai,55.2,106,6.53,622.66,0.0,80.93,549.01,1252.6,2367.31,Card,Completed,3.8,Repair,Visakhapatnam,Force Traveller,Diesel,1
T04037,2025-01-30,V034,SUV,D059,Driver_059,4.7,R046,Hyderabad,Chennai,51.7,106,5.12,538.09,0.0,83.89,563.51,1185.49,1742.58,Card,Completed,5.0,None,Hyderabad,Hyundai Creta,Diesel,10
T04038,2025-02-03,V010,SUV,D108,Driver_108,4.3,R014,Delhi,Hyderabad,112.3,374,10.07,1081.08,0.0,306.13,1368.46,2755.67,3497.52,UPI,Completed,4.0,Service,Delhi,Kia Seltos,Diesel,6
T04039,2025-01-11,V054,Sedan,D086,Driver_086,4.2,R067,Chennai,Pune,94.9,226,6.97,672.2,0.0,383.53,1005.06,2060.79,2560.12,COD,Completed,4.2,None,Chennai,Honda City,Petrol,10
T04040,2025-04-03,V063,SUV,D080,Driver_080,4.3,R029,Chennai,Delhi,,172,5.12,515.43,0.0,163.81,727.73,1406.97,2110.68,Net Banking,Completed,3.8,None,Chennai,Kia Seltos,Diesel,4
T04041,2025-03-14,V047,Truck,D041,Driver_041,4.0,R076,Delhi,Hyderabad,18.1,27,3.09,294.12,0.0,34.45,150.0,478.57,851.52,Card,Completed,,Service,Delhi,Ashok Leyland Dost,Diesel,11
T04042,2025-04-06,V099,Sedan,D108,Driver_108,3.6,R053,Mumbai,Pune,64.5,143,4.03,419.74,0.0,86.6,816.64,1322.98,157.22,Card,Cancelled,3.8,Repair,Mumbai,Honda City,Petrol,7
T04043,2025-07-14,V023,Sedan,D139,Driver_139,4.4,R031,Delhi,Mumbai,88.9,246,5.45,559.24,0.0,269.89,1157.96,1987.09,2451.31,COD,Completed,3.8,None,Delhi,Maruti Dzire,Petrol,9
T04044,2025-06-22,V072,Van,D007,Driver_007,3.6,R007,Hyderabad,Chennai,31.4,67,3.4,335.3,0.0,80.53,250.5,666.33,1197.62,Card,Completed,4.3,Repair,Hyderabad,Tata Winger,Diesel,9
T04045,2025-10-30,V014,Sedan,D044,Driver_044,3.3,R041,Kochi,Hyderabad,47.7,87,3.17,338.19,0.0,175.65,327.67,841.51,1339.31,Net Banking,Completed,2.4,None,Kochi,Maruti Dzire,Petrol,6
T04046,2025-11-22,V052,Van,D071,Driver_071,5.0,R012,Delhi,Visakhapatnam,39.1,85,3.78,366.38,0.0,130.87,255.73,752.98,1470.91,Cash,Completed,4.6,Inspection,Delhi,Force Traveller,Diesel,5
T04047,2025-01-16,V094,Sedan,D101,Driver_101,4.1,R042,Chennai,Delhi,57.6,195,3.52,340.93,0.0,115.74,751.52,1208.19,1465.18,UPI,Completed,3.8,None,Chennai,Honda City,Petrol,11
T04048,2025-12-07,V018,Sedan,D144,Driver_144,3.1,R066,Kochi,Hyderabad,38.0,117,2.3,246.46,0.0,170.38,590.7,1007.54,224.63,Net Banking,Cancelled,3.9,None,Kochi,Maruti Dzire,Petrol,10
T04049,2025-06-07,V054,Sedan,D078,Driver_078,4.1,R012,Hyderabad,Visakhapatnam,43.0,88,2.6,249.49,9435.81,123.08,382.03,10190.41,1091.52,UPI,Completed,2.9,Service,Hyderabad,Maruti Dzire,Petrol,8
T04050,2025-08-09,V034,SUV,D092,Driver_092,3.6,R040,Hyderabad,Mumbai,24.8,65,1.88,185.85,0.0,93.44,305.15,584.44,1065.29,COD,Completed,4.3,Service,Hyderabad,Hyundai Creta,Diesel,11
T04051,2025-02-04,V045,SUV,D095,Driver_095,5.0,R072,Pune,Bengaluru,54.2,145,4.74,485.66,0.0,74.84,786.92,1347.42,333.31,Card,Cancelled,4.1,None,Pune,Toyota Innova,Diesel,6
T04052,2025-04-30,V018,Truck,D134,Driver_134,4.7,R054,Visakhapatnam,Delhi,15.2,49,2.48,257.53,6252.63,49.02,211.64,6770.82,967.58,Net Banking,Completed,3.8,Inspection,Visakhapatnam,BharatBenz 1015,Diesel,2
T04053,2025-02-16,V092,SUV,D081,Driver_081,4.3,R032,Pune,Hyderabad,35.0,109,3.43,368.29,2587.05,86.81,571.71,3613.86,181.48,Cash,Cancelled,4.8,Repair,Pune,Kia Seltos,Diesel,7
T04054,2025-10-22,V064,Van,D112,Driver_112,,R029,Delhi,Pune,41.6,106,4.85,509.7,9565.51,177.87,548.09,10801.17,1736.42,upi,Completed,4.2,Repair,Delhi,Tata Winger,Diesel,4
T04055,2025-01-12,V012,SUV,D137,Driver_137,3.9,R062,Chennai,Bengaluru,49.6,170,4.22,449.03,2703.63,186.91,622.71,3962.28,1604.74,COD,Completed,3.3,None,Chennai,Toyota Innova,Diesel,6
T04056,2025-04-06,V092,SUV,D020,Driver_020,3.4,R026,Delhi,Kochi,35.5,103,2.66,273.83,0.0,83.83,369.7,727.36,1469.73,UPI,Completed,4.6,Inspection,Delhi,Toyota Innova,Diesel,2
T04057,2025-11-13,V061,Van,D001,Driver_001,4.0,R053,Mumbai,Chennai,16.4,35,1.51,145.05,2693.06,27.46,150.0,3015.57,798.05,Net Banking,Completed,3.8,None,Mumbai,Tata Winger,Diesel,10
T04058,2025-10-11,V020,Sedan,D016,Driver_016,4.6,R046,Mumbai,Chennai,57.9,115,3.52,369.91,0.0,92.4,423.69,886.0,1431.02,Card,Completed,3.9,None,Mumbai,Maruti Dzire,Petrol,4
T04059,2025-08-05,V044,Sedan,D038,Driver_038,4.5,R015,Bengaluru,Hyderabad,19.1,38,1.5,162.1,0.0,40.27,181.26,383.63,109.65,Cash,Cancelled,3.7,,Bengaluru,Hyundai Verna,Petrol,7
T04060,2025-07-25,V062,Sedan,D008,Driver_008,3.6,R010,Delhi,Pune,19.7,63,1.2,129.92,0.0,90.87,306.2,526.99,906.92,COD,Completed,4.0,None,Delhi,Maruti Dzire,Petrol,12
T04061,2025-04-14,V029,Sedan,D021,Driver_021,4.3,R014,Visakhapatnam,Chennai,7.3,38,0.46,49.23,0.0,20.0,150.0,219.23,320.73,UPI,Completed,3.9,Repair,Visakhapatnam,Maruti Dzire,Petrol,11
T04062,2025-07-21,V033,Sedan,D020,Driver_020,3.5,R049,Bengaluru,Hyderabad,46.6,88,2.95,295.16,0.0,163.0,479.43,937.59,1565.41,Card,Completed,4.6,None,Bengaluru,Hyundai Verna,Petrol,4
T04063,2025-11-17,V058,Sedan,D044,Driver_044,4.2,R040,Pune,Kochi,134.6,330,9.04,976.15,0.0,433.61,1827.19,3236.95,3206.0,UPI,Completed,,None,Pune,Hyundai Verna,Petrol,6
T04064,2025-10-05,V001,SUV,D124,Driver_124,3.5,R003,Hyderabad,Bengaluru,30.3,70,2.46,270.55,8288.33,126.47,306.07,8991.42,1441.75,UPI,Completed,5.0,Service,Hyderabad,Hyundai Creta,Diesel,4
T04065,2025-04-22,V063,Sedan,D014,Driver_014,4.0,R004,Delhi,Kochi,43.4,123,3.33,347.84,0.0,121.57,701.5,1170.91,152.68,Card,Cancelled,3.9,Repair,Delhi,Honda City,Petrol,11
T04066,2025-01-20,V007,Van,D027,Driver_027,4.5,R045,Visakhapatnam,Pune,81.9,136,9.75,1007.05,0.0,291.1,791.1,2089.25,3125.56,Card,Completed,3.9,Service,Visakhapatnam,Maruti Eeco,Diesel,3
T04067,2025-03-08,V035,Sedan,D086,Driver_086,4.3,R074,Pune,Mumbai,62.1,171,4.48,444.38,7339.85,249.68,954.56,8988.47,345.24,UPI,Cancelled,3.3,Inspection,Pune,Hyundai Verna,Petrol,12
T04068,2025-02-23,V092,Sedan,D131,Driver_131,,R035,Hyderabad,Delhi,37.5,93,2.49,242.5,1515.54,57.03,371.36,2186.43,967.37,Card,Completed,3.5,Repair,Hyderabad,Honda City,Petrol,5
T04069,2025-08-03,V012,Sedan,D057,Driver_057,3.9,R038,Hyderabad,Delhi,108.3,252,6.77,707.27,0.0,374.59,982.57,2064.43,2492.28,Net Banking,Completed,4.7,Repair,Hyderabad,Maruti Dzire,Petrol,9
T04070,2025-05-22,V049,Sedan,D144,Driver_144,4.1,R017,Kochi,Pune,49.3,158,3.01,305.32,1335.3,80.64,796.45,2517.71,1443.86,Card,Completed,3.8,None,Kochi,Honda City,Petrol,4
T04071,2025-09-11,V100,SUV,D097,Driver_097,4.7,R003,Hyderabad,Visakhapatnam,26.4,60,2.13,219.06,0.0,77.58,217.4,514.04,1244.22,UPI,Completed,3.9,None,Hyderabad,Hyundai Creta,Diesel,6
T04072,2025-01-04,V095,Sedan,D038,Driver_038,3.6,R020,Delhi,Pune,11.4,33,0.71,74.52,1758.13,23.62,150.0,2006.27,92.69,Card,Cancelled,3.4,None,Delhi,Hyundai Verna,Petrol,10
T04073,2025-01-19,V023,SUV,D046,Driver_046,4.5,R074,Delhi,Kochi,34.7,83,-3.01,289.73,0.0,70.89,449.45,810.07,1237.78,Net Banking,Completed,3.7,Repair,Delhi,Toyota Innova,Diesel,6
T04074,2025-07-15,V061,Sedan,D134,Driver_134,4.2,R061,Delhi,Kochi,40.2,118,2.71,259.99,0.0,153.86,607.76,1021.61,1381.15,Cash,Completed,3.9,None,Delhi,Honda City,Petrol,12
T04075,2025-03-04,V050,Truck,D004,Driver_004,3.2,R027,Visakhapatnam,Delhi,35.4,90,5.57,555.88,0.0,139.89,482.93,1178.7,1898.16,Card,Completed,3.7,None,Visakhapatnam,Ashok Leyland Dost,Diesel,6
T04076,2025-02-01,V028,SUV,D035,Driver_035,3.6,R064,Chennai,Hyderabad,16.7,46,1.32,130.69,7475.7,69.76,234.59,7910.74,116.61,Net Banking,Cancelled,4.6,Service,Chennai,Kia Seltos,Diesel,5
T04077,2025-07-05,V094,SUV,D032,Driver_032,4.2,R021,Chennai,Bengaluru,37.5,65,3.42,368.0,5554.96,151.1,334.78,6408.84,1638.02,Card,Completed,4.0,None,Chennai,Hyundai Creta,Diesel,5
T04078,2025-10-01,V086,Sedan,D089,Driver_089,4.5,R075,Delhi,Mumbai,70.8,163,4.7,464.18,0.0,170.7,871.79,1506.67,2048.99,Net Banking,Completed,3.4,Inspection,Delhi,Maruti Dzire,Petrol,9
T04079,2025-12-15,V017,SUV,D105,Driver_105,4.1,R060,Visakhapatnam,Hyderabad,98.8,225,8.45,832.02,0.0,267.98,845.51,1945.51,3446.78,Net Banking,Completed,4.5,None,Visakhapatnam,Hyundai Creta,Diesel,10
T04080,2025-12-09,V083,SUV,D015,Driver_015,4.0,R047,Pune,Delhi,14.4,37,1.27,121.06,0.0,62.11,150.0,333.17,66.8,Cash,Cancelled,2.9,Repair,Pune,Kia Seltos,Diesel,3
T04081,2025-09-01,V023,Sedan,D076,Driver_076,4.2,R045,Bengaluru,Visakhapatnam,53.7,142,3.68,364.67,6000.22,215.58,470.18,7050.65,1584.44,Card,Completed,4.4,None,Bengaluru,Honda City,Petrol,11
T04082,2025-10-09,V022,Sedan,D054,Driver_054,3.5,R040,Visakhapatnam,Pune,30.2,31,1.89,202.32,0.0,51.09,150.0,403.41,1056.62,Cash,Completed,3.2,None,Visakhapatnam,Honda City,Petrol,9
T04083,2025-01-18,V040,SUV,D100,Driver_100,4.2,R044,Mumbai,Chennai,50.1,131,4.4,443.74,0.0,130.97,438.74,1013.45,1715.62,UPI,Completed,,None,Mumbai,Kia Seltos,Diesel,3
T04084,2025-04-11,V051,SUV,D052,Driver_052,,R075,Mumbai,Visakhapatnam,47.6,61,4.4,473.29,0.0,209.3,188.32,870.91,1780.23,Cash,Completed,3.9,None,Mumbai,Kia Seltos,Diesel,12
T04085,2025-11-02,V087,Van,D095,Driver_095,4.5,R021,Chennai,Hyderabad,48.3,92,4.94,499.61,3157.63,194.59,407.4,4259.23,2011.09,COD,Completed,3.7,None,Chennai,Maruti Eeco,Diesel,3
T04086,2025-02-04,V051,Van,D110,Driver_110,4.7,R076,Hyderabad,Mumbai,42.1,125,4.21,402.08,0.0,152.55,577.62,1132.25,1781.94,Net Banking,Completed,4.7,Inspection,Hyderabad,Tata Winger,Diesel,1
T04087,2025-10-31,V009,Sedan,D033,Driver_033,3.4,R037,Delhi,Mumbai,16.0,48,1.01,105.4,2554.88,36.55,205.06,2901.89,455.28,UPI,Completed,4.0,Inspection,Delhi,Honda City,Petrol,10
T04088,2025-05-01,V049,Truck,D064,Driver_064,3.7,R046,Delhi,Kochi,46.8,90,6.9,664.55,0.0,101.09,364.71,1130.35,2305.5,Card,Completed,3.8,Inspection,Delhi,Tata 407,Diesel,3
T04089,2025-02-22,V019,Van,D085,Driver_085,3.9,R031,Visakhapatnam,Delhi,53.6,165,6.39,610.48,0.0,190.56,853.94,1654.98,2208.9,Net Banking,Completed,3.6,None,Visakhapatnam,Force Traveller,Diesel,12
T04090,2025-11-22,V055,Van,D091,Driver_091,4.0,R005,Mumbai,Chennai,25.5,64,2.35,242.69,0.0,91.31,350.92,684.92,1333.38,Card,Completed,4.2,Repair,Mumbai,Maruti Eeco,Diesel,7
T04091,2025-06-19,V069,SUV,D076,Driver_076,3.5,R007,Chennai,Visakhapatnam,119.0,234,10.37,1009.75,0.0,245.98,1063.17,2318.9,852.81,Net Banking,Cancelled,4.0,None,Chennai,Toyota Innova,Diesel,9
T04092,2025-09-06,V087,Sedan,D091,Driver_091,3.3,R008,Chennai,Kochi,35.3,56,2.36,252.54,0.0,52.77,216.82,522.13,948.69,Cash,Completed,3.4,None,Chennai,Hyundai Verna,Petrol,5
T04093,2025-03-28,V020,SUV,D148,Driver_148,3.6,R050,Kochi,Visakhapatnam,19.8,85,1.55,165.55,0.0,56.76,258.84,481.15,1088.99,Net Banking,Completed,4.1,None,Kochi,Kia Seltos,Diesel,12
T04094,2025-10-02,V098,Sedan,D089,Driver_089,4.7,R046,Mumbai,Hyderabad,49.9,144,3.18,345.95,0.0,225.36,482.47,1053.78,1183.43,Cash,Completed,5.0,Inspection,Mumbai,Hyundai Verna,Petrol,1
T04095,2025-05-05,V027,SUV,D035,Driver_035,4.8,R068,Delhi,Pune,21.1,56,1.74,179.29,0.0,56.91,184.07,420.27,1040.56,Net Banking,Completed,4.5,None,Delhi,Toyota Innova,Diesel,3
T04096,2025-03-29,V022,Sedan,D102,Driver_102,3.9,R039,Visakhapatnam,Hyderabad,52.3,146,3.27,315.03,0.0,134.53,650.94,1100.5,216.65,UPI,Cancelled,4.4,Service,Visakhapatnam,Maruti Dzire,Petrol,11
T04097,2025-05-23,V033,Van,D144,Driver_144,4.8,R022,Chennai,Bengaluru,46.3,80,4.48,458.69,5080.39,71.71,460.29,6071.08,173.95,Net Banking,Cancelled,2.3,Service,Chennai,Tata Winger,Diesel,12
T04098,2025-03-02,V025,SUV,D126,Driver_126,4.0,R021,Visakhapatnam,Pune,33.7,99,3.36,323.53,0.0,66.1,465.46,855.09,1297.25,UPI,Completed,4.1,Service,Visakhapatnam,Hyundai Creta,Diesel,1
T04099,2025-11-13,V073,Van,D140,Driver_140,4.2,R025,Visakhapatnam,Delhi,72.0,230,8.07,845.23,0.0,141.43,1312.47,2299.13,2790.32,COD,Completed,4.1,None,Visakhapatnam,Tata Winger,Diesel,9
T04100,2025-12-09,V089,Van,D034,Driver_034,4.2,R058,Delhi,Visakhapatnam,36.1,84,3.93,381.44,0.0,145.26,404.74,931.44,432.03,COD,Cancelled,3.5,Inspection,Delhi,Maruti Eeco,Diesel,8
T04101,2025-07-10,V078,Sedan,D122,Driver_122,4.2,R042,Bengaluru,Mumbai,44.8,150,3.06,330.64,7317.36,176.25,659.43,8483.68,1125.41,,Completed,3.8,Inspection,Bengaluru,Hyundai Verna,Petrol,11
T04102,2025-10-26,V063,Sedan,D088,Driver_088,3.9,R045,Hyderabad,Pune,44.5,158,3.06,303.63,6579.75,161.63,741.77,7786.78,1300.75,Card,Completed,4.5,None,Hyderabad,Hyundai Verna,Petrol,2
T04103,2025-05-29,V034,Sedan,D051,Driver_051,4.1,R037,Kochi,Mumbai,65.1,177,4.26,463.8,0.0,103.03,680.43,1247.26,23.86,Net Banking,Cancelled,3.5,Inspection,Kochi,Hyundai Verna,Petrol,8
T04104,2025-06-06,V089,Truck,D113,Driver_113,4.8,R012,Delhi,Pune,31.7,63,4.71,495.08,2515.67,49.34,315.01,3375.1,1433.79,Card,Completed,4.0,None,Delhi,Ashok Leyland Dost,Diesel,2
T04105,2025-03-16,V008,Sedan,D096,Driver_096,3.6,R070,Mumbai,Bengaluru,21.5,71,1.53,153.43,2310.09,69.26,363.75,2896.53,627.89,Card,Completed,4.8,Repair,Mumbai,Maruti Dzire,Petrol,5
T04106,2025-12-21,V058,Sedan,D090,Driver_090,3.9,R020,Hyderabad,Chennai,38.8,68,2.48,244.16,0.0,135.74,347.09,726.99,1049.12,UPI,Completed,3.5,Repair,Hyderabad,Honda City,Petrol,11
T04107,2025-10-10,V023,Van,D062,Driver_062,3.6,R064,Chennai,Delhi,70.4,172,6.49,693.48,0.0,158.89,738.52,1590.89,2680.79,COD,Completed,4.1,None,Chennai,Tata Winger,Diesel,9
T04108,2025-07-02,V069,SUV,D112,Driver_112,3.6,R005,Pune,Delhi,20.2,40,1.75,178.79,0.0,89.35,150.0,418.14,1117.89,Net Banking,Completed,3.6,Service,Pune,Hyundai Creta,Diesel,1
T04109,2025-01-07,V054,Sedan,D081,Driver_081,3.9,R079,Pune,Chennai,24.9,67,1.63,167.27,5710.53,42.38,296.45,6216.63,798.1,Cash,Completed,3.3,None,Pune,Maruti Dzire,Petrol,6
T04110,2025-08-16,V059,Van,D126,Driver_126,3.7,R043,Pune,Bengaluru,51.8,131,5.47,560.59,0.0,145.58,666.05,1372.22,2307.84,Net Banking,Completed,4.2,None,Pune,Maruti Eeco,Diesel,5
T04111,2025-08-15,V062,Sedan,D062,Driver_062,4.0,R003,Mumbai,Chennai,33.5,91,2.68,293.52,5087.34,113.45,416.73,5911.04,1237.12,Net Banking,Completed,4.4,Service,Mumbai,Hyundai Verna,Petrol,3
T04112,2025-01-15,V017,Truck,D040,Driver_040,3.5,R054,Pune,Visakhapatnam,126.1,262,18.76,2006.67,3296.29,262.94,874.53,6440.43,230.68,COD,Cancelled,3.4,Repair,Pune,Tata 407,Diesel,3
T04113,2025-11-24,V059,Sedan,D044,Driver_044,4.3,R005,Kochi,Hyderabad,50.1,139,3.4,361.76,4446.97,101.69,598.13,5508.55,1644.08,COD,Completed,3.5,Repair,Kochi,Honda City,Petrol,7
T04114,2025-05-05,V064,Truck,D080,Driver_080,4.5,R050,Hyderabad,Kochi,59.5,163,9.16,896.46,6040.72,184.65,752.72,7874.55,2897.16,UPI,Completed,4.5,None,Hyderabad,BharatBenz 1015,Diesel,8
T04115,2025-10-19,V073,Sedan,D033,Driver_033,4.5,R047,Delhi,Visakhapatnam,9.3,28,0.73,76.58,0.0,37.81,160.03,274.42,515.8,Net Banking,Completed,4.0,None,Delhi,Maruti Dzire,Petrol,4
T04116,2025-06-19,V015,SUV,D038,Driver_038,4.0,R072,Visakhapatnam,Mumbai,32.3,102,2.66,256.45,0.0,86.55,307.9,650.9,1389.42,Net Banking,Completed,4.8,None,Visakhapatnam,Toyota Innova,Diesel,2
T04117,2025-05-28,V016,Sedan,D077,Driver_077,4.4,R066,Pune,Visakhapatnam,33.6,73,2.42,245.56,0.0,134.95,315.36,695.87,939.51,Cash,Completed,4.0,None,Pune,Maruti Dzire,Petrol,8
T04118,2025-07-10,V068,Van,D028,Driver_028,4.9,R058,Visakhapatnam,Chennai,22.8,71,2.1,230.29,0.0,35.43,258.4,524.12,1134.32,Card,Completed,3.6,None,Visakhapatnam,Tata Winger,Diesel,12
T04119,2025-12-09,V049,Sedan,D093,Driver_093,4.2,R039,Kochi,Delhi,35.6,68,2.21,219.41,0.0,73.65,252.86,545.92,1223.51,Net Banking,Completed,5.0,Repair,Kochi,Honda City,Petrol,6
T04120,2025-03-10,V021,Sedan,D145,Driver_145,4.3,R036,Mumbai,Visakhapatnam,189.2,559,11.76,1209.99,0.0,590.21,1749.66,3549.86,4474.88,Net Banking,Completed,,None,Mumbai,Honda City,Petrol,7
T04121,2025-04-16,V075,Truck,D034,Driver_034,2.8,R027,Hyderabad,Chennai,22.6,28,3.75,372.05,3147.75,92.8,150.0,3762.6,72.02,Card,Cancelled,4.2,None,Hyderabad,Ashok Leyland Dost,Diesel,6
T04122,2025-06-07,V070,Sedan,D142,Driver_142,3.8,R004,Mumbai,Bengaluru,15.4,36,1.21,117.46,0.0,69.11,168.4,354.97,772.97,UPI,Completed,3.5,None,Mumbai,Honda City,Petrol,7
T04123,2025-01-29,V093,Sedan,D025,Driver_025,3.8,R006,Chennai,Mumbai,13.0,50,0.81,79.67,0.0,48.41,276.3,404.38,680.43,Card,Completed,4.3,Repair,Chennai,Maruti Dzire,Petrol,6
T04124,2025-06-29,V041,SUV,D025,Driver_025,4.1,R069,Visakhapatnam,Pune,20.3,59,1.51,148.61,0.0,71.57,180.38,400.56,10.4,Net Banking,Cancelled,4.1,Repair,Visakhapatnam,Kia Seltos,Diesel,7
T04125,2025-10-06,V054,Sedan,D111,Driver_111,5.0,R054,Bengaluru,Mumbai,41.8,90,2.81,273.6,4758.8,181.64,447.21,5661.25,72.14,COD,Cancelled,3.7,Repair,Bengaluru,Maruti Dzire,Petrol,10
T04126,2025-08-26,V016,Van,D107,Driver_107,3.8,R031,Mumbai,Bengaluru,44.3,113,3.96,403.1,0.0,166.46,352.81,922.37,36.4,UPI,Cancelled,3.6,None,Mumbai,Maruti Eeco,Diesel,7
T04127,2025-04-25,V050,Sedan,D005,Driver_005,4.0,R040,Visakhapatnam,Kochi,30.0,82,2.26,224.02,0.0,96.37,276.6,596.99,1025.17,Cash,Completed,4.0,Inspection,Visakhapatnam,Honda City,Petrol,8
T04128,2025-10-04,V034,Sedan,D002,Driver_002,3.8,R048,Delhi,Pune,12.9,52,0.9,87.75,0.0,29.6,215.89,333.24,402.58,UPI,Completed,3.8,Service,Delhi,Honda City,Petrol,6
T04129,2025-08-30,V018,Van,D004,Driver_004,,R041,Pune,Hyderabad,91.7,233,8.54,916.33,0.0,159.42,1095.94,2171.69,3680.24,Card,Completed,4.2,None,Pune,Tata Winger,Diesel,11
T04130,2025-06-15,V045,Van,D100,Driver_100,3.2,R079,Pune,Chennai,28.2,61,3.02,293.06,0.0,92.41,241.97,627.44,1273.96,Card,Completed,4.1,None,Pune,Maruti Eeco,Diesel,5
T04131,2025-04-14,V079,Sedan,D020,Driver_020,4.6,R011,Visakhapatnam,Chennai,40.5,65,2.89,305.89,0.0,184.8,251.73,742.42,1341.68,Card,Completed,3.9,Inspection,Visakhapatnam,Maruti Dzire,Petrol,12
T04132,2025-12-01,V058,Sedan,D090,Driver_090,3.9,R044,Kochi,Delhi,36.6,73,2.92,302.64,0.0,99.86,359.2,761.7,24.02,Cash,Cancelled,3.7,None,Kochi,Maruti Dzire,Petrol,9
T04133,2025-05-30,V003,Sedan,D062,Driver_062,4.0,R022,Delhi,Hyderabad,31.4,118,2.16,228.71,0.0,100.65,385.76,715.12,176.45,UPI,Cancelled,4.5,Repair,Delhi,Honda City,Petrol,2
T04134,2025-01-15,V063,SUV,D095,Driver_095,4.3,R067,Visakhapatnam,Chennai,16.6,26,1.38,151.54,0.0,23.99,150.0,325.53,745.95,Card,Completed,4.5,Service,Visakhapatnam,Toyota Innova,Diesel,5
T04135,2025-01-01,V053,SUV ,D001,Driver_001,4.2,R011,Chennai,Delhi,30.7,97,3.68,401.15,3004.1,67.7,346.38,3819.33,268.54,Card,Cancelled,2.6,Service,Chennai,Tata Winger,Diesel,8
T04136,2025-09-24,V079,SUV,D051,Driver_051,4.2,R028,Chennai,Visakhapatnam,81.9,271,8.16,869.77,2134.95,154.82,1057.77,4217.31,420.76,COD,Cancelled,4.2,None,Chennai,Toyota Innova,Diesel,12
T04137,2025-05-17,V084,Van,D042,Driver_042,4.5,R042,Mumbai,Visakhapatnam,23.5,45,2.71,267.22,0.0,70.2,176.23,513.65,288.86,COD,Cancelled,4.8,Service,Mumbai,Maruti Eeco,Diesel,7
T04138,2025-07-26,V040,Truck,D104,Driver_104,4.5,R073,Visakhapatnam,Hyderabad,71.5,210,10.63,1119.59,0.0,151.24,671.42,1942.25,3284.06,Cash,Completed,3.5,Repair,Visakhapatnam,Tata 407,Diesel,9
T04139,2025-03-18,V095,SUV,D059,Driver_059,4.1,R057,Delhi,Visakhapatnam,82.8,134,7.01,757.01,4997.06,149.48,727.56,6631.11,2981.88,COD,Completed,5.0,Service,Delhi,Toyota Innova,Diesel,3
T04140,2025-07-20,V096,Sedan,D096,Driver_096,3.6,R045,Hyderabad,Pune,33.3,105,2.27,235.68,0.0,91.05,504.37,831.1,1121.6,Cash,Completed,3.5,None,Hyderabad,Maruti Dzire,Petrol,7
T04141,2025-08-01,V039,Van,D094,Driver_094,4.2,R003,Pune,Visakhapatnam,20.4,72,2.21,210.81,0.0,73.21,390.51,674.53,331.2,Card,Cancelled,3.6,None,Pune,Force Traveller,Diesel,10
T04142,2025-03-02,V044,Sedan,D059,Driver_059,4.5,R066,Delhi,Chennai,40.5,99,2.85,300.6,0.0,76.52,422.61,799.73,1169.3,Card,Completed,4.2,None,Delhi,Honda City,Petrol,8
T04143,2025-04-14,V073,Van,D136,Driver_136,3.1,R069,Pune,Chennai,45.9,114,4.86,499.44,0.0,142.42,531.47,1173.33,2097.4,Cash,Completed,3.4,None,Pune,Tata Winger,Diesel,12
T04144,2025-04-25,V024,Sedan,D147,Driver_147,3.5,R071,Delhi,Chennai,26.6,111,1.66,163.12,0.0,73.8,341.28,578.2,685.45,UPI,Completed,4.0,None,Delhi,Maruti Dzire,Petrol,7
T04145,2025-03-20,V096,Van,D111,Driver_111,3.8,R036,Bengaluru,Visakhapatnam,91.8,134,10.2,1085.23,0.0,169.9,440.41,1695.54,3570.59,Card,Completed,3.4,None,Bengaluru,Maruti Eeco,Diesel,5
T04146,2025-08-13,V073,Van,D105,Driver_105,3.4,R046,Kochi,Pune,34.0,110,3.82,413.99,0.0,47.49,339.75,801.23,1458.37,COD,Completed,5.0,None,Kochi,Force Traveller,Diesel,9
T04147,2025-10-19,V011,SUV,D052,Driver_052,4.0,R043,Mumbai,Kochi,93.1,199,7.01,684.13,0.0,245.49,787.14,1716.76,2998.17,Net Banking,Completed,3.9,None,Mumbai,Toyota Innova,Diesel,12
T04148,2025-05-16,V099,Sedan,D046,Driver_046,3.4,R027,Hyderabad,Chennai,7.8,33,0.6,57.73,3598.43,29.67,153.38,3839.21,256.68,UPI,Completed,4.5,None,Hyderabad,Maruti Dzire,Petrol,10
T04149,2025-01-09,V026,Sedan,D012,Driver_012,3.8,R047,Visakhapatnam,Delhi,29.0,48,2.02,215.72,2527.64,43.78,240.6,3027.74,151.49,Card,Cancelled,3.5,Inspection,Visakhapatnam,Maruti Dzire,Petrol,4
T04150,2025-03-04,V075,SUV,D079,Driver_079,3.0,R075,Delhi,Visakhapatnam,15.4,62,1.18,128.77,0.0,36.15,222.13,387.05,916.88,UPI,Completed,3.3,Service,Delhi,Kia Seltos,Diesel,11
T04151,2025-11-16,V043,SUV,D042,Driver_042,3.3,R012,Delhi,Kochi,155.6,326,13.72,1304.5,4228.89,681.21,1706.67,7921.27,5065.07,Net Banking,Completed,3.3,Repair,Delhi,Hyundai Creta,Diesel,11
T04152,2025-10-05,V016,Sedan,D135,Driver_135,4.0,R005,Hyderabad,Pune,43.9,106,3.13,303.77,0.0,78.8,517.44,900.01,1046.82,UPI,Completed,3.8,None,Hyderabad,Hyundai Verna,Petrol,8
T04153,2025-05-21,V069,Sedan,D126,Driver_126,3.3,R033,Pune,Bengaluru,21.8,63,1.33,144.48,0.0,47.68,234.4,426.56,16.38,COD,Cancelled,5.0,None,Pune,Maruti Dzire,Petrol,8
T04154,2025-03-30,V082,Sedan,D006,Driver_006,4.2,R061,Pune,Mumbai,55.5,101,3.33,347.75,4206.5,220.76,385.85,5160.86,1327.87,COD,Completed,4.8,None,Pune,Honda City,Petrol,12
T04155,2025-06-21,V031,SUV,D104,Driver_104,4.5,R062,Kochi,Pune,73.6,221,7.01,755.41,0.0,319.5,1205.08,2279.99,2744.75,Card,Completed,3.3,Service,Kochi,Toyota Innova,Diesel,6
T04156,2025-03-01,V094,SUV,D062,Driver_062,4.5,R054,Pune,Hyderabad,35.2,110,3.1,327.14,0.0,84.68,470.65,882.47,1370.81,COD,Completed,4.8,Repair,Pune,Kia Seltos,Diesel,6
T04157,2025-05-18,V022,SUV,D122,Driver_122,3.8,R049,Hyderabad,Delhi,62.9,184,5.27,579.51,0.0,126.21,576.95,1282.67,2040.41,UPI,Completed,4.3,Repair,Hyderabad,Toyota Innova,Diesel,5
T04158,2025-03-31,V071,SUV,D066,Driver_066,4.1,R077,Chennai,Bengaluru,86.4,237,8.16,840.74,5630.24,149.7,1153.26,7773.94,3070.16,Cash,Completed,5.0,None,Chennai,Hyundai Creta,Diesel,5
T04159,2025-10-31,V051,Van,D007,Driver_007,4.0,R059,Visakhapatnam,Mumbai,34.6,81,3.15,308.76,0.0,137.27,368.29,814.32,1682.75,Net Banking,Completed,4.2,Inspection,Visakhapatnam,Force Traveller,Diesel,1
T04160,2025-12-13,V096,Sedan,D139,Driver_139,4.1,R030,Mumbai,Pune,40.7,126,3.18,305.94,0.0,65.33,643.16,1014.43,997.03,UPI,Completed,4.0,None,Mumbai,Honda City,Petrol,3
T04161,2025-04-15,V093,Truck,D123,Driver_123,3.8,R063,Delhi,Visakhapatnam,35.5,91,5.06,549.18,0.0,101.53,438.8,1089.51,1720.53,Card,Completed,4.2,None,Delhi,Ashok Leyland Dost,Diesel,6
T04162,2025-08-30,V060,SUV,D115,Driver_115,2.7,R024,Pune,Delhi,91.3,145,7.8,787.39,2169.24,268.68,745.36,3970.67,3092.8,Cash,Completed,3.9,Repair,Pune,Hyundai Creta,Diesel,10
T04163,2025-04-24,V091,Van,D079,Driver_079,4.4,R043,Bengaluru,Kochi,90.0,242,9.47,936.3,0.0,265.39,893.27,2094.96,3256.03,UPI,Completed,3.6,None,Bengaluru,Force Traveller,Diesel,5
T04164,2025-12-31,V031,Sedan,D128,Driver_128,3.4,R003,Bengaluru,Chennai,36.3,72,,247.58,0.0,57.52,296.69,601.79,1303.79,Net Banking,Completed,3.7,Inspection,Bengaluru,Maruti Dzire,Petrol,10
T04165,2025-06-30,V043,SUV,D098,Driver_098,4.2,R062,Kochi,Mumbai,23.8,62,1.82,185.57,5972.52,103.15,342.68,6603.92,1077.18,UPI,Completed,4.3,None,Kochi,Toyota Innova,Diesel,12
T04166,2025-06-22,V079,Van,D089,Driver_089,4.3,R047,Visakhapatnam,Chennai,33.7,92,3.39,322.11,0.0,155.04,407.96,885.11,1373.88,Card,Completed,3.3,None,Visakhapatnam,Force Traveller,Diesel,8
T04167,2025-10-04,V077,Van,D121,Driver_121,3.5,R057,Hyderabad,Mumbai,12.9,26,1.32,140.15,0.0,45.42,150.0,335.57,79.85,Cash,Cancelled,3.0,None,Hyderabad,Force Traveller,Diesel,7
T04168,2025-03-12,V037,Sedan,D095,Driver_095,5.0,R036,Kochi,Mumbai,37.5,79,2.67,281.81,0.0,156.91,281.27,719.99,962.43,COD,Completed,2.8,None,Kochi,Honda City,Petrol,11
T04169,2025-11-27,V074,SUV,D148,Driver_148,5.0,R070,Kochi,Pune,9.4,34,0.71,75.63,0.0,42.94,180.34,298.91,637.22,Cash,Completed,4.4,None,Kochi,Kia Seltos,Diesel,9
T04170,2025-01-24,V050,Sedan,D094,Driver_094,4.6,R059,Mumbai,Delhi,63.8,185,3.88,401.65,0.0,185.58,854.83,1442.06,1863.63,UPI,Completed,3.9,None,Mumbai,Hyundai Verna,Petrol,1
T04171,2025-11-29,V049,Sedan,D083,Driver_083,4.2,R010,Pune,Bengaluru,48.9,132,2.91,315.31,0.0,68.93,551.5,935.74,139.89,Card,Cancelled,4.8,None,Pune,Honda City,Petrol,2
T04172,2025-03-06,V089,Sedan,D019,Driver_019,4.3,R072,Kochi,Hyderabad,54.4,164,3.81,368.46,0.0,135.11,887.28,1390.85,1569.28,Cash,Completed,3.9,None,Kochi,Hyundai Verna,Petrol,4
T04173,2025-12-18,V055,SUV,D080,Driver_080,4.0,R056,Chennai,Bengaluru,53.6,121,4.6,466.15,0.0,89.52,435.36,991.03,2100.7,UPI,Completed,3.4,None,Chennai,Hyundai Creta,Diesel,3
T04174,2025-02-21,V071,SUV,D146,Driver_146,3.9,R049,Chennai,Bengaluru,43.2,96,4.1,418.34,1100.2,116.33,488.48,2123.35,1842.38,Cash,Completed,4.5,None,Chennai,Hyundai Creta,Diesel,10
T04175,2025-09-22,V023,Sedan,D038,Driver_038,5.0,R049,Delhi,Chennai,44.5,143,3.54,385.22,0.0,159.27,753.3,1297.79,1303.77,Cash,Completed,4.5,Inspection,Delhi,Maruti Dzire,Petrol,5
T04176,2025-03-17,V018,SUV,D107,Driver_107,3.5,R023,Visakhapatnam,Pune,46.9,107,3.74,369.97,0.0,103.43,604.25,1077.65,1580.26,Cash,Completed,4.6,None,Visakhapatnam,Toyota Innova,Diesel,10
T04177,2025-07-24,V037,Van,D062,Driver_062,3.3,R049,Mumbai,Delhi,12.2,35,1.29,131.68,0.0,16.64,150.0,298.32,955.44,Card,Completed,3.4,Service,Mumbai,Tata Winger,Diesel,7
T04178,2025-01-05,V042,Van,D029,Driver_029,3.7,R073,Mumbai,Kochi,70.9,228,7.21,721.52,7826.98,271.53,1019.61,9839.64,2861.49,Card,Completed,4.3,None,Mumbai,Tata Winger,Diesel,1
T04179,2025-10-21,V053,Van,D054,Driver_054,3.5,R025,Pune,Mumbai,105.8,181,9.76,1062.45,0.0,437.73,569.47,2069.65,3956.79,UPI,Completed,5.0,Inspection,Pune,Tata Winger,Diesel,1
T04180,2025-02-01,V071,SUV,D135,Driver_135,4.1,R057,Pune,Delhi,32.7,80,3.03,302.51,9075.93,149.51,453.01,9980.96,1507.05,Cash,Completed,4.3,None,Pune,Kia Seltos,Diesel,12
T04181,2025-04-07,V090,Sedan,D082,Driver_082,4.9,R044,Delhi,Chennai,29.3,87,2.02,196.11,0.0,39.91,313.5,549.52,738.32,Net Banking,Completed,3.8,None,Delhi,Maruti Dzire,Petrol,2
T04182,2025-04-27,V061,Van,D105,Driver_105,3.7,R030,Mumbai,Visakhapatnam,11.9,39,1.42,137.19,0.0,21.49,199.04,357.72,705.41,UPI,Completed,4.2,Inspection,Mumbai,Tata Winger,Diesel,3
T04183,2025-11-08,V029,Truck,D089,Driver_089,4.2,R045,Bengaluru,Chennai,51.6,104,6.75,716.9,0.0,146.58,526.3,1389.78,2328.97,Net Banking,Completed,4.9,None,Bengaluru,BharatBenz 1015,Diesel,10
T04184,2025-02-07,V090,SUV,D009,Driver_009,3.0,R036,Mumbai,Delhi,82.3,274,7.68,829.22,0.0,272.15,1430.15,2531.52,2566.75,Net Banking,Completed,4.3,None,Mumbai,Toyota Innova,Diesel,12
T04185,2025-03-20,V012,Truck,D101,Driver_101,3.9,R001,Bengaluru,Mumbai,7.6,31,1.03,109.46,0.0,17.02,150.0,276.48,514.54,UPI,Completed,4.3,None,Bengaluru,BharatBenz 1015,Diesel,7
T04186,2025-06-10,V033,Truck,D095,Driver_095,3.7,R025,Pune,Kochi,72.8,126,9.36,951.38,0.0,118.5,555.6,1625.48,3552.18,Cash,Completed,3.6,None,Pune,Ashok Leyland Dost,Diesel,12
T04187,2025-10-14,V017,Van,D122,Driver_122,4.7,R004,Pune,Bengaluru,14.4,58,1.46,143.18,3515.23,57.53,294.74,4010.68,792.82,Cash,Completed,4.8,None,Pune,Maruti Eeco,Diesel,9
T04188,2025-01-13,V028,Sedan,D049,Driver_049,3.9,R013,Hyderabad,Chennai,,185,5.28,554.68,0.0,149.85,698.84,1403.37,1995.19,UPI,Completed,3.6,None,Hyderabad,Hyundai Verna,Petrol,10
T04189,2025-08-10,V072,SUV,D013,Driver_013,3.8,R016,Visakhapatnam,Pune,112.3,368,8.52,834.34,788.42,429.9,1778.29,3830.95,3488.23,COD,Completed,3.8,Inspection,Visakhapatnam,Hyundai Creta,Diesel,11
T04190,2025-08-24,V037,Truck,D112,Driver_112,4.2,R050,Bengaluru,Chennai,42.5,91,6.28,643.79,9711.47,160.7,303.14,10819.1,2076.78,Cash,Completed,3.3,Repair,Bengaluru,BharatBenz 1015,Diesel,10
T04191,2025-04-29,V007,Van,D005,Driver_005,4.9,R005,Chennai,Pune,83.6,205,7.84,835.28,0.0,115.96,726.31,1677.55,3092.58,Cash,Completed,3.8,None,Chennai,Tata Winger,Diesel,7
T04192,2025-02-02,V030,SUV,D058,Driver_058,3.7,R024,Pune,Hyderabad,20.1,31,1.89,194.07,0.0,29.47,150.0,373.54,4.85,COD,Cancelled,3.7,Inspection,Pune,Toyota Innova,Diesel,5
T04193,2025-01-22,V025,Sedan,D142,Driver_142,4.6,R020,Delhi,Chennai,,128,3.19,346.07,0.0,161.37,636.98,1144.42,332.58,COD,Cancelled,3.8,Service,Delhi,Honda City,Petrol,1
T04194,2025-12-06,V019,Sedan,D099,Driver_099,4.1,R021,Mumbai,Pune,140.0,347,8.72,907.68,0.0,602.8,1491.72,3002.2,3619.15,UPI,Completed,3.8,None,Mumbai,Honda City,Petrol,2
T04195,2025-03-24,V044,SUV,D092,Driver_092,4.0,R006,Delhi,Pune,25.0,89,2.01,194.67,9930.52,76.12,391.48,10592.79,943.63,Card,Completed,3.5,None,Delhi,Hyundai Creta,Diesel,7
T04196,2025-04-16,V051,Sedan,D069,Driver_069,2.8,R021,Visakhapatnam,Chennai,27.1,38,2.12,218.0,2629.16,42.46,154.51,3044.13,696.74,Net Banking,Completed,4.1,Service,Visakhapatnam,Maruti Dzire,Petrol,8
T04197,2025-12-01,V090,Sedan,D005,Driver_005,3.6,R001,Hyderabad,Visakhapatnam,68.2,129,5.0,513.81,7695.82,260.82,643.01,9113.46,1853.38,Net Banking,Completed,4.4,Service,Hyderabad,Maruti Dzire,Petrol,10
T04198,2025-06-07,V056,Van,D033,Driver_033,4.5,R053,Bengaluru,Hyderabad,26.2,84,2.65,256.8,0.0,83.78,323.82,664.4,265.74,COD,Cancelled,3.4,Service,Bengaluru,Tata Winger,Diesel,5
T04199,2025-04-04,V057,Truck,D105,Driver_105,3.4,R024,Kochi,Visakhapatnam,45.1,102,6.9,701.98,0.0,125.1,471.52,1298.6,529.1,Net Banking,Cancelled,4.1,None,Kochi,Ashok Leyland Dost,Diesel,11
T04200,2025-03-24,V018,Sedan,D056,Driver_056,3.5,R073,Hyderabad,Pune,38.8,58,2.36,249.64,0.0,149.57,174.49,573.7,1353.34,Net Banking,Completed,3.9,Repair,Hyderabad,Hyundai Verna,Petrol,9
T04201,2025-09-11,V027,Truck,D039,Driver_039,3.6,R045,Kochi,Bengaluru,43.1,129,5.96,566.23,0.0,158.27,665.92,1390.42,126.11,Net Banking,Cancelled,4.1,None,Kochi,BharatBenz 1015,Diesel,10
T04202,2025-04-24,V061,Truck,D103,Driver_103,4.6,R056,Visakhapatnam,Mumbai,23.5,93,3.3,338.72,9553.14,66.94,303.29,10262.09,1076.89,COD,Completed,4.2,None,Visakhapatnam,Tata 407,Diesel,2
T04203,2025-08-19,V040,Truck,D063,Driver_063,3.7,R013,Delhi,Mumbai,19.8,44,3.39,329.63,0.0,62.93,220.81,613.37,968.4,COD,Completed,4.2,Inspection,Delhi,Ashok Leyland Dost,Diesel,7
T04204,2025-06-05,V003,Sedan,D064,Driver_064,4.2,R070,Chennai,Mumbai,55.2,107,3.55,385.0,0.0,181.68,350.46,917.14,12.92,UPI,Cancelled,4.2,Repair,Chennai,Hyundai Verna,Petrol,12
T04205,2025-12-03,V096,Sedan,D090,Driver_090,4.8,R075,Pune,Chennai,25.5,87,1.78,175.24,1430.5,102.35,330.7,2038.79,1027.43,Net Banking,Completed,4.2,Inspection,Pune,Hyundai Verna,Petrol,5
T04206,2025-11-09,V086,SUV ,D068,Driver_068,3.0,R010,Visakhapatnam,,106.5,315,10.74,1059.6,9021.29,202.51,1785.46,12068.86,4245.62,Net Banking,Completed,4.9,None,Visakhapatnam,Maruti Eeco,Diesel,11
T04207,2025-02-11,V040,Van,D030,Driver_030,3.9,R026,Visakhapatnam,Chennai,30.1,99,2.69,256.56,0.0,128.32,359.3,744.18,207.7,Cash,Cancelled,4.1,Inspection,Visakhapatnam,Tata Winger,Diesel,5
T04208,2025-04-07,V095,Van,D071,Driver_071,4.9,R001,Hyderabad,Bengaluru,73.2,222,6.59,696.39,0.0,290.97,801.2,1788.56,3005.92,COD,Completed,4.3,Inspection,Hyderabad,Tata Winger,Diesel,5
T04209,2025-06-16,V058,SUV,D062,Driver_062,4.8,R068,Pune,Kochi,47.7,152,4.56,457.01,0.0,155.98,802.11,1415.1,407.75,UPI,Cancelled,4.5,Service,Pune,Kia Seltos,Diesel,5
T04210,2025-07-30,V020,Sedan,D137,Driver_137,4.4,R006,Mumbai,Delhi,89.4,168,7.04,692.24,0.0,175.27,582.49,1450.0,110.06,COD,Cancelled,3.6,Inspection,Mumbai,Maruti Dzire,Petrol,12
T04211,2025-11-22,V008,Sedan,D069,Driver_069,4.6,R073,Hyderabad,Kochi,31.2,94,2.19,218.71,0.0,97.96,388.12,704.79,100.91,Net Banking,Cancelled,3.6,None,Hyderabad,Hyundai Verna,Petrol,12
T04212,2025-06-16,V035,Van,D116,Driver_116,4.7,R079,Hyderabad,Bengaluru,13.9,26,1.28,139.03,9192.8,31.38,150.0,9513.21,48.47,COD,Cancelled,3.6,Service,Hyderabad,Maruti Eeco,Diesel,7
T04213,2025-04-28,V033,Sedan,D032,Driver_032,3.9,R029,Hyderabad,Delhi,38.7,88,2.78,291.9,0.0,107.33,399.52,798.75,278.06,UPI,Cancelled,3.6,None,Hyderabad,Honda City,Petrol,1
T04214,2025-11-24,V008,Sedan,D063,Driver_063,3.9,R054,Pune,Delhi,72.9,116,4.65,450.25,0.0,289.0,468.01,1207.26,2041.14,Net Banking,Completed,4.7,None,Pune,Maruti Dzire,Petrol,7
T04215,2025-01-27,V009,Truck,D006,Driver_006,4.0,R052,Kochi,Mumbai,39.8,62,5.54,556.09,0.0,145.31,343.65,1045.05,1811.24,Cash,Completed,3.8,Repair,Kochi,Tata 407,Diesel,6
T04216,2025-09-27,V011,SUV,D130,Driver_130,4.1,R004,Pune,Bengaluru,35.8,105,3.45,342.42,0.0,73.5,395.9,811.82,236.7,COD,Cancelled,4.8,None,Pune,Hyundai Creta,Diesel,3
T04217,2025-10-15,V003,Van,D098,Driver_098,3.4,R024,Mumbai,Kochi,41.4,77,4.99,502.98,0.0,147.02,419.22,1069.22,522.82,Cash,Cancelled,3.0,Inspection,Mumbai,Tata Winger,Diesel,2
T04218,2025-07-07,V052,Sedan,D076,Driver_076,4.8,R044,Pune,Kochi,55.4,144,4.14,409.84,3423.57,172.66,710.31,4716.38,1373.2,Cash,Completed,3.4,None,Pune,Maruti Dzire,Petrol,1
T04219,2025-10-31,V059,SUV,D102,Driver_102,4.4,R067,Hyderabad,Chennai,47.5,96,4.56,481.73,0.0,205.99,548.65,1236.37,1947.49,Net Banking,Completed,4.2,Service,Hyderabad,Kia Seltos,Diesel,7
T04220,2025-05-14,V019,SUV,D057,Driver_057,3.8,R009,Hyderabad,Pune,9.6,37,0.73,74.9,4674.76,25.74,213.08,4988.48,6.02,UPI,Cancelled,3.4,None,Hyderabad,Kia Seltos,Diesel,5
T04221,2025-12-17,V060,Van,D094,Driver_094,4.0,R007,Kochi,Pune,25.6,89,2.67,277.72,0.0,40.51,277.43,595.66,148.02,UPI,Cancelled,3.6,Inspection,Kochi,Tata Winger,Diesel,9
T04222,2025-01-07,V035,Van,D077,Driver_077,4.8,R036,Mumbai,Kochi,43.0,95,4.58,497.28,0.0,169.34,428.75,1095.37,1951.78,COD,Completed,2.7,None,Mumbai,Maruti Eeco,Diesel,5
T04223,2025-01-15,V031,Truck,D013,Driver_013,4.5,R001,Bengaluru,Chennai,9.5,28,1.56,164.09,5883.67,43.84,150.0,6241.6,947.78,Cash,Completed,4.3,None,Bengaluru,Tata 407,Diesel,3
T04224,2025-07-31,V009,Truck,D006,Driver_006,4.1,R040,Pune,Bengaluru,163.8,348,23.29,2451.29,2097.05,759.8,1539.47,6847.61,7070.43,UPI,Completed,3.7,None,Pune,Tata 407,Diesel,7
T04225,2025-09-08,V097,Sedan,D134,Driver_134,4.0,R004,Pune,Mumbai,98.4,294,7.56,829.99,0.0,144.14,920.83,1894.96,2290.27,Net Banking,Completed,4.2,Service,Pune,Maruti Dzire,Petrol,5
T04226,2025-12-25,V073,SUV,D095,Driver_095,4.6,R009,Pune,Visakhapatnam,29.3,86,2.23,242.54,5377.6,81.3,450.36,6151.8,1020.1,UPI,Completed,4.4,Service,Pune,Kia Seltos,Diesel,3
T04227,2025-01-19,V046,Truck,D017,Driver_017,3.7,R028,Mumbai,Pune,33.5,104,4.57,471.78,0.0,56.07,400.18,928.03,179.08,Card,Cancelled,4.7,Repair,Mumbai,Ashok Leyland Dost,Diesel,3
T04228,2025-10-28,V022,SUV ,D032,Driver_032,4.2,R002,Kochi,Visakhapatnam,31.9,88,3.64,375.59,5296.25,101.71,270.32,6043.87,1638.93,Cash,Completed,4.0,Repair,Kochi,Tata Winger,Diesel,6
T04229,2025-05-13,V081,Sedan,D038,Driver_038,4.3,R035,Chennai,Mumbai,27.5,67,2.06,217.3,0.0,51.66,305.33,574.29,739.3,Net Banking,Completed,5.0,None,Chennai,Honda City,Petrol,3
T04230,2025-07-17,V015,Van,D082,Driver_082,4.6,R056,Bengaluru,Kochi,141.7,305,14.8,1491.25,0.0,416.67,1114.04,3021.96,5104.2,Net Banking,Completed,3.3,Inspection,Bengaluru,Tata Winger,Diesel,3
T04231,2025-10-31,V071,SUV,D028,Driver_028,3.5,R055,Hyderabad,Mumbai,31.0,83,2.32,227.94,0.0,116.86,351.61,696.41,1024.54,Cash,Completed,2.3,Service,Hyderabad,Toyota Innova,Diesel,1
T04232,2025-10-27,V097,Sedan,D025,Driver_025,4.7,R059,Bengaluru,Mumbai,37.2,113,2.36,258.07,3753.75,165.39,605.86,4783.07,1262.75,Net Banking,Completed,5.0,None,Bengaluru,Hyundai Verna,Petrol,2
T04233,2025-06-16,V051,Truck,D116,Driver_116,4.1,R075,Mumbai,Bengaluru,15.0,56,2.48,262.73,0.0,63.99,303.26,629.98,1141.11,Card,Completed,5.0,Inspection,Mumbai,BharatBenz 1015,Diesel,6
T04234,2025-01-07,V016,Sedan,D144,Driver_144,3.6,R027,Hyderabad,Kochi,35.0,104,2.61,281.59,0.0,60.17,527.79,869.55,1034.49,UPI,Completed,3.1,Inspection,Hyderabad,Hyundai Verna,Petrol,9
T04235,2025-06-08,V095,Sedan,D096,Driver_096,4.1,R040,Hyderabad,Kochi,27.5,56,1.66,167.02,0.0,70.5,291.23,528.75,160.84,Net Banking,Cancelled,3.2,Service,Hyderabad,Honda City,Petrol,9
T04236,2025-12-21,V003,Truck,D135,Driver_135,4.6,R028,Kochi,Hyderabad,10.3,33,1.61,169.66,0.0,44.88,190.58,405.12,654.89,UPI,Completed,4.8,None,Kochi,Ashok Leyland Dost,Diesel,4
T04237,2025-10-23,V086,Sedan,D101,Driver_101,3.8,R032,Bengaluru,Chennai,72.7,193,4.69,445.87,0.0,148.0,981.86,1575.73,64.72,Net Banking,Cancelled,4.5,Repair,Bengaluru,Hyundai Verna,Petrol,7
T04238,2025-08-12,V050,Sedan,D044,Driver_044,4.1,R080,Visakhapatnam,Chennai,34.2,85,2.42,245.23,0.0,144.12,259.14,648.49,988.56,UPI,Completed,3.5,Inspection,Visakhapatnam,Honda City,Petrol,1
T04239,2025-07-17,V018,SUV,D014,Driver_014,4.5,R078,Hyderabad,Bengaluru,21.8,59,1.78,188.59,7569.99,34.83,301.15,8094.56,784.17,Card,Completed,3.6,Service,Hyderabad,Hyundai Creta,Diesel,6
T04240,2025-07-26,V098,Sedan,D014,Driver_014,4.7,R022,Pune,Kochi,22.8,62,1.7,177.69,0.0,37.87,224.11,439.67,1001.11,Net Banking,Completed,3.4,None,Pune,Honda City,Petrol,1
T04241,2025-08-23,V030,SUV,D077,Driver_077,4.0,R029,Visakhapatnam,Chennai,35.5,124,3.28,336.31,0.0,65.06,383.98,785.35,1345.95,Card,Completed,4.3,Repair,Visakhapatnam,Kia Seltos,Diesel,7
T04242,2025-06-08,V099,Sedan,D022,Driver_022,4.1,R008,Delhi,Bengaluru,13.4,43,0.84,82.89,0.0,54.93,164.91,302.73,514.84,Net Banking,Completed,4.1,Service,Delhi,Honda City,Petrol,2
T04243,2025-05-16,V052,Sedan,D058,Driver_058,2.8,R043,Bengaluru,Delhi,,105,2.7,290.05,0.0,141.61,522.3,953.96,1195.29,UPI,Completed,4.0,None,Bengaluru,Honda City,Petrol,3
T04244,2025-10-30,V080,Sedan,D137,Driver_137,3.5,R042,Hyderabad,Kochi,86.1,182,6.75,699.03,0.0,389.61,853.99,1942.63,2017.59,Cash,Completed,4.2,None,Hyderabad,Honda City,Petrol,12
T04245,2025-02-07,V092,Sedan,D020,Driver_020,4.4,R073,Bengaluru,Delhi,45.2,144,3.1,326.65,0.0,99.43,483.03,909.11,163.74,UPI,Cancelled,4.3,None,Bengaluru,Honda City,Petrol,1
T04246,2025-01-29,V068,Truck,D133,Driver_133,3.5,R070,Hyderabad,Chennai,19.3,32,,314.19,2769.82,66.43,166.34,3316.78,992.59,UPI,Completed,3.8,None,Hyderabad,BharatBenz 1015,Diesel,11
T04247,2025-09-27,V079,Sedan,D094,Driver_094,3.5,R041,Kochi,Hyderabad,14.6,43,0.98,107.34,3875.41,20.34,206.51,4209.6,487.34,Cash,Completed,3.9,None,Kochi,Honda City,Petrol,1
T04248,2025-01-20,V073,Van,D014,Driver_014,3.4,R049,Visakhapatnam,Mumbai,34.5,80,3.62,376.2,0.0,147.14,304.04,827.38,1340.43,UPI,Completed,4.0,Repair,Visakhapatnam,Tata Winger,Diesel,1
T04249,2025-03-01,V019,Sedan,D001,Driver_001,2.7,R023,Kochi,Hyderabad,39.3,88,2.97,295.46,0.0,146.94,305.65,748.05,44.71,Net Banking,Cancelled,3.9,Service,Kochi,Honda City,Petrol,5
T04250,2025-02-21,V064,Sedan,D039,Driver_039,4.0,R002,Pune,Bengaluru,11.1,32,0.8,79.3,0.0,29.61,150.0,258.91,496.54,COD,Completed,3.5,None,Pune,Hyundai Verna,Petrol,4
T04251,2025-02-25,V021,SUV,D051,Driver_051,4.0,R010,Pune,Delhi,38.2,60,3.83,386.83,0.0,108.46,219.18,714.47,1412.75,COD,Completed,3.2,Service,Pune,Kia Seltos,Diesel,11
T04252,2025-08-21,V089,Van,D145,Driver_145,4.2,R024,Delhi,Visakhapatnam,43.8,127,4.88,504.57,0.0,95.87,641.33,1241.77,1791.26,Card,Completed,3.9,None,Delhi,Force Traveller,Diesel,12
T04253,2025-01-12,V041,Van,D057,Driver_057,3.6,R066,Hyderabad,Mumbai,99.5,249,10.14,990.43,9364.58,183.4,1127.59,11666.0,809.91,Card,Cancelled,4.3,None,Hyderabad,Force Traveller,Diesel,9
T04254,2025-07-05,V005,SUV,D126,Driver_126,4.9,R068,Delhi,Visakhapatnam,34.9,84,3.52,341.17,0.0,119.27,426.78,887.22,1144.52,COD,Completed,3.4,None,Delhi,Kia Seltos,Diesel,10
T04255,2025-06-05,V089,Van,D030,Driver_030,3.2,R049,Pune,Chennai,36.0,114,4.36,433.37,9805.3,110.36,464.38,10813.41,1441.92,Card,Completed,3.6,Repair,Pune,Tata Winger,Diesel,3
T04256,2025-10-02,V075,SUV,D129,Driver_129,4.6,R033,Hyderabad,Mumbai,38.0,148,3.08,309.09,0.0,91.36,759.78,1160.23,1331.26,Net Banking,Completed,3.5,Service,Hyderabad,Hyundai Creta,Diesel,9
T04257,2025-10-31,V069,Truck,D092,Driver_092,4.5,R052,Chennai,Visakhapatnam,20.8,60,2.68,282.68,0.0,91.95,347.08,721.71,1020.54,Net Banking,Completed,3.9,None,Chennai,Ashok Leyland Dost,Diesel,5
T04258,2025-10-08,V069,SUV,D014,Driver_014,4.7,R010,Bengaluru,Mumbai,31.1,69,2.4,235.61,0.0,123.64,366.26,725.51,1069.21,UPI,Completed,4.1,Inspection,Bengaluru,Kia Seltos,Diesel,1
T04259,2025-03-18,V062,SUV,D117,Driver_117,3.5,R041,Hyderabad,Chennai,74.0,205,6.81,691.98,0.0,268.04,935.78,1895.8,2581.99,Net Banking,Completed,4.7,Service,Hyderabad,Toyota Innova,Diesel,11
T04260,2025-05-21,V041,Truck,D145,Driver_145,3.8,R022,Mumbai,Visakhapatnam,39.4,80,6.47,700.92,0.0,64.6,442.07,1207.59,1896.45,COD,Completed,3.7,None,Mumbai,BharatBenz 1015,Diesel,7
T04261,2025-07-30,V085,SUV,D125,Driver_125,4.8,R037,Pune,Delhi,34.6,70,2.92,277.57,6372.07,127.23,306.45,7083.32,1284.58,Card,Completed,3.4,Repair,Pune,Hyundai Creta,Diesel,5
T04262,2025-10-11,V021,Sedan,D034,Driver_034,4.3,R046,Hyderabad,Mumbai,78.1,245,5.38,555.72,0.0,121.42,753.11,1430.25,1985.92,Card,Completed,3.3,None,Hyderabad,Maruti Dzire,Petrol,6
T04263,2025-03-10,V064,Sedan,D147,Driver_147,4.5,R078,Chennai,Delhi,63.5,162,4.72,473.78,0.0,264.8,746.66,1485.24,1782.32,Card,Completed,4.9,None,Chennai,Hyundai Verna,Petrol,6
T04264,2025-11-17,V067,Van,D065,Driver_065,4.1,R059,Kochi,Hyderabad,14.9,31,1.44,151.01,3696.34,28.66,150.0,4026.01,865.54,COD,Completed,,Service,Kochi,Tata Winger,Diesel,11
T04265,2025-09-30,V002,SUV,D033,Driver_033,4.5,R010,Visakhapatnam,Delhi,25.7,58,1.96,192.23,9451.66,50.28,262.12,9956.29,227.92,Card,Cancelled,4.3,Repair,Visakhapatnam,Hyundai Creta,Diesel,4
T04266,2025-01-17,V048,SUV,D015,Driver_015,5.0,R027,Kochi,Pune,62.1,177,5.33,537.75,0.0,235.6,571.44,1344.79,2319.89,UPI,Completed,4.4,None,Kochi,Kia Seltos,Diesel,1
T04267,2025-07-25,V086,Sedan,D013,Driver_013,3.9,R078,Mumbai,Visakhapatnam,28.7,103,2.08,201.46,0.0,50.17,455.78,707.41,792.94,Net Banking,Completed,3.9,Repair,Mumbai,Hyundai Verna,Petrol,2
T04268,2025-01-04,V090,Sedan,D082,Driver_082,3.5,R013,Chennai,Bengaluru,147.8,366,9.02,927.58,0.0,443.52,1555.17,2926.27,3622.89,Net Banking,Completed,4.1,None,Chennai,Honda City,Petrol,5
T04269,2025-07-25,V039,Truck,D111,Driver_111,4.4,R068,Mumbai,Delhi,76.2,147,11.09,1180.86,910.06,349.97,745.63,3186.52,3618.14,UPI,Completed,5.0,Inspection,Mumbai,BharatBenz 1015,Diesel,10
T04270,2025-08-12,V059,SUV,D045,Driver_045,4.3,R080,Bengaluru,Pune,40.0,127,3.95,404.49,0.0,168.42,432.4,1005.31,273.11,Cash,Cancelled,4.5,None,Bengaluru,Hyundai Creta,Diesel,3
T04271,2025-10-09,V098,SUV,D042,Driver_042,4.0,R002,Bengaluru,Chennai,81.3,180,7.59,820.65,0.0,209.38,795.87,1825.9,2793.67,UPI,Completed,4.7,Repair,Bengaluru,Kia Seltos,Diesel,4
T04272,2025-10-17,V025,Sedan,D046,Driver_046,4.0,R009,Hyderabad,Chennai,7.9,15,0.61,63.97,0.0,22.78,150.0,236.75,658.24,COD,Completed,4.0,Service,Hyderabad,Hyundai Verna,Petrol,3
T04273,2025-03-14,V033,Truck,D042,Driver_042,4.7,R078,Chennai,Pune,21.7,40,2.98,291.29,0.0,40.49,197.19,528.97,1044.78,Card,Completed,3.7,Repair,Chennai,Ashok Leyland Dost,Diesel,1
T04274,2025-06-16,V031,Sedan,D150,Driver_150,4.2,R010,Bengaluru,Chennai,57.9,124,4.21,406.96,0.0,227.55,680.08,1314.59,1582.24,UPI,Completed,3.3,None,Bengaluru,Maruti Dzire,Petrol,11
T04275,2025-10-11,V082,Truck,D084,Driver_084,3.9,R036,Delhi,Visakhapatnam,19.0,64,2.94,315.65,2885.07,27.82,333.72,3562.26,1062.71,Card,Completed,4.8,Inspection,Delhi,Ashok Leyland Dost,Diesel,3
T04276,2025-01-29,V046,SUV,D143,Driver_143,4.0,R002,Pune,Bengaluru,40.6,75,3.26,333.31,9617.75,78.48,394.69,10424.23,341.5,COD,Cancelled,3.7,Inspection,Pune,Toyota Innova,Diesel,6
T04277,2025-05-02,V046,Sedan,D131,Driver_131,4.0,R044,Bengaluru,Delhi,20.8,66,1.26,125.68,0.0,77.72,350.31,553.71,813.88,Net Banking,Completed,3.2,None,Bengaluru,Honda City,Petrol,12
T04278,2025-05-18,V100,Sedan,D054,Driver_054,4.1,R020,Hyderabad,Bengaluru,32.3,81,2.12,229.78,6163.19,110.36,360.45,6863.78,900.39,UPI,Completed,5.0,None,Hyderabad,Maruti Dzire,Petrol,6
T04279,2025-05-29,V012,SUV,D082,Driver_082,,R016,Bengaluru,Hyderabad,54.8,157,4.89,505.26,0.0,101.93,757.07,1364.26,2126.28,Cash,Completed,4.4,None,Bengaluru,Toyota Innova,Diesel,5
T04280,2025-02-11,V095,Sedan,D036,Driver_036,3.6,R056,Chennai,Visakhapatnam,53.9,141,3.27,343.55,0.0,84.23,803.68,1231.46,1396.59,UPI,Completed,4.9,None,Chennai,Maruti Dzire,Petrol,6
T04281,2025-11-02,V022,Sedan,D036,Driver_036,4.1,R016,Pune,Chennai,20.6,54,1.45,143.92,6251.59,84.06,212.26,6691.83,766.34,Net Banking,Completed,4.8,Inspection,Pune,Maruti Dzire,Petrol,5
T04282,2025-12-17,V051,Sedan,D001,Driver_001,4.4,R060,Kochi,Visakhapatnam,19.1,57,1.14,119.75,2915.51,59.76,247.6,3342.62,894.5,Cash,Completed,3.6,None,Kochi,Honda City,Petrol,12
T04283,2025-09-01,V014,Van,D038,Driver_038,4.2,R056,Chennai,Kochi,12.8,31,1.45,145.58,0.0,58.6,150.0,354.18,543.57,UPI,Completed,3.9,None,Chennai,Force Traveller,Diesel,4
T04284,2025-09-14,V061,Sedan,D083,Driver_083,4.2,R070,Kochi,Mumbai,43.9,95,3.53,358.18,0.0,102.11,453.22,913.51,1130.93,COD,Completed,3.6,Service,Kochi,Hyundai Verna,Petrol,12
T04285,2025-10-10,V035,Truck,D045,Driver_045,4.0,R070,Delhi,Mumbai,32.8,94,5.64,541.29,0.0,131.02,432.91,1105.22,1885.13,Cash,Completed,4.3,Inspection,Delhi,BharatBenz 1015,Diesel,6
T04286,2025-02-24,V085,Truck,D041,Driver_041,3.8,R018,Bengaluru,Visakhapatnam,113.4,332,17.42,1906.36,0.0,436.87,1173.85,3517.08,5166.19,Cash,Completed,4.3,None,Bengaluru,Tata 407,Diesel,3
T04287,2025-03-30,V030,Sedan,D037,Driver_037,3.7,R061,Visakhapatnam,Hyderabad,34.1,112,2.2,221.87,0.0,65.11,490.95,777.93,943.43,Cash,Completed,3.5,Service,Visakhapatnam,Honda City,Petrol,10
T04288,2025-01-03,V092,SUV,D046,Driver_046,3.6,R004,Hyderabad,Pune,53.2,166,5.29,535.48,0.0,188.06,903.39,1626.93,1796.99,Net Banking,Completed,3.9,Inspection,Hyderabad,Toyota Innova,Diesel,5
T04289,2025-08-23,V060,Truck,D018,Driver_018,4.8,R075,Pune,Bengaluru,15.4,51,2.48,268.09,0.0,66.68,279.97,614.74,908.15,UPI,Completed,4.5,None,Pune,Tata 407,Diesel,10
T04290,2025-10-03,V041,Sedan,D030,Driver_030,4.0,R067,Pune,Bengaluru,100.9,330,6.23,641.78,0.0,239.22,1595.4,2476.4,2517.62,UPI,Completed,4.5,None,Pune,Maruti Dzire,Petrol,7
T04291,2025-07-21,V017,Van,D062,Driver_062,4.0,R077,Visakhapatnam,Chennai,24.8,52,2.32,238.39,0.0,60.51,188.37,487.27,1035.82,Card,Completed,4.2,None,Visakhapatnam,Tata Winger,Diesel,9
T04292,2025-06-19,V032,Van,D073,Driver_073,4.6,R023,Delhi,Bengaluru,36.4,113,3.94,423.04,0.0,95.31,405.34,923.69,1543.77,Card,Completed,3.8,None,Delhi,Tata Winger,Diesel,4
T04293,2025-03-18,V043,Truck,D108,Driver_108,3.7,R029,Bengaluru,Hyderabad,43.5,80,7.2,716.93,0.0,64.35,459.49,1240.77,162.89,COD,Cancelled,3.5,None,Bengaluru,Tata 407,Diesel,4
T04294,2025-12-05,V033,Sedan,D132,Driver_132,4.3,R037,Kochi,Hyderabad,24.0,39,1.49,147.32,8028.54,94.96,150.0,8420.82,678.7,Net Banking,Completed,4.2,Inspection,Kochi,Honda City,Petrol,12
T04295,2025-02-07,V056,Truck,D024,Driver_024,4.1,R016,Visakhapatnam,Bengaluru,78.8,168,10.97,1167.24,8021.07,290.26,550.07,10028.64,3799.54,Card,Completed,3.6,Service,Visakhapatnam,Tata 407,Diesel,9
T04296,2025-12-02,V034,Sedan,D094,Driver_094,5.0,R001,Bengaluru,Chennai,29.3,111,1.85,186.22,0.0,94.83,372.78,653.83,806.82,Cash,Completed,3.3,None,Bengaluru,Maruti Dzire,Petrol,10
T04297,2025-03-18,V030,Van,D083,Driver_083,3.7,R009,Bengaluru,Visakhapatnam,40.8,85,4.37,480.6,0.0,81.13,429.48,991.21,1523.23,Net Banking,Completed,3.9,Repair,Bengaluru,Force Traveller,Diesel,1
T04298,2025-01-25,V026,Sedan,D110,Driver_110,4.4,R008,Bengaluru,Visakhapatnam,67.3,125,4.46,466.99,0.0,176.44,520.96,1164.39,2021.72,UPI,Completed,5.0,Service,Bengaluru,Maruti Dzire,Petrol,8
T04299,2025-01-01,V034,Sedan,D060,Driver_060,3.6,R041,Delhi,Visakhapatnam,23.4,65,1.88,192.77,0.0,33.61,360.35,586.73,874.58,Net Banking,Completed,3.1,None,Delhi,Hyundai Verna,Petrol,4
T04300,2025-12-06,V039,Sedan,D047,Driver_047,4.7,R049,Mumbai,Delhi,17.3,36,1.08,110.12,6082.29,39.83,150.0,6382.24,497.96,Net Banking,Completed,3.2,None,Mumbai,Hyundai Verna,Petrol,7
T04301,2025-09-13,V031,Truck,D142,Driver_142,3.8,R056,Mumbai,Visakhapatnam,21.1,52,3.61,351.44,0.0,62.41,176.83,590.68,75.38,COD,Cancelled,3.7,Service,Mumbai,Tata 407,Diesel,7
T04302,2025-10-22,V078,Sedan,D009,Driver_009,3.8,R049,Pune,Bengaluru,67.9,116,5.19,541.09,7808.76,216.4,489.44,9055.69,1966.46,COD,Completed,4.1,None,Pune,Honda City,Petrol,4
T04303,2025-01-15,V089,SUV,D118,Driver_118,4.3,R078,Visakhapatnam,Delhi,14.7,67,1.15,116.27,0.0,40.58,243.67,400.52,741.78,UPI,Completed,5.0,None,Visakhapatnam,Toyota Innova,Diesel,9
T04304,2025-09-21,V020,SUV,D114,Driver_114,4.8,R015,Delhi,Hyderabad,122.3,239,9.14,980.17,,505.38,1285.43,2770.98,4022.29,UPI,Completed,5.0,Repair,Delhi,Toyota Innova,Diesel,3
T04305,2025-12-01,V007,Truck,D031,Driver_031,3.6,R068,Kochi,Bengaluru,24.2,43,4.06,398.07,0.0,40.55,163.79,602.41,1506.35,Net Banking,Completed,4.4,None,Kochi,Tata 407,Diesel,7
T04306,2025-06-06,V029,Sedan,D029,Driver_029,4.9,R079,Mumbai,Chennai,59.2,93,4.39,448.24,0.0,225.69,502.01,1175.94,1714.25,Cash,Completed,4.6,None,Mumbai,Honda City,Petrol,2
T04307,2025-01-14,V089,Sedan,D013,Driver_013,4.3,R029,Kochi,Delhi,21.1,63,1.66,179.98,0.0,47.93,252.35,480.26,586.88,UPI,Completed,3.8,None,Kochi,Maruti Dzire,Petrol,4
T04308,2025-12-26,V088,Sedan,D063,Driver_063,3.4,R077,Hyderabad,Chennai,54.3,133,4.15,420.81,6787.68,126.74,588.15,7923.38,1369.46,COD,Completed,4.7,None,Hyderabad,Honda City,Petrol,1
T04309,2025-01-30,V028,Truck,D044,Driver_044,3.4,R051,Hyderabad,Delhi,69.8,191,10.78,1185.55,0.0,178.4,801.93,2165.88,3469.4,COD,Completed,4.0,Inspection,Hyderabad,Ashok Leyland Dost,Diesel,12
T04310,2025-06-04,V013,SUV,D058,Driver_058,4.0,R023,Hyderabad,Chennai,6.3,27,0.55,58.75,0.0,9.74,150.0,218.49,378.28,UPI,Completed,4.5,None,Hyderabad,Toyota Innova,Diesel,8
T04311,2025-06-27,V094,Sedan,D066,Driver_066,5.0,R023,Kochi,Hyderabad,22.2,80,1.47,139.94,0.0,101.46,349.96,591.36,947.58,UPI,Completed,3.7,Service,Kochi,Maruti Dzire,Petrol,9
T04312,2025-07-22,V045,SUV,D092,Driver_092,3.2,R060,Chennai,Kochi,13.2,31,1.34,136.15,0.0,41.16,150.0,327.31,477.11,Net Banking,Completed,4.5,Service,Chennai,Toyota Innova,Diesel,2
T04313,2025-10-25,V001,Sedan,D066,Driver_066,4.1,R075,Kochi,Visakhapatnam,63.0,178,4.16,443.69,0.0,289.56,618.52,1351.77,1749.84,Cash,Completed,,Repair,Kochi,Honda City,Petrol,12
T04314,2025-10-12,V068,Van,D107,Driver_107,4.7,R043,Bengaluru,Pune,85.6,150,9.17,923.53,0.0,374.22,475.88,1773.63,3244.22,UPI,Completed,2.5,None,Bengaluru,Tata Winger,Diesel,1
T04315,2025-06-29,V018,Sedan,D045,Driver_045,5.0,R080,Visakhapatnam,Chennai,19.8,85,1.37,130.62,0.0,34.59,294.53,459.74,845.0,UPI,Completed,4.2,None,Visakhapatnam,Honda City,Petrol,1
T04316,2025-02-04,V005,SUV,D001,Driver_001,3.6,R002,Hyderabad,Delhi,36.3,115,3.17,316.98,0.0,67.72,383.11,767.81,1582.96,Card,Completed,2.7,Inspection,Hyderabad,Hyundai Creta,Diesel,12
T04317,2025-02-04,V044,Truck,D142,Driver_142,3.8,R048,Pune,Visakhapatnam,39.4,133,6.11,582.48,0.0,85.62,569.93,1238.03,1937.7,Net Banking,Completed,4.9,Service,Pune,Tata 407,Diesel,9
T04318,2025-11-11,V088,SUV,D112,Driver_112,3.6,R061,Visakhapatnam,Bengaluru,121.6,289,11.68,1178.36,7790.51,486.57,1261.37,10716.81,4040.71,UPI,Completed,3.3,None,Visakhapatnam,Hyundai Creta,Diesel,2
T04319,2025-03-20,V088,Sedan,D071,Driver_071,4.0,R066,Hyderabad,Delhi,34.0,66,2.43,260.59,0.0,60.56,265.74,586.89,852.94,UPI,Completed,4.0,Repair,Hyderabad,Maruti Dzire,Petrol,3
T04320,2025-02-22,V018,Sedan,D101,Driver_101,4.1,R050,Mumbai,Bengaluru,24.8,61,1.81,197.58,2946.02,58.88,310.15,3512.63,1032.4,Net Banking,Completed,3.7,None,Mumbai,Honda City,Petrol,10
T04321,2025-08-29,V091,Van,D033,Driver_033,3.8,R032,Pune,Chennai,47.1,138,4.51,481.1,1517.54,130.8,615.87,2745.31,1955.3,Cash,Completed,5.0,None,Pune,Tata Winger,Diesel,5
T04322,2025-02-02,V088,Truck,D148,Driver_148,5.0,R046,Chennai,Pune,15.1,46,2.0,190.56,0.0,50.91,259.71,501.18,741.19,UPI,Completed,3.5,None,Chennai,BharatBenz 1015,Diesel,7
T04323,2025-04-23,V084,Van,D021,Driver_021,4.2,R060,Chennai,Mumbai,75.0,242,7.28,793.84,0.0,136.45,1188.0,2118.29,2873.39,Net Banking,Completed,4.3,None,Chennai,Maruti Eeco,Diesel,9
T04324,2025-07-12,V051,SUV,D002,Driver_002,4.1,R072,Mumbai,Chennai,22.5,78,2.08,200.78,0.0,102.66,242.6,546.04,1056.02,COD,Completed,4.6,Inspection,Mumbai,Kia Seltos,Diesel,11
T04325,2025-03-05,V078,SUV,D047,Driver_047,4.2,R032,Hyderabad,Bengaluru,22.0,73,1.72,187.24,3120.05,69.67,420.55,3797.51,71.79,COD,Cancelled,3.6,None,Hyderabad,Kia Seltos,Diesel,3
T04326,2025-04-11,V008,Sedan,D054,Driver_054,4.9,R072,Mumbai,Pune,84.0,207,5.26,578.18,0.0,294.22,719.63,1592.03,2361.72,Net Banking,Completed,3.8,,Mumbai,Hyundai Verna,Petrol,6
T04327,2025-04-23,V100,Sedan,D110,Driver_110,4.6,R024,Hyderabad,Delhi,64.8,144,4.44,455.01,0.0,123.85,722.43,1301.29,1721.42,Net Banking,Completed,3.3,None,Hyderabad,Maruti Dzire,Petrol,10
T04328,2025-11-07,V021,Van,D073,Driver_073,4.1,R073,Bengaluru,Hyderabad,12.3,30,1.31,126.33,0.0,52.11,150.0,328.44,768.33,Net Banking,Completed,4.5,Inspection,Bengaluru,Tata Winger,Diesel,8
T04329,2025-11-23,V091,Van,D058,Driver_058,4.6,R004,Visakhapatnam,Delhi,65.0,196,6.86,717.87,0.0,184.86,1035.26,1937.99,146.31,Card,Cancelled,4.8,None,Visakhapatnam,Maruti Eeco,Diesel,2
T04330,2025-03-12,V093,SUV,D021,Driver_021,4.5,R047,Kochi,Mumbai,32.2,72,2.84,293.43,0.0,143.08,268.54,705.05,,Cash,Completed,4.3,None,Kochi,Toyota Innova,Diesel,4
T04331,2025-04-19,V042,SUV,D050,Driver_050,5.0,R064,Bengaluru,Visakhapatnam,31.6,102,2.78,268.69,0.0,145.38,593.49,1007.56,1453.93,COD,Completed,4.7,Service,Bengaluru,Hyundai Creta,Diesel,12
T04332,2025-03-27,V038,SUV,D138,Driver_138,3.8,R068,Pune,Kochi,42.1,144,3.57,374.46,0.0,107.83,800.85,1283.14,1391.25,UPI,Completed,4.3,Inspection,Pune,Hyundai Creta,Diesel,1
T04333,2025-01-23,V050,Truck,D048,Driver_048,4.4,R002,Hyderabad,Visakhapatnam,23.2,70,3.35,355.44,0.0,67.94,387.66,811.04,1129.29,Card,Completed,3.5,None,Hyderabad,BharatBenz 1015,Diesel,9
T04334,2025-02-26,V090,SUV ,D083,Driver_083,3.8,R028,Delhi,Mumbai,20.8,74,2.78,295.39,4079.96,86.73,340.28,4802.36,1365.85,COD,Completed,3.1,None,Delhi,Tata 407,Diesel,2
T04335,2025-03-25,V049,SUV,D009,Driver_009,4.3,R047,Pune,Mumbai,44.6,81,3.67,385.69,0.0,153.56,326.56,865.81,135.46,COD,Cancelled,3.3,Repair,Pune,Hyundai Creta,Diesel,12
T04336,2025-10-19,V003,SUV,D089,Driver_089,3.9,R001,Kochi,Pune,47.0,94,3.77,402.4,5128.6,112.08,338.31,5981.39,1947.62,COD,Completed,3.6,Inspection,Kochi,Toyota Innova,Diesel,4
T04337,2025-10-20,V097,Truck,D091,Driver_091,4.1,R009,Bengaluru,Chennai,20.2,64,3.5,376.36,4777.54,62.74,235.29,5451.93,1376.45,UPI,Completed,3.6,None,Bengaluru,Ashok Leyland Dost,Diesel,2
T04338,2025-04-12,V048,Truck,D147,Driver_147,2.9,R043,Delhi,Kochi,26.6,65,3.44,352.65,0.0,98.12,206.65,657.42,1384.46,Cash,Completed,2.7,Repair,Delhi,Tata 407,Diesel,5
T04339,2025-02-08,V038,Sedan,D145,Driver_145,4.0,R035,Chennai,Bengaluru,37.1,72,2.48,237.52,0.0,172.02,220.8,630.34,1315.77,Net Banking,Completed,3.8,Service,Chennai,Hyundai Verna,Petrol,12
T04340,2025-07-25,V070,Sedan,D021,Driver_021,4.9,R079,Kochi,Bengaluru,-30.5,64,1.92,200.77,0.0,126.24,232.11,559.12,1051.81,Card,Completed,3.2,Inspection,Kochi,Honda City,Petrol,5
T04341,2025-09-05,V029,SUV,D075,Driver_075,4.9,R035,Mumbai,Bengaluru,75.6,139,5.82,556.45,1076.44,101.53,480.89,2215.31,2529.96,Cash,Completed,4.9,None,Mumbai,Hyundai Creta,Diesel,2
T04342,2025-08-06,V006,Sedan,D102,Driver_102,3.8,R042,Mumbai,Delhi,36.6,81,2.24,237.03,0.0,122.47,402.81,762.31,1267.87,COD,Completed,4.5,Repair,Mumbai,Hyundai Verna,Petrol,7
T04343,2025-08-16,V039,SUV,D029,Driver_029,3.6,R045,Pune,Delhi,47.5,110,4.0,396.32,0.0,82.37,342.51,821.2,1550.25,Net Banking,Completed,3.0,Inspection,Pune,Toyota Innova,Diesel,3
T04344,2025-06-07,V052,SUV,D080,Driver_080,4.1,R058,Kochi,Bengaluru,33.7,74,2.65,253.92,1427.45,116.9,332.42,2130.69,1498.48,UPI,Completed,4.3,Inspection,Kochi,Kia Seltos,Diesel,1
T04345,2025-03-01,V073,Sedan,D019,Driver_019,4.2,R011,Visakhapatnam,Hyderabad,43.0,77,2.81,270.07,0.0,63.84,253.3,587.21,341.95,UPI,Cancelled,4.4,None,Visakhapatnam,Honda City,Petrol,1
T04346,2025-01-20,V001,Van,D120,Driver_120,4.1,R042,Delhi,Chennai,16.8,48,1.75,178.52,4574.37,57.2,230.58,5040.67,1005.92,UPI,Completed,2.9,None,Delhi,Maruti Eeco,Diesel,10
T04347,2025-01-23,V033,Sedan,D095,Driver_095,,R017,Delhi,Visakhapatnam,43.2,117,2.67,267.21,0.0,195.25,526.3,988.76,1247.04,COD,Completed,4.3,None,Delhi,Maruti Dzire,Petrol,9
T04348,2025-06-28,V083,Sedan,D020,Driver_020,4.6,R040,Visakhapatnam,Pune,9.6,43,0.73,76.66,0.0,13.24,169.84,259.74,677.78,UPI,Completed,3.7,Repair,Visakhapatnam,Hyundai Verna,Petrol,4
T04349,2025-01-10,V046,Van,D064,Driver_064,4.2,R067,Mumbai,Chennai,26.6,64,2.71,267.05,0.0,37.22,225.66,529.93,1193.9,COD,Completed,4.3,None,Mumbai,Maruti Eeco,Diesel,7
T04350,2025-09-27,V013,Sedan,D047,Driver_047,4.4,R043,Pune,Bengaluru,48.8,153,3.52,357.88,0.0,174.41,677.77,1210.06,294.59,COD,Cancelled,4.6,None,Pune,Maruti Dzire,Petrol,5
T04351,2025-07-10,V019,Truck,D055,Driver_055,3.7,R016,Bengaluru,Visakhapatnam,52.3,98,7.35,763.27,0.0,121.12,416.72,1301.11,2384.81,UPI,Completed,2.9,Repair,Bengaluru,BharatBenz 1015,Diesel,11
T04352,2025-02-05,V051,Truck,D139,Driver_139,4.2,R067,Mumbai,Chennai,51.9,109,7.89,792.86,0.0,82.82,459.69,1335.37,2518.24,Card,Completed,4.1,Repair,Mumbai,Tata 407,Diesel,4
T04353,2025-09-27,V043,Van,D052,Driver_052,3.9,R059,Pune,Visakhapatnam,42.7,103,4.31,410.23,0.0,180.26,527.69,1118.18,2031.9,Cash,Completed,5.0,Repair,Pune,Tata Winger,Diesel,11
T04354,2025-07-27,V100,Sedan,D046,Driver_046,4.0,R055,Kochi,Chennai,26.1,52,1.88,193.15,0.0,35.8,189.02,417.97,44.71,COD,Cancelled,3.9,None,Kochi,Maruti Dzire,Petrol,12
T04355,2025-02-18,V044,SUV,D046,Driver_046,4.4,R074,Kochi,Bengaluru,30.2,69,2.75,291.03,0.0,41.72,254.62,587.37,1367.44,UPI,Completed,3.4,None,Kochi,Kia Seltos,Diesel,8
T04356,2025-11-29,V017,Truck,D106,Driver_106,4.1,R058,Mumbai,Bengaluru,65.8,231,9.01,980.39,0.0,219.45,1190.59,2390.43,3047.48,Net Banking,Completed,4.1,None,Mumbai,Tata 407,Diesel,6
T04357,2025-12-20,V064,SUV,D004,Driver_004,4.0,R059,Hyderabad,Chennai,105.0,324,10.36,1111.62,4432.55,430.77,1701.96,7676.9,3456.9,Net Banking,Completed,4.2,None,Hyderabad,Kia Seltos,Diesel,9
T04358,2025-04-11,V032,Van,D058,Driver_058,4.6,R020,Visakhapatnam,Mumbai,9.7,31,0.99,95.13,0.0,32.37,163.31,290.81,863.48,Cash,Completed,3.7,Service,Visakhapatnam,Maruti Eeco,Diesel,12
T04359,2025-09-01,V014,Sedan,D126,Driver_126,4.8,R054,Delhi,Hyderabad,15.8,69,1.25,131.94,0.0,32.84,282.67,447.45,670.21,Card,Completed,,Repair,Delhi,Hyundai Verna,Petrol,2
T04360,2025-04-07,V006,SUV,D104,Driver_104,3.6,R040,Pune,Kochi,49.1,133,4.77,522.36,0.0,146.13,513.92,1182.41,1807.82,Net Banking,Completed,3.8,Inspection,Pune,Toyota Innova,Diesel,2
T04361,2025-04-03,V046,SUV,D055,Driver_055,3.4,R019,Bengaluru,Visakhapatnam,22.1,83,1.77,193.41,0.0,41.5,468.65,703.56,170.07,UPI,Cancelled,3.3,None,Bengaluru,Toyota Innova,Diesel,1
T04362,2025-12-21,V070,Sedan,D124,Driver_124,4.5,R077,Bengaluru,Chennai,74.1,253,5.37,523.51,0.0,134.25,1278.79,1936.55,2020.81,Card,Completed,3.7,Service,Bengaluru,Hyundai Verna,Petrol,10
T04363,2025-11-17,V003,Sedan,D141,Driver_141,3.8,R067,Hyderabad,Delhi,27.2,44,2.13,214.45,0.0,62.39,151.85,428.69,1075.26,Cash,Completed,4.6,Repair,Hyderabad,Hyundai Verna,Petrol,11
T04364,2025-01-01,V091,Truck,D074,Driver_074,4.7,R067,Visakhapatnam,Kochi,11.6,15,1.64,165.31,0.0,16.63,150.0,331.94,684.3,COD,Completed,4.3,None,Visakhapatnam,Tata 407,Diesel,8
T04365,2025-11-20,V003,Sedan,D081,Driver_081,4.3,R001,Visakhapatnam,Kochi,93.6,288,7.58,735.5,5448.81,137.8,1599.98,7922.09,712.8,UPI,Cancelled,4.5,None,Visakhapatnam,Honda City,Petrol,8
T04366,2025-03-10,V031,Van,D078,Driver_078,4.9,R046,Visakhapatnam,Delhi,60.1,209,6.01,629.18,0.0,277.47,898.09,1804.74,2515.27,Cash,Completed,3.2,None,Visakhapatnam,Tata Winger,Diesel,6
T04367,2025-02-12,V070,Sedan,D102,Driver_102,4.0,R065,Bengaluru,Visakhapatnam,15.3,15,0.96,91.73,0.0,24.22,150.0,265.95,716.71,UPI,Completed,3.9,None,Bengaluru,Honda City,Petrol,3
T04368,2025-10-07,V062,SUV,D105,Driver_105,4.4,R080,Delhi,Pune,15.7,74,1.41,142.06,0.0,46.24,341.9,530.2,881.18,Net Banking,Completed,3.8,None,Delhi,Kia Seltos,Diesel,5
T04369,2025-02-04,V089,SUV,D020,Driver_020,4.3,R058,Hyderabad,Visakhapatnam,52.6,173,4.2,417.66,0.0,119.31,734.73,1271.7,2123.66,UPI,Completed,5.0,Inspection,Hyderabad,Kia Seltos,Diesel,11
T04370,2025-11-26,V067,Sedan,D102,Driver_102,3.7,R022,Chennai,Mumbai,51.1,128,3.35,368.16,5290.3,233.2,728.52,6620.18,225.53,COD,Cancelled,3.9,Service,Chennai,Hyundai Verna,Petrol,10
T04371,2025-01-13,V017,Sedan,D119,Driver_119,4.1,R022,Kochi,Pune,12.4,21,0.88,88.47,3409.07,44.8,150.0,3692.34,361.61,Card,Completed,3.6,,Kochi,Maruti Dzire,Petrol,1
T04372,2025-03-12,V037,Sedan,D113,Driver_113,3.5,R078,Pune,Delhi,65.3,203,4.94,527.93,0.0,211.54,652.55,1392.02,1781.27,Card,Completed,4.3,None,Pune,Hyundai Verna,Petrol,7
T04373,2025-10-07,V044,Van,D148,Driver_148,4.2,R005,Visakhapatnam,Pune,39.4,116,4.76,490.16,0.0,95.11,384.97,970.24,1886.17,COD,Completed,3.4,Inspection,Visakhapatnam,Force Traveller,Diesel,5
T04374,2025-03-27,V069,Sedan,D119,Driver_119,4.0,R026,Bengaluru,Mumbai,47.9,158,3.05,324.38,0.0,188.39,584.86,1097.63,1313.73,Net Banking,Completed,3.5,None,Bengaluru,Honda City,Petrol,11
T04375,2025-01-17,V037,SUV,D084,Driver_084,4.1,R045,Kochi,Visakhapatnam,51.6,129,4.41,424.24,0.0,171.77,418.34,1014.35,2043.56,Cash,Completed,3.1,Repair,Kochi,Toyota Innova,Diesel,10
T04376,2025-04-29,V069,Truck,D030,Driver_030,4.4,R010,Pune,Visakhapatnam,156.7,273,21.36,2301.06,7765.53,655.22,990.17,11711.98,6837.86,COD,Completed,2.8,None,Pune,Tata 407,Diesel,6
T04377,2025-05-24,V057,SUV,D083,Driver_083,4.1,R006,Chennai,Kochi,34.4,51,2.6,265.19,0.0,87.95,176.0,529.14,285.68,Cash,Cancelled,4.1,None,Chennai,Toyota Innova,Diesel,4
T04378,2025-08-22,V015,SUV ,D058,Driver_058,3.9,R007,Kochi,Hyderabad,43.1,153,2.65,265.89,0.0,190.37,570.23,1026.49,1279.31,Cash,Completed,4.3,None,Kochi,Hyundai Verna,Petrol,10
T04379,2025-03-07,V013,Sedan,D099,Driver_099,3.9,R047,Hyderabad,Delhi,19.2,49,1.17,127.75,0.0,72.81,203.86,404.42,226.55,Cash,Cancelled,4.3,Inspection,Hyderabad,Honda City,Petrol,7
T04380,2025-12-04,V006,Truck,D150,Driver_150,3.1,R062,Pune,Mumbai,40.5,112,6.18,664.92,3168.47,105.54,452.15,4391.08,1949.75,Card,Completed,4.1,None,Pune,Ashok Leyland Dost,Diesel,7
T04381,2025-06-26,V084,Van,D105,Driver_105,4.4,R063,Chennai,Delhi,11.0,42,1.23,123.86,0.0,41.91,205.81,371.58,874.73,Cash,Completed,4.0,None,Chennai,Maruti Eeco,Diesel,3
T04382,2025-01-08,V061,Sedan,D051,Driver_051,4.0,R069,Hyderabad,Mumbai,33.5,112,2.59,251.53,0.0,86.4,538.22,876.15,1024.6,COD,Completed,3.8,None,Hyderabad,Honda City,Petrol,10
T04383,2025-05-01,V009,SUV,D003,Driver_003,3.1,R080,Delhi,Visakhapatnam,33.7,84,3.05,319.37,0.0,89.27,424.09,832.73,1375.48,UPI,Completed,3.8,Repair,Delhi,Toyota Innova,Diesel,6
T04384,2025-09-09,V006,SUV,D116,Driver_116,4.6,R080,Kochi,Pune,21.1,59,1.63,159.38,0.0,75.37,181.69,416.44,756.92,Card,Completed,4.4,Service,Kochi,Hyundai Creta,Diesel,5
T04385,2025-02-07,V086,Van,D060,Driver_060,5.0,R034,Bengaluru,Mumbai,15.7,50,1.41,135.02,0.0,60.98,213.83,409.83,158.62,COD,Cancelled,3.7,Service,Bengaluru,Maruti Eeco,Diesel,7
T04386,2025-03-10,V073,Van,D094,Driver_094,3.9,R071,Kochi,Visakhapatnam,17.7,29,1.6,159.05,0.0,60.46,150.0,369.51,928.37,Card,Completed,2.4,Inspection,Kochi,Tata Winger,Diesel,4
T04387,2025-06-14,V058,Sedan,D007,Driver_007,3.8,R055,Pune,Bengaluru,17.6,66,1.22,126.92,2953.32,40.7,337.67,3458.61,773.48,UPI,Completed,4.7,Repair,Pune,Hyundai Verna,Petrol,8
T04388,2025-10-07,V050,Sedan,D124,Driver_124,3.5,R059,Hyderabad,Delhi,36.6,120,2.5,243.29,0.0,79.44,583.43,906.16,1011.93,Cash,Completed,3.6,None,Hyderabad,Hyundai Verna,Petrol,5
T04389,2025-02-09,V046,Sedan,D110,Driver_110,3.5,R019,Bengaluru,Hyderabad,,68,3.49,353.89,0.0,64.78,353.22,771.89,1170.02,Card,Completed,4.7,Repair,Bengaluru,Maruti Dzire,Petrol,7
T04390,2025-01-05,V081,Truck,D102,Driver_102,2.9,R079,Delhi,Visakhapatnam,59.2,100,7.7,784.0,0.0,169.78,501.45,1455.23,2890.52,COD,Completed,3.6,Repair,Delhi,Ashok Leyland Dost,Diesel,9
T04391,2025-02-10,V054,Sedan,D131,Driver_131,3.7,R025,Bengaluru,,32.0,68,2.26,230.94,7817.18,58.29,249.84,8356.25,94.16,Net Banking,Cancelled,4.5,None,Bengaluru,Maruti Dzire,Petrol,7
T04392,2025-02-02,V003,Sedan,D051,Driver_051,4.0,R046,Delhi,Pune,128.7,372,9.01,897.03,0.0,586.48,2034.59,3518.1,3361.36,Net Banking,Completed,4.7,None,Delhi,Maruti Dzire,Petrol,11
T04393,2025-06-29,V064,Sedan,D127,Driver_127,4.6,R063,Pune,Delhi,7.7,44,0.56,54.12,0.0,15.19,173.92,243.23,149.3,COD,Cancelled,5.0,None,Pune,Hyundai Verna,Petrol,11
T04394,2025-09-07,V001,SUV,D018,Driver_018,3.7,R028,Hyderabad,Visakhapatnam,13.3,26,1.17,126.12,0.0,26.6,150.0,302.72,529.76,Net Banking,Completed,3.0,None,Hyderabad,Toyota Innova,Diesel,4
T04395,2025-09-14,V065,SUV,D016,Driver_016,4.2,R066,Kochi,Mumbai,28.0,79,2.68,263.01,7681.89,82.8,324.27,8351.97,1251.03,Net Banking,Completed,4.1,None,Kochi,Toyota Innova,Diesel,6
T04396,2025-12-07,V087,Truck,D058,Driver_058,4.1,R072,Visakhapatnam,Mumbai,56.8,115,9.36,928.44,0.0,90.43,440.61,1459.48,2614.58,,Completed,3.8,Inspection,Visakhapatnam,Tata 407,Diesel,11
T04397,2025-07-05,V032,Van,D020,Driver_020,5.0,R009,Delhi,Visakhapatnam,25.1,91,2.73,260.35,2688.9,89.3,413.92,3452.47,1094.09,Card,Completed,3.9,None,Delhi,Tata Winger,Diesel,9
T04398,2025-02-15,V014,Sedan,D147,Driver_147,3.0,R043,Kochi,Chennai,154.3,409,9.89,1084.86,1058.41,676.17,1938.73,4758.17,3689.66,Net Banking,Completed,4.6,Service,Kochi,Honda City,Petrol,3
T04399,2025-06-29,V067,Van,D147,Driver_147,4.1,R043,Pune,Bengaluru,42.1,78,3.9,378.24,0.0,169.33,288.07,835.64,1727.71,Net Banking,Completed,3.0,Service,Pune,Force Traveller,Diesel,5
T04400,2025-06-09,V092,SUV,D109,Driver_109,4.1,R031,Kochi,Pune,37.5,94,3.71,384.19,0.0,133.79,389.88,907.86,313.93,Card,Cancelled,4.0,Repair,Kochi,Kia Seltos,Diesel,10
T04401,2025-08-05,V056,Truck,D145,Driver_145,4.0,R029,Hyderabad,Chennai,36.9,65,4.73,498.81,3610.56,66.78,198.17,4374.32,1990.83,Cash,Completed,4.0,Repair,Hyderabad,Tata 407,Diesel,11
T04402,2025-01-24,V099,Sedan,D144,Driver_144,3.8,R001,Chennai,Pune,41.2,116,2.55,265.74,0.0,103.47,530.51,899.72,1115.6,UPI,Completed,4.3,None,Chennai,Honda City,Petrol,12
T04403,2025-03-15,V032,SUV,D027,Driver_027,5.0,R009,Hyderabad,Visakhapatnam,51.0,118,4.24,428.83,0.0,140.19,424.53,993.55,1967.8,Net Banking,Completed,4.1,Service,Hyderabad,Hyundai Creta,Diesel,1
T04404,2025-02-19,V004,Van,D060,Driver_060,4.6,R020,Bengaluru,Mumbai,24.4,64,2.58,253.28,0.0,83.83,336.9,674.01,1186.49,COD,Completed,4.0,Inspection,Bengaluru,Force Traveller,Diesel,8
T04405,2025-10-26,V027,Sedan,D105,Driver_105,4.4,R020,Hyderabad,Bengaluru,31.1,96,2.13,217.41,0.0,139.17,307.62,664.2,1201.64,COD,Completed,4.7,None,Hyderabad,Hyundai Verna,Petrol,5
T04406,2025-01-29,V010,Truck,D004,Driver_004,3.9,R006,Hyderabad,Kochi,46.8,134,6.21,645.47,8709.34,100.57,644.94,10100.32,2295.66,Card,Completed,4.6,None,Hyderabad,Ashok Leyland Dost,Diesel,5
T04407,2025-03-29,V025,Van,D065,Driver_065,3.7,R016,Kochi,Mumbai,75.0,230,8.36,809.14,0.0,156.71,714.62,1680.47,2929.77,COD,Completed,5.0,Inspection,Kochi,Force Traveller,Diesel,2
T04408,2025-05-28,V061,Van,D010,Driver_010,4.4,R063,Bengaluru,Pune,23.0,62,2.22,227.61,0.0,59.03,281.42,568.06,1206.72,Cash,Completed,3.3,Inspection,Bengaluru,Maruti Eeco,Diesel,11
T04409,2025-04-21,V037,SUV,D141,Driver_141,4.2,R006,Hyderabad,Delhi,22.6,48,2.29,247.67,3038.54,63.28,251.92,3601.41,188.31,COD,Cancelled,3.1,Repair,Hyderabad,Hyundai Creta,Diesel,9
T04410,2025-06-17,V080,Van,D070,Driver_070,4.7,R067,Mumbai,Pune,69.2,161,7.06,671.78,6035.04,120.67,711.63,7539.12,2609.69,Net Banking,Completed,3.4,Inspection,Mumbai,Tata Winger,Diesel,9
T04411,2025-03-29,V054,Sedan,D057,Driver_057,5.0,R078,Visakhapatnam,Hyderabad,33.8,104,2.27,245.96,0.0,115.71,496.8,858.47,1170.88,Cash,Completed,4.3,None,Visakhapatnam,Hyundai Verna,Petrol,10
T04412,2025-02-26,V009,Sedan,D029,Driver_029,3.8,R045,Mumbai,Chennai,18.3,56,1.33,130.31,0.0,81.86,182.34,394.51,722.03,Net Banking,Completed,4.1,None,Mumbai,Maruti Dzire,Petrol,7
T04413,2025-09-19,V018,Sedan,D041,Driver_041,3.8,R047,Pune,Mumbai,177.1,363,10.84,1116.64,0.0,705.43,1793.33,3615.4,4037.11,Cash,Completed,4.4,Repair,Pune,Maruti Dzire,Petrol,11
T04414,2025-01-31,V028,Sedan,D046,Driver_046,4.9,R024,Mumbai,Hyderabad,46.0,137,2.94,286.11,7855.9,87.43,647.75,8877.19,1164.87,COD,Completed,3.9,Inspection,Mumbai,Hyundai Verna,Petrol,3
T04415,2025-01-31,V098,Sedan,D105,Driver_105,3.8,R062,Delhi,Pune,57.1,191,4.07,400.85,0.0,128.85,583.2,1112.9,1801.65,Card,Completed,4.2,Service,Delhi,Hyundai Verna,Petrol,9
T04416,2025-05-20,V018,Van,D096,Driver_096,4.5,R040,Mumbai,Delhi,50.3,97,5.22,548.19,0.0,84.39,373.51,1006.09,7.73,COD,Cancelled,5.0,Inspection,Mumbai,Maruti Eeco,Diesel,7
T04417,2025-03-16,V052,Truck,D077,Driver_077,4.3,R025,Kochi,Mumbai,,60,4.87,473.24,0.0,94.73,276.32,844.29,2039.98,Net Banking,Completed,3.5,Service,Kochi,Ashok Leyland Dost,Diesel,10
T04418,2025-06-10,V027,Truck,D066,Driver_066,4.5,R077,Hyderabad,Visakhapatnam,47.9,104,,789.16,0.0,218.13,322.32,1329.61,2445.45,Card,Completed,4.6,None,Hyderabad,BharatBenz 1015,Diesel,9
T04419,2025-03-09,V004,Truck,D019,Driver_019,3.7,R007,Bengaluru,Chennai,21.1,84,2.76,264.29,2489.04,96.11,369.14,3218.58,121.43,UPI,Cancelled,4.3,None,Bengaluru,Ashok Leyland Dost,Diesel,11
T04420,2025-11-30,V073,SUV,D008,Driver_008,3.9,R033,Pune,Kochi,18.1,63,1.72,174.59,9851.8,47.35,353.02,10426.76,991.43,Net Banking,Completed,3.9,Repair,Pune,Kia Seltos,Diesel,3
T04421,2025-02-03,V040,Van,D044,Driver_044,3.8,R078,Mumbai,Bengaluru,41.6,108,4.15,425.21,0.0,159.87,515.94,1101.02,495.66,COD,Cancelled,3.9,None,Mumbai,Maruti Eeco,Diesel,11
T04422,2025-04-27,V049,Sedan,D033,Driver_033,4.9,R002,Hyderabad,Pune,20.4,39,1.43,155.11,0.0,55.47,150.0,360.58,98.84,Cash,Cancelled,4.6,None,Hyderabad,Hyundai Verna,Petrol,11
T04423,2025-11-22,V072,Sedan,D144,Driver_144,4.7,R048,Delhi,Chennai,29.0,76,1.76,177.18,0.0,118.55,402.85,698.58,285.63,Cash,Cancelled,3.6,Inspection,Delhi,Maruti Dzire,Petrol,7
T04424,2025-02-02,V069,Sedan,D011,Driver_011,3.6,R003,Delhi,Mumbai,95.7,288,6.37,658.33,0.0,277.29,1358.58,2294.2,2467.29,COD,Completed,2.4,None,Delhi,Honda City,Petrol,8
T04425,2025-12-30,V001,Sedan,D046,Driver_046,4.0,R079,Delhi,Kochi,8.9,30,0.58,59.6,0.0,34.04,150.0,243.64,89.74,,Cancelled,4.1,None,Delhi,Honda City,Petrol,12
T04426,2025-12-07,V097,Truck,D084,Driver_084,4.5,R036,Mumbai,Hyderabad,55.0,161,8.16,824.81,0.0,92.13,527.25,1444.19,2505.99,COD,Completed,4.4,None,Mumbai,BharatBenz 1015,Diesel,2
T04427,2025-06-18,V022,Sedan,D148,Driver_148,2.6,R002,Pune,Bengaluru,35.2,61,2.81,294.41,0.0,95.34,354.53,744.28,1204.16,COD,Completed,3.5,None,Pune,Honda City,Petrol,1
T04428,2025-09-06,V008,Van,D031,Driver_031,4.0,R025,Delhi,Pune,57.0,98,6.64,728.48,0.0,142.33,383.51,1254.32,2443.33,Card,Completed,3.6,None,Delhi,Maruti Eeco,Diesel,4
T04429,2025-08-11,V013,Sedan,D075,Driver_075,4.5,R038,Hyderabad,Delhi,20.3,47,1.43,151.25,0.0,46.53,264.42,462.2,834.46,Net Banking,Completed,3.2,Service,Hyderabad,Hyundai Verna,Petrol,12
T04430,2025-11-13,V023,Sedan,D094,Driver_094,4.1,R017,Delhi,Bengaluru,36.7,69,2.64,272.59,0.0,116.75,330.64,719.98,1324.57,UPI,Completed,3.7,None,Delhi,Honda City,Petrol,5
T04431,2025-01-05,V079,Van,D146,Driver_146,4.0,R058,Delhi,Visakhapatnam,119.2,388,13.9,1503.58,1981.98,494.23,2095.14,6074.93,4488.3,Card,Completed,4.0,Service,Delhi,Tata Winger,Diesel,12
T04432,2025-08-01,V027,Sedan,D079,Driver_079,5.0,R061,Visakhapatnam,Hyderabad,19.5,46,1.2,126.24,0.0,59.0,164.14,349.38,781.73,Cash,Completed,3.7,Service,Visakhapatnam,Honda City,Petrol,10
T04433,2025-11-01,V081,Van,D074,Driver_074,4.0,R055,Pune,Chennai,38.3,123,4.15,400.55,0.0,145.26,387.68,933.49,178.7,UPI,Cancelled,4.2,Inspection,Pune,Tata Winger,Diesel,7
T04434,2025-08-16,V072,Sedan,D017,Driver_017,3.9,R018,Mumbai,Pune,57.1,161,4.21,420.13,8165.81,186.88,878.06,9650.88,1524.5,UPI,Completed,3.8,Repair,Mumbai,Hyundai Verna,Petrol,7
T04435,2025-01-25,V099,SUV,D073,Driver_073,4.3,R073,Kochi,Bengaluru,28.2,95,2.41,264.53,1870.06,89.05,397.35,2620.99,76.14,UPI,Cancelled,4.0,Repair,Kochi,Hyundai Creta,Diesel,10
T04436,2025-02-12,V075,SUV,D103,Driver_103,3.7,R046,Visakhapatnam,Delhi,39.1,88,3.02,327.7,0.0,162.88,427.97,918.55,1676.29,COD,Completed,3.8,Inspection,Visakhapatnam,Hyundai Creta,Diesel,8
T04437,2025-07-31,V071,Truck,D134,Driver_134,3.4,R036,Visakhapatnam,Kochi,26.0,39,3.32,360.61,2043.14,80.99,199.16,2683.9,1203.25,Cash,Completed,3.3,Inspection,Visakhapatnam,Ashok Leyland Dost,Diesel,12
T04438,2025-09-03,V019,Sedan,D063,Driver_063,4.2,R077,Pune,Bengaluru,14.3,57,0.95,94.43,0.0,57.42,302.83,454.68,660.01,COD,Completed,4.2,None,Pune,Hyundai Verna,Petrol,11
T04439,2025-11-02,V100,Sedan,D042,Driver_042,3.9,R021,Chennai,Mumbai,47.5,119,2.92,304.02,8124.63,133.26,630.79,9192.7,1455.16,COD,Completed,3.9,Service,Chennai,Maruti Dzire,Petrol,8
T04440,2025-09-04,V016,Sedan,D068,Driver_068,3.8,R073,Delhi,Hyderabad,66.4,135,5.21,541.74,0.0,135.97,522.06,1199.77,1650.89,Cash,Completed,3.7,Repair,Delhi,Maruti Dzire,Petrol,12
T04441,2025-03-31,V030,Sedan,D037,Driver_037,4.9,R074,Mumbai,Pune,32.4,54,2.02,221.51,0.0,69.2,244.73,535.44,1090.3,UPI,Completed,4.2,None,Mumbai,Hyundai Verna,Petrol,3
T04442,2025-07-07,V055,Truck,D050,Driver_050,4.3,R059,Delhi,,85.2,279,14.6,1412.02,0.0,226.84,1612.17,3251.03,3750.14,Net Banking,Completed,2.6,Service,Delhi,Tata 407,Diesel,4
T04443,2025-06-26,V011,Van,D119,Driver_119,4.6,R047,Visakhapatnam,Pune,55.5,107,5.62,534.57,0.0,136.58,535.7,1206.85,2092.88,Net Banking,Completed,3.9,None,Visakhapatnam,Maruti Eeco,Diesel,5
T04444,2025-04-03,V083,Truck,D005,Driver_005,4.1,R076,Bengaluru,Visakhapatnam,40.0,113,5.15,493.41,0.0,94.28,369.84,957.53,1794.88,Net Banking,Completed,4.4,Repair,Bengaluru,Ashok Leyland Dost,Diesel,6
T04445,2025-07-21,V061,Sedan,D052,Driver_052,4.0,R024,Hyderabad,Delhi,32.4,77,2.17,231.85,0.0,146.3,430.1,808.25,1210.7,Cash,Completed,4.9,Service,Hyderabad,Honda City,Petrol,11
T04446,2025-05-24,V018,Truck,D040,Driver_040,4.0,R006,Visakhapatnam,Hyderabad,52.8,117,7.26,785.36,0.0,150.28,580.72,1516.36,2631.72,UPI,Completed,4.2,Repair,Visakhapatnam,Ashok Leyland Dost,Diesel,7
T04447,2025-01-12,V023,Van,D021,Driver_021,4.2,R027,Hyderabad,Bengaluru,26.7,80,,287.06,0.0,94.05,325.17,706.28,1081.84,Net Banking,Completed,3.5,None,Hyderabad,Force Traveller,Diesel,11
T04448,2025-02-08,V092,Sedan,D078,Driver_078,5.0,R078,Delhi,Hyderabad,23.3,65,1.4,142.78,0.0,43.83,229.28,415.89,894.63,UPI,Completed,3.9,Service,Delhi,Hyundai Verna,Petrol,1
T04449,2025-11-02,V084,Sedan,D036,Driver_036,3.8,R027,Delhi,Visakhapatnam,28.6,63,1.8,181.61,0.0,111.79,307.43,600.83,1086.91,COD,Completed,4.4,None,Delhi,Hyundai Verna,Petrol,10
T04450,2025-07-17,V087,Truck,D043,Driver_043,4.3,R080,Delhi,Kochi,52.6,116,7.05,682.85,0.0,178.27,426.13,1287.25,2507.63,UPI,Completed,3.8,None,Delhi,Tata 407,Diesel,4
T04451,2025-11-02,V064,Truck,D066,Driver_066,3.9,R054,Chennai,Hyderabad,95.0,175,16.44,1595.39,0.0,133.39,545.46,2274.24,4441.35,,Completed,3.5,Inspection,Chennai,Tata 407,Diesel,11
T04452,2025-08-18,V076,Truck,D113,Driver_113,4.8,R009,Chennai,Visakhapatnam,46.1,98,6.29,669.59,0.0,70.14,417.82,1157.55,2186.61,Card,Completed,3.5,Repair,Chennai,BharatBenz 1015,Diesel,1
T04453,2025-10-09,V019,Truck,D080,Driver_080,4.1,R069,Bengaluru,Pune,24.1,70,3.99,408.23,9037.28,67.68,350.48,9863.67,1130.15,Card,Completed,3.5,None,Bengaluru,Ashok Leyland Dost,Diesel,10
T04454,2025-03-11,V069,Sedan,D014,Driver_014,4.0,R032,Mumbai,Visakhapatnam,43.9,119,3.41,352.33,7085.87,141.64,427.27,8007.11,1244.75,COD,Completed,,None,Mumbai,Hyundai Verna,Petrol,10
T04455,2025-01-30,V060,Van,D131,Driver_131,4.5,R014,Visakhapatnam,Mumbai,99.3,176,8.99,857.75,0.0,278.83,785.67,1922.25,3601.07,Net Banking,Completed,4.4,None,Visakhapatnam,Force Traveller,Diesel,6
T04456,2025-05-16,V097,SUV,D141,Driver_141,4.6,R056,Bengaluru,Mumbai,22.5,50,1.96,190.04,9133.67,64.76,244.44,9632.91,836.16,COD,Completed,4.0,None,Bengaluru,Hyundai Creta,Diesel,4
T04457,2025-11-25,V066,Sedan,D106,Driver_106,3.7,R044,Mumbai,Chennai,81.9,164,6.62,635.15,0.0,316.99,952.75,1904.89,2065.74,UPI,Completed,5.0,Repair,Mumbai,Honda City,Petrol,6
T04458,2025-07-17,V074,Sedan,D091,Driver_091,4.3,R021,Hyderabad,Chennai,18.7,48,1.3,138.89,0.0,83.76,186.92,409.57,901.48,COD,Completed,4.4,None,Hyderabad,Maruti Dzire,Petrol,4
T04459,2025-05-09,V100,Sedan,D012,Driver_012,4.4,R048,Mumbai,Pune,141.5,270,8.71,885.38,0.0,326.31,1405.09,2616.78,3564.56,Card,Completed,4.5,Inspection,Mumbai,Hyundai Verna,Petrol,1
T04460,2025-04-15,V038,Sedan,D040,Driver_040,3.3,R068,Hyderabad,Bengaluru,58.0,100,4.39,447.36,0.0,129.78,580.87,1158.01,1814.25,Net Banking,Completed,3.9,Repair,Hyderabad,Hyundai Verna,Petrol,7
T04461,2025-07-17,V001,Sedan,D034,Driver_034,4.3,R047,Hyderabad,Mumbai,21.3,58,1.36,139.06,1836.49,66.4,174.47,2216.42,34.58,UPI,Cancelled,4.3,None,Hyderabad,Hyundai Verna,Petrol,6
T04462,2025-11-22,V018,SUV,D038,Driver_038,3.8,R049,Delhi,Mumbai,32.6,94,2.62,270.92,0.0,150.53,410.03,831.48,1167.09,COD,Completed,4.0,Service,Delhi,Kia Seltos,Diesel,3
T04463,2025-03-27,V057,Sedan,D120,Driver_120,3.7,R053,Delhi,Hyderabad,87.2,147,5.39,562.65,0.0,269.68,477.29,1309.62,2382.22,UPI,Completed,5.0,None,Delhi,Honda City,Petrol,9
T04464,2025-09-18,V014,Sedan,D092,Driver_092,4.2,R080,Chennai,Pune,39.8,134,2.58,275.07,0.0,123.57,402.33,800.97,1374.3,UPI,Completed,4.8,None,Chennai,Honda City,Petrol,3
T04465,2025-09-25,V088,SUV,D085,Driver_085,4.2,R014,Chennai,Kochi,33.9,64,2.57,262.98,0.0,130.14,333.9,727.02,1100.76,Net Banking,Completed,3.4,Repair,Chennai,Toyota Innova,Diesel,5
T04466,2025-08-04,V054,Sedan,D135,Driver_135,4.4,R049,Mumbai,Kochi,118.4,386,9.52,995.14,0.0,197.86,1733.03,2926.03,3043.19,Card,Completed,4.1,Repair,Mumbai,Maruti Dzire,Petrol,8
T04467,2025-04-03,V025,Van,D045,Driver_045,4.0,R015,Hyderabad,Bengaluru,35.6,59,,380.39,0.0,142.5,185.95,708.84,277.56,Card,Cancelled,4.3,None,Hyderabad,Tata Winger,Diesel,4
T04468,2025-03-08,V046,Sedan,D061,Driver_061,3.7,R065,Pune,,30.6,53,2.18,228.4,0.0,104.8,172.11,505.31,921.14,Net Banking,Completed,3.7,None,Pune,Honda City,Petrol,2
T04469,2025-12-25,V019,Truck,D071,Driver_071,4.5,R037,Mumbai,Bengaluru,44.7,99,7.4,790.61,0.0,204.76,450.1,1445.47,2349.56,COD,Completed,4.4,Service,Mumbai,BharatBenz 1015,Diesel,6
T04470,2025-02-08,V082,Sedan,D039,Driver_039,5.0,R070,Hyderabad,Bengaluru,15.5,39,1.24,124.35,0.0,68.78,150.0,343.13,62.54,COD,Cancelled,4.3,Repair,Hyderabad,Hyundai Verna,Petrol,12
T04471,2025-05-26,V038,Truck,D041,Driver_041,4.1,R043,Mumbai,Hyderabad,165.5,477,23.02,2501.23,0.0,643.77,1775.34,4920.34,7441.23,UPI,Completed,3.0,Inspection,Mumbai,Tata 407,Diesel,10
T04472,2025-08-25,V088,Van,D082,Driver_082,3.7,R021,Delhi,Mumbai,26.7,64,2.48,266.03,7722.54,109.2,347.41,8445.18,1240.17,UPI,Completed,5.0,None,Delhi,Tata Winger,Diesel,5
T04473,2025-02-08,V028,Truck,D124,Driver_124,3.7,R040,Visakhapatnam,Bengaluru,23.8,68,3.07,319.55,5227.19,38.07,314.51,5899.32,1390.46,COD,Completed,3.2,Repair,Visakhapatnam,Ashok Leyland Dost,Diesel,2
T04474,2025-07-25,V023,SUV,D016,Driver_016,4.1,R038,Delhi,Pune,133.4,355,11.4,1108.09,0.0,557.21,1829.17,3494.47,4201.94,Net Banking,Completed,3.7,Repair,Delhi,Kia Seltos,Diesel,10
T04475,2025-03-29,V002,Sedan,D105,Driver_105,4.0,R057,Pune,Mumbai,20.7,77,1.25,119.8,4009.67,64.31,398.18,4591.96,117.94,Card,Cancelled,4.1,None,Pune,Honda City,Petrol,2
T04476,2025-06-07,V058,Van,D135,Driver_135,4.1,R024,Visakhapatnam,Hyderabad,27.0,85,2.59,253.72,6229.85,59.76,436.08,6979.41,1316.0,UPI,Completed,4.6,Repair,Visakhapatnam,Maruti Eeco,Diesel,9
T04477,2025-11-17,V027,Sedan,D035,Driver_035,4.2,R006,Pune,Hyderabad,8.0,50,0.62,61.59,0.0,28.42,178.95,268.96,721.98,Card,Completed,5.0,Service,Pune,Maruti Dzire,Petrol,8
T04478,2025-11-10,V052,Truck,D031,Driver_031,4.3,R074,Chennai,Mumbai,29.1,75,3.81,375.87,3638.03,65.69,266.47,4346.06,1657.94,Card,Completed,4.0,None,Chennai,Tata 407,Diesel,4
T04479,2025-12-10,V017,SUV,D129,Driver_129,4.0,R017,Visakhapatnam,Kochi,90.0,213,7.66,829.82,0.0,337.44,689.05,1856.31,3188.94,COD,Completed,3.8,Service,Visakhapatnam,Toyota Innova,Diesel,8
T04480,2025-09-23,V052,Sedan,D140,Driver_140,4.1,R014,Bengaluru,Mumbai,56.5,134,3.9,422.02,0.0,228.94,456.15,1107.11,1687.76,Cash,Completed,3.9,None,Bengaluru,Honda City,Petrol,10
T04481,2025-07-21,V074,Truck,D043,Driver_043,3.9,R063,Hyderabad,Visakhapatnam,11.8,34,1.85,203.13,0.0,34.81,156.66,394.6,633.35,COD,Completed,2.6,None,Hyderabad,BharatBenz 1015,Diesel,1
T04482,2025-03-30,V066,Truck,D008,Driver_008,3.6,R054,Visakhapatnam,Kochi,14.7,54,2.22,229.35,0.0,47.82,294.1,571.27,30.99,UPI,Cancelled,3.4,Repair,Visakhapatnam,Ashok Leyland Dost,Diesel,9
T04483,2025-06-04,V097,SUV,D062,Driver_062,4.3,R063,Delhi,Pune,31.6,71,3.02,323.48,1850.05,51.85,345.21,2570.59,1194.85,COD,Completed,3.4,None,Delhi,Hyundai Creta,Diesel,2
T04484,2025-06-03,V098,Truck,D106,Driver_106,4.9,R034,Chennai,Delhi,30.8,65,4.53,489.66,7968.24,78.88,309.08,8845.86,1536.99,Net Banking,Completed,4.6,None,Chennai,BharatBenz 1015,Diesel,1
T04485,2025-01-30,V002,Truck,D132,Driver_132,3.8,R009,Bengaluru,Mumbai,97.7,299,16.87,1777.75,0.0,141.98,1683.81,3603.54,4645.53,Net Banking,Completed,4.6,Inspection,Bengaluru,BharatBenz 1015,Diesel,4
T04486,2025-09-26,V013,SUV,D143,Driver_143,4.1,R060,Pune,Mumbai,18.6,83,1.65,177.05,2939.54,41.64,477.59,3635.82,658.9,Card,Completed,4.1,None,Pune,Kia Seltos,Diesel,5
T04487,2025-04-13,V066,Truck,D140,Driver_140,3.6,R031,Pune,Chennai,22.4,88,3.26,339.8,0.0,49.17,304.27,693.24,1052.46,COD,Completed,3.5,Service,Pune,Ashok Leyland Dost,Diesel,3
T04488,2025-04-27,V039,Truck,D005,Driver_005,4.0,R032,Kochi,Visakhapatnam,34.8,79,5.49,544.41,3931.74,75.79,314.52,4866.46,1966.46,Net Banking,Completed,4.4,None,Kochi,BharatBenz 1015,Diesel,1
T04489,2025-06-13,V093,Truck,D042,Driver_042,4.1,R039,Visakhapatnam,Kochi,16.1,52,2.75,301.25,1686.4,59.38,158.64,2205.67,997.78,COD,Completed,4.0,Repair,Visakhapatnam,Ashok Leyland Dost,Diesel,6
T04490,2025-07-09,V020,Van,D081,Driver_081,5.0,R054,Chennai,Bengaluru,51.0,117,5.73,552.62,0.0,105.02,542.21,1199.85,170.15,,Cancelled,3.3,None,Chennai,Force Traveller,Diesel,10
T04491,2025-12-23,V087,SUV,D024,Driver_024,4.6,R030,Chennai,Visakhapatnam,89.5,265,7.01,704.29,0.0,281.9,1114.94,2101.13,615.81,Net Banking,Cancelled,3.2,Repair,Chennai,Toyota Innova,Diesel,2
T04492,2025-11-10,V087,Sedan,D014,Driver_014,4.4,R050,Bengaluru,Kochi,62.5,122,4.19,439.45,4534.65,198.03,617.02,5789.15,203.84,Cash,Cancelled,4.7,None,Bengaluru,Maruti Dzire,Petrol,5
T04493,2025-12-21,V028,Van,D129,Driver_129,3.8,R013,Bengaluru,Pune,133.4,345,12.59,1291.79,0.0,584.11,1231.86,3107.76,5019.94,Card,Completed,3.1,Service,Bengaluru,Force Traveller,Diesel,3
T04494,2025-03-05,V095,SUV,D106,Driver_106,4.0,R032,Bengaluru,Pune,58.4,181,5.42,529.75,0.0,117.74,706.4,1353.89,406.68,Cash,Cancelled,3.5,None,Bengaluru,Hyundai Creta,Diesel,8
T04495,2025-06-29,V023,Truck,D122,Driver_122,5.0,R036,Pune,Delhi,15.1,52,2.58,249.84,0.0,69.22,229.19,548.25,741.7,Card,Completed,4.9,Service,Pune,Ashok Leyland Dost,Diesel,4
T04496,2025-12-18,V097,SUV,D050,Driver_050,4.4,R037,Hyderabad,Mumbai,31.3,72,2.52,274.05,0.0,110.01,231.69,615.75,247.49,UPI,Cancelled,3.8,Inspection,Hyderabad,Hyundai Creta,Diesel,11
T04497,2025-06-08,V080,Van,D054,Driver_054,3.8,R013,Hyderabad,Pune,60.7,112,6.95,711.59,0.0,165.58,563.24,1440.41,2481.76,Cash,Completed,4.4,None,Hyderabad,Force Traveller,Diesel,11
T04498,2025-02-01,V097,Sedan,D069,Driver_069,3.9,R011,Bengaluru,Kochi,53.8,104,3.84,393.73,5894.45,193.84,364.9,6846.92,1467.99,Card,Completed,4.0,Inspection,Bengaluru,Hyundai Verna,Petrol,8
T04499,2025-05-30,V090,SUV,D026,Driver_026,4.1,R079,Hyderabad,Visakhapatnam,66.5,229,5.41,564.97,0.0,215.8,716.51,1497.28,2517.04,Card,Completed,4.5,None,Hyderabad,Hyundai Creta,Diesel,4
T04500,2025-05-07,V041,Sedan,D096,Driver_096,4.5,R078,Hyderabad,Pune,48.6,118,2.9,291.4,0.0,92.44,394.21,778.05,9.31,COD,Cancelled,4.5,None,Hyderabad,Hyundai Verna,Petrol,3
T04501,2025-07-03,V001,Van,D140,Driver_140,5.0,R067,Mumbai,Kochi,16.5,50,2.0,190.83,9299.05,39.64,249.9,9779.42,69.5,Cash,Cancelled,4.4,Service,Mumbai,Maruti Eeco,Diesel,6
T04502,2025-05-24,V029,Sedan,D126,Driver_126,4.9,R020,Visakhapatnam,Chennai,28.7,82,1.96,213.22,2695.11,124.54,377.83,3410.7,263.11,UPI,Cancelled,3.7,Inspection,Visakhapatnam,Maruti Dzire,Petrol,2
T04503,2025-02-10,V019,SUV,D041,Driver_041,3.7,R019,Visakhapatnam,Chennai,35.3,89,3.14,308.99,7400.08,89.42,502.64,8301.13,1281.9,COD,Completed,4.2,Service,Visakhapatnam,Kia Seltos,Diesel,9
T04504,2025-08-15,V025,SUV ,D007,Driver_007,3.6,R008,Hyderabad,Chennai,77.2,216,5.44,531.09,0.0,354.32,1058.57,1943.98,2124.82,upi,Completed,3.4,Service,Hyderabad,Honda City,Petrol,9
T04505,2025-03-11,V009,Sedan,D040,Driver_040,3.9,R024,Mumbai,Visakhapatnam,9.5,38,0.71,77.07,0.0,29.59,156.78,263.44,341.26,UPI,Completed,3.1,None,Mumbai,Hyundai Verna,Petrol,5
T04506,2025-05-15,V068,Sedan,D002,Driver_002,4.6,R038,Delhi,Mumbai,21.5,77,1.28,132.23,0.0,49.18,360.08,541.49,672.55,Cash,Completed,3.6,Inspection,Delhi,Maruti Dzire,Petrol,3
T04507,2025-08-30,V060,Sedan,D141,Driver_141,4.3,R052,Bengaluru,Kochi,16.6,52,1.05,113.66,0.0,72.13,270.56,456.35,553.9,Cash,Completed,3.1,Repair,Bengaluru,Maruti Dzire,Petrol,8
T04508,2025-04-26,V063,Sedan,D133,Driver_133,4.0,R066,Delhi,Hyderabad,15.8,47,1.18,129.19,0.0,29.14,217.73,376.06,451.15,COD,Completed,4.3,None,Delhi,Honda City,Petrol,3
T04509,2025-09-09,V023,Sedan,D140,Driver_140,3.6,R080,Mumbai,Hyderabad,9.1,16,0.67,64.31,0.0,26.88,150.0,241.19,295.33,Net Banking,Completed,3.8,None,Mumbai,Hyundai Verna,Petrol,8
T04510,2025-03-08,V099,SUV,D142,Driver_142,3.9,R039,Mumbai,Hyderabad,31.3,85,2.59,278.08,0.0,46.92,435.86,760.86,1274.39,Card,Completed,4.0,None,Mumbai,Kia Seltos,Diesel,10
T04511,2025-04-29,V046,Sedan,D136,Driver_136,4.0,R011,Pune,Hyderabad,23.8,51,1.51,159.18,0.0,55.49,261.15,475.82,850.2,Cash,Completed,4.5,None,Pune,Maruti Dzire,Petrol,8
T04512,2025-09-01,V009,Truck,D117,Driver_117,4.5,R057,Delhi,Mumbai,53.0,191,7.42,720.72,0.0,186.32,1095.92,2002.96,2507.84,Card,Completed,4.6,Inspection,Delhi,Ashok Leyland Dost,Diesel,1
T04513,2025-07-26,V031,Sedan,D069,Driver_069,4.1,R005,Chennai,Pune,55.9,133,3.75,409.72,0.0,208.22,514.43,1132.37,1547.47,Net Banking,Completed,4.0,Inspection,Chennai,Hyundai Verna,Petrol,7
T04514,2025-05-08,V092,SUV,D014,Driver_014,4.6,R078,Hyderabad,Pune,37.1,66,2.85,292.84,0.0,161.97,340.77,795.58,1204.56,Net Banking,Completed,3.8,Inspection,Hyderabad,Hyundai Creta,Diesel,1
T04515,2025-03-08,V073,Sedan,D091,Driver_091,4.0,R055,Visakhapatnam,Pune,16.9,41,1.34,132.46,6477.87,47.94,200.46,6858.73,8.27,UPI,Cancelled,4.4,None,Visakhapatnam,Hyundai Verna,Petrol,11
T04516,2025-03-18,V032,SUV,D024,Driver_024,2.9,R007,Bengaluru,Mumbai,40.5,130,3.09,298.39,0.0,174.45,628.09,1100.93,1349.43,COD,Completed,4.5,None,Bengaluru,Kia Seltos,Diesel,8
T04517,2025-11-07,V021,SUV,D019,Driver_019,4.3,R032,Hyderabad,Delhi,31.4,76,2.72,278.54,0.0,110.78,341.15,730.47,1294.01,Cash,Completed,3.7,Inspection,Hyderabad,Kia Seltos,Diesel,1
T04518,2025-04-09,V099,Truck,D040,Driver_040,4.2,R054,Mumbai,Pune,14.9,39,2.18,208.13,0.0,56.17,154.26,418.56,956.88,UPI,Completed,3.2,None,Mumbai,Tata 407,Diesel,4
T04519,2025-03-28,V009,SUV,D061,Driver_061,4.7,R073,Delhi,Visakhapatnam,48.4,161,3.99,426.49,0.0,73.97,601.01,1101.47,1666.84,COD,Completed,3.4,None,Delhi,Kia Seltos,Diesel,6
T04520,2025-05-30,V067,SUV,D093,Driver_093,4.0,R001,Kochi,Delhi,41.7,73,3.7,393.38,5644.55,108.99,320.18,6467.1,1785.4,UPI,Completed,4.6,Service,Kochi,Hyundai Creta,Diesel,4
T04521,2025-12-13,V056,Sedan,D039,Driver_039,4.3,R017,Chennai,Kochi,31.7,57,2.16,229.53,5245.9,90.89,315.67,5881.99,1065.26,,Completed,3.7,Repair,Chennai,Hyundai Verna,Petrol,10
T04522,2025-02-02,V037,SUV,D044,Driver_044,4.7,R015,Pune,Mumbai,12.7,38,1.28,135.28,0.0,33.63,193.33,362.24,634.39,Net Banking,Completed,4.1,None,Pune,Toyota Innova,Diesel,1
T04523,2025-09-20,V003,Sedan,D062,Driver_062,3.7,R022,Hyderabad,Kochi,23.9,52,1.56,167.88,0.0,100.73,224.43,493.04,12.36,Net Banking,Cancelled,4.0,Repair,Hyderabad,Maruti Dzire,Petrol,11
T04524,2025-04-21,V070,Van,D119,Driver_119,4.4,R028,Kochi,Chennai,65.2,119,7.38,710.93,0.0,131.74,653.62,1496.29,2655.51,UPI,Completed,3.4,Repair,Kochi,Maruti Eeco,Diesel,8
T04525,2025-11-08,V060,Van,D109,Driver_109,4.2,R025,Kochi,Pune,39.0,110,4.07,426.66,0.0,152.75,427.94,1007.35,305.24,Cash,Cancelled,3.7,Repair,Kochi,Tata Winger,Diesel,9
T04526,2025-03-27,V091,SUV,D056,Driver_056,3.2,R045,Mumbai,Delhi,49.0,101,4.7,460.28,0.0,66.39,487.85,1014.52,1836.24,Card,Completed,4.3,None,Mumbai,Kia Seltos,Diesel,9
T04527,2025-11-20,V040,Truck,D082,Driver_082,4.8,R012,Visakhapatnam,Pune,133.1,313,17.7,1834.18,3111.12,303.57,1013.61,6262.48,5707.42,COD,Completed,3.8,None,Visakhapatnam,BharatBenz 1015,Diesel,2
T04528,2025-03-28,V058,SUV,D057,Driver_057,3.4,R058,Kochi,Delhi,9.0,25,0.73,80.07,0.0,17.52,150.0,247.59,663.5,COD,Completed,4.6,None,Kochi,Toyota Innova,Diesel,10
T04529,2025-03-27,V004,Sedan,D144,Driver_144,4.7,R042,Hyderabad,Visakhapatnam,34.8,70,2.21,213.86,0.0,59.66,236.21,509.73,199.34,Card,Cancelled,4.7,Repair,Hyderabad,Maruti Dzire,Petrol,11
T04530,2025-03-14,V037,SUV,D137,Driver_137,4.8,R054,Delhi,Visakhapatnam,87.8,282,7.07,684.12,0.0,135.04,966.79,1785.95,3056.0,UPI,Completed,3.4,None,Delhi,Hyundai Creta,Diesel,3
T04531,2025-08-05,V082,Sedan,D088,Driver_088,5.0,R031,Hyderabad,,16.4,52,1.06,112.69,7617.07,72.14,232.78,8034.68,818.22,COD,Completed,5.0,None,Hyderabad,Hyundai Verna,Petrol,12
T04532,2025-05-30,V074,Van,D093,Driver_093,3.1,R078,Kochi,Delhi,26.0,39,2.92,300.16,0.0,100.36,200.06,600.58,252.21,Net Banking,Cancelled,2.6,None,Kochi,Tata Winger,Diesel,9
T04533,2025-09-10,V007,Van,D009,Driver_009,4.4,R024,Hyderabad,Visakhapatnam,46.8,157,4.96,521.11,0.0,165.08,588.02,1274.21,351.08,Card,Cancelled,3.5,None,Hyderabad,Maruti Eeco,Diesel,11
T04534,2025-06-17,V044,Sedan,D051,Driver_051,3.6,R008,Kochi,Chennai,14.6,55,1.17,127.11,5983.24,60.46,230.35,6401.16,559.83,Net Banking,Completed,4.8,Service,Kochi,Hyundai Verna,Petrol,12
T04535,2025-08-15,V038,Truck,D030,Driver_030,4.6,R071,Bengaluru,Visakhapatnam,52.4,92,7.01,725.63,0.0,104.36,453.14,1283.13,2717.26,UPI,Completed,5.0,None,Bengaluru,Ashok Leyland Dost,Diesel,6
T04536,2025-11-29,V065,Van,D032,Driver_032,4.8,R014,Visakhapatnam,Mumbai,12.5,59,1.14,108.65,0.0,40.24,264.72,413.61,531.09,Net Banking,Completed,3.9,Repair,Visakhapatnam,Tata Winger,Diesel,10
T04537,2025-12-07,V063,Sedan,D097,Driver_097,4.9,R001,Bengaluru,Mumbai,37.3,107,2.39,252.12,0.0,144.42,330.15,726.69,1283.86,UPI,Completed,4.5,Repair,Bengaluru,Honda City,Petrol,11
T04538,2025-09-17,V017,Van,D018,Driver_018,3.9,R066,Delhi,Chennai,-21.1,59,1.97,212.39,0.0,53.46,298.66,564.51,1124.19,upi,Completed,4.1,None,Delhi,Tata Winger,Diesel,10
T04539,2025-06-30,V067,Sedan,D127,Driver_127,3.8,R044,Bengaluru,Kochi,56.2,113,3.4,354.07,9292.03,134.44,344.38,10124.92,1367.36,Card,Completed,3.2,None,Bengaluru,Honda City,Petrol,10
T04540,2025-08-15,V055,Sedan,D135,Driver_135,3.8,R050,Pune,Bengaluru,44.7,130,2.9,301.66,0.0,99.48,665.25,1066.39,1194.54,Net Banking,Completed,3.6,Inspection,Pune,Maruti Dzire,Petrol,1
T04541,2025-10-26,V020,Sedan,D042,Driver_042,4.5,R037,Chennai,Mumbai,38.6,102,2.69,270.83,0.0,140.29,544.58,955.7,1309.55,COD,Completed,2.9,Inspection,Chennai,Honda City,Petrol,1
T04542,2025-02-23,V079,Truck,D024,Driver_024,4.3,R038,Delhi,Chennai,38.2,77,6.12,663.94,0.0,151.85,395.8,1211.59,189.81,Card,Cancelled,4.5,Service,Delhi,BharatBenz 1015,Diesel,8
T04543,2025-02-15,V088,Van,D048,Driver_048,4.0,R057,Hyderabad,Bengaluru,51.9,102,4.83,483.37,0.0,217.1,394.55,1095.02,2076.41,Cash,Completed,3.1,None,Hyderabad,Force Traveller,Diesel,2
T04544,2025-11-23,V052,Sedan,D029,Driver_029,3.3,R049,Hyderabad,Kochi,52.0,109,3.4,347.9,9256.97,70.25,402.31,10077.43,1579.69,Cash,Completed,3.2,Service,Hyderabad,Honda City,Petrol,12
T04545,2025-06-12,V084,SUV,D110,Driver_110,4.2,R061,Visakhapatnam,Chennai,108.8,191,8.8,925.65,0.0,328.46,670.52,1924.63,3631.25,UPI,Completed,3.4,Repair,Visakhapatnam,Toyota Innova,Diesel,6
T04546,2025-04-11,V074,Sedan,D047,Driver_047,4.3,R078,Chennai,Delhi,59.5,124,4.32,433.4,0.0,194.93,380.85,1009.18,492.77,Net Banking,Cancelled,4.8,Inspection,Chennai,Maruti Dzire,Petrol,4
T04547,2025-12-10,V027,Sedan,D132,Driver_132,3.6,R021,Delhi,Mumbai,98.0,268,7.17,683.37,0.0,453.32,992.69,2129.38,2364.48,Cash,Completed,4.8,None,Delhi,Honda City,Petrol,6
T04548,2025-07-03,V035,SUV,D035,Driver_035,4.7,R038,Delhi,Bengaluru,40.1,76,3.62,388.21,0.0,182.83,377.39,948.43,1286.1,Net Banking,Completed,3.6,None,Delhi,Hyundai Creta,Diesel,7
T04549,2025-11-30,V082,Sedan,D080,Driver_080,4.3,R030,Kochi,Bengaluru,33.8,109,2.54,274.53,0.0,45.17,406.66,726.36,1242.01,Card,Completed,,None,Kochi,Hyundai Verna,Petrol,2
T04550,2025-11-15,V100,Van,D053,Driver_053,4.1,R062,Visakhapatnam,Chennai,27.2,96,2.73,295.1,0.0,60.0,530.38,885.48,1436.45,Net Banking,Completed,4.4,Service,Visakhapatnam,Tata Winger,Diesel,7
T04551,2025-10-01,V045,Truck,D064,Driver_064,4.3,R035,Bengaluru,Hyderabad,85.4,279,11.38,1202.97,0.0,214.73,1438.54,2856.24,4.36,Cash,Cancelled,3.2,None,Bengaluru,Ashok Leyland Dost,Diesel,5
T04552,2025-01-11,V052,Van,D017,Driver_017,3.7,R068,Kochi,Pune,19.2,50,2.04,206.78,0.0,75.6,161.56,443.94,1004.95,UPI,Completed,4.5,Service,Kochi,Maruti Eeco,Diesel,10
T04553,2025-02-14,V025,Truck,D072,Driver_072,4.8,R078,Hyderabad,Bengaluru,121.3,300,19.07,2054.38,0.0,400.75,939.96,3395.09,619.9,Card,Cancelled,4.3,Repair,Hyderabad,Tata 407,Diesel,2
T04554,2025-03-26,V077,Van,D106,Driver_106,3.6,R067,Delhi,Mumbai,46.8,105,5.0,525.38,0.0,101.24,560.85,1187.47,1838.09,COD,Completed,3.7,Inspection,Delhi,Maruti Eeco,Diesel,5
T04555,2025-07-16,V005,Sedan,D065,Driver_065,4.5,R070,Visakhapatnam,Pune,33.2,69,2.19,226.88,0.0,122.96,233.02,582.86,976.43,UPI,Completed,4.4,Service,Visakhapatnam,Honda City,Petrol,3
T04556,2025-06-25,V057,Truck,D054,Driver_054,4.0,R079,Bengaluru,Kochi,63.9,200,9.54,1019.41,2332.96,243.02,647.35,4242.74,2834.28,Net Banking,Completed,2.9,Inspection,Bengaluru,BharatBenz 1015,Diesel,4
T04557,2025-09-30,V064,SUV,D011,Driver_011,4.5,R067,Mumbai,Chennai,124.5,394,11.58,1110.12,1460.18,487.7,2095.48,5153.48,4241.57,COD,Completed,4.7,Service,Mumbai,Kia Seltos,Diesel,11
T04558,2025-11-07,V062,Van,D014,Driver_014,4.5,R003,Hyderabad,Kochi,60.0,161,6.9,656.93,2754.26,147.16,904.94,4463.29,303.28,Net Banking,Cancelled,3.5,Service,Hyderabad,Force Traveller,Diesel,11
T04559,2025-05-07,V046,Van,D014,Driver_014,3.9,R027,Mumbai,Pune,90.3,142,8.92,977.49,3143.42,223.19,794.7,5138.8,770.73,UPI,Cancelled,3.6,Service,Mumbai,Maruti Eeco,Diesel,12
T04560,2025-01-13,V096,SUV,D136,Driver_136,4.6,R064,Pune,Kochi,35.4,67,3.48,367.14,0.0,73.61,291.37,732.12,1205.99,Cash,Completed,3.3,None,Pune,Hyundai Creta,Diesel,8
T04561,2025-05-26,V082,SUV,D110,Driver_110,3.9,R025,Pune,Hyderabad,21.1,64,1.8,195.95,0.0,68.27,200.07,464.29,1091.27,Card,Completed,3.7,Inspection,Pune,Toyota Innova,Diesel,8
T04562,2025-05-25,V068,SUV,D075,Driver_075,4.4,R026,Hyderabad,Pune,49.5,138,4.33,433.27,0.0,114.22,515.22,1062.71,1813.57,Net Banking,Completed,4.4,Service,Hyderabad,Hyundai Creta,Diesel,6
T04563,2025-10-04,V062,SUV,D108,Driver_108,3.5,R041,Delhi,Chennai,89.0,236,7.46,758.09,0.0,223.09,815.03,1796.21,2902.74,UPI,Completed,4.2,Inspection,Delhi,Hyundai Creta,Diesel,1
T04564,2025-07-02,V064,Van,D118,Driver_118,4.3,R073,Delhi,Hyderabad,37.1,71,3.99,381.17,5283.01,67.59,389.51,6121.28,1587.41,COD,Completed,4.2,Inspection,Delhi,Tata Winger,Diesel,10
T04565,2025-03-08,V068,Sedan,D002,Driver_002,3.4,R022,Visakhapatnam,Pune,63.9,176,4.81,484.72,9347.64,179.78,947.18,10959.32,1566.91,COD,Completed,4.2,None,Visakhapatnam,Hyundai Verna,Petrol,4
T04566,2025-02-01,V003,Van,D028,Driver_028,4.8,R005,Mumbai,Visakhapatnam,45.7,130,4.32,456.69,0.0,115.73,565.13,1137.55,1929.09,,Completed,4.8,None,Mumbai,Force Traveller,Diesel,8
T04567,2025-03-20,V025,Truck,D055,Driver_055,4.4,R074,Visakhapatnam,Delhi,24.9,76,3.36,327.22,0.0,94.46,315.38,737.06,1254.61,Card,Completed,4.0,Service,Visakhapatnam,Tata 407,Diesel,2
T04568,2025-02-12,V024,Van,D148,Driver_148,4.0,R004,Hyderabad,Kochi,7.0,33,0.66,64.01,2648.2,28.82,184.93,2925.96,747.72,Card,Completed,5.0,None,Hyderabad,Maruti Eeco,Diesel,8
T04569,2025-06-14,V062,Truck,D150,Driver_150,4.2,R001,Pune,Visakhapatnam,36.2,67,5.0,484.72,0.0,70.48,262.81,818.01,1845.94,Net Banking,Completed,4.2,Inspection,Pune,Tata 407,Diesel,11
T04570,2025-12-30,V081,Sedan,D135,Driver_135,4.1,R073,Delhi,Hyderabad,8.9,18,0.69,73.2,0.0,33.52,150.0,256.72,119.91,upi,Cancelled,3.4,None,Delhi,Hyundai Verna,Petrol,9
T04571,2025-10-29,V057,SUV,D059,Driver_059,5.0,R025,Visakhapatnam,Delhi,53.6,150,4.81,523.23,675.96,144.28,486.81,1830.28,475.91,Cash,Cancelled,3.7,Repair,Visakhapatnam,Toyota Innova,Diesel,3
T04572,2025-07-18,V036,SUV,D044,Driver_044,4.7,R052,Chennai,Pune,59.7,122,5.78,560.17,0.0,233.08,555.18,1348.43,50.14,Net Banking,Cancelled,4.0,Inspection,Chennai,Kia Seltos,Diesel,5
T04573,2025-04-19,V079,Sedan,D109,Driver_109,4.6,R023,Pune,Delhi,37.4,96,2.31,226.14,0.0,55.5,472.52,754.16,1075.93,Cash,Completed,4.7,Service,Pune,Maruti Dzire,Petrol,10
T04574,2025-07-14,V074,Van,D115,Driver_115,4.2,R053,Mumbai,Bengaluru,13.6,53,1.43,141.78,0.0,30.67,176.05,348.5,882.67,Cash,Completed,4.4,None,Mumbai,Force Traveller,Diesel,1
T04575,2025-07-04,V092,Van,D128,Driver_128,4.6,R063,Bengaluru,Chennai,42.3,128,4.23,462.48,2267.22,175.43,428.66,3333.79,111.1,Net Banking,Cancelled,4.2,Inspection,Bengaluru,Force Traveller,Diesel,2
T04576,2025-04-04,V089,Sedan,D061,Driver_061,3.8,R046,Hyderabad,Chennai,12.5,26,0.96,92.85,0.0,38.63,150.0,281.48,430.36,Net Banking,Completed,4.5,Inspection,Hyderabad,Hyundai Verna,Petrol,4
T04577,2025-06-21,V023,Truck,D074,Driver_074,4.0,R014,Kochi,Pune,122.9,196,19.06,1986.08,0.0,414.05,839.63,3239.76,5658.0,Net Banking,completed,5.0,Repair,Kochi,BharatBenz 1015,Diesel,4
T04578,2025-05-30,V075,Van,D049,Driver_049,3.6,R024,Mumbai,Kochi,44.8,72,4.2,457.4,0.0,141.26,299.43,898.09,141.39,Card,Cancelled,3.6,Service,Mumbai,Maruti Eeco,Diesel,9
T04579,2025-01-13,V037,Sedan,D021,Driver_021,4.8,R004,Delhi,Kochi,60.1,140,4.59,478.73,0.0,250.7,738.84,1468.27,1705.53,Net Banking,Completed,4.0,None,Delhi,Hyundai Verna,Petrol,5
T04580,2025-08-23,V014,Van,D123,Driver_123,4.1,R031,Bengaluru,Pune,45.7,109,4.79,511.09,0.0,198.1,445.03,1154.22,300.77,Net Banking,Cancelled,5.0,Repair,Bengaluru,Force Traveller,Diesel,5
T04581,2025-03-16,V066,Sedan,D003,Driver_003,3.8,R012,Hyderabad,Delhi,12.4,60,0.88,88.04,0.0,43.76,304.79,436.59,362.52,Cash,Completed,4.9,Inspection,Hyderabad,Maruti Dzire,Petrol,2
T04582,2025-06-26,V090,SUV,D078,Driver_078,4.3,R006,Delhi,Chennai,34.0,83,2.61,277.41,0.0,54.06,297.27,628.74,1220.99,UPI,Completed,4.2,None,Delhi,Hyundai Creta,Diesel,7
T04583,2025-04-08,V032,SUV,D140,Driver_140,5.0,R031,Pune,Chennai,11.7,20,1.09,111.9,0.0,50.99,150.0,312.89,499.11,UPI,Completed,4.6,Inspection,Pune,Hyundai Creta,Diesel,5
T04584,2025-10-24,V034,Van,D128,Driver_128,4.6,R070,Bengaluru,Delhi,60.3,94,5.86,615.26,2338.25,213.08,293.53,3460.12,2499.59,UPI,Completed,3.6,Repair,Bengaluru,Maruti Eeco,Diesel,5
T04585,2025-10-18,V016,Van,D123,Driver_123,3.7,R032,Visakhapatnam,Kochi,25.1,85,2.24,235.95,0.0,75.99,317.93,629.87,1428.29,Cash,Completed,4.9,None,Visakhapatnam,Maruti Eeco,Diesel,7
T04586,2025-03-15,V089,Sedan,D140,Driver_140,4.2,R040,Mumbai,Bengaluru,71.8,186,5.61,609.23,7385.39,271.1,758.01,9023.73,1901.95,UPI,Completed,5.0,Repair,Mumbai,Maruti Dzire,Petrol,1
T04587,2025-04-13,V058,Sedan,D127,Driver_127,4.2,R048,Mumbai,Hyderabad,24.4,76,1.66,176.67,0.0,96.15,277.97,550.79,1018.88,UPI,Completed,4.3,None,Mumbai,Maruti Dzire,Petrol,6
T04588,2025-08-07,V089,Sedan,D124,Driver_124,3.2,R062,Visakhapatnam,Chennai,38.7,119,2.61,266.75,6345.37,79.44,504.11,7195.67,1159.91,UPI,Completed,3.8,None,Visakhapatnam,Maruti Dzire,Petrol,9
T04589,2025-04-27,V057,SUV,D124,Driver_124,3.7,R059,Bengaluru,Hyderabad,108.3,246,9.61,1026.5,0.0,209.63,905.17,2141.3,3688.36,UPI,Completed,4.1,None,Bengaluru,Toyota Innova,Diesel,7
T04590,2025-08-17,V038,Truck,D007,Driver_007,4.5,R073,Delhi,Mumbai,59.7,165,10.39,1003.64,7016.97,92.19,856.37,8969.17,639.96,Net Banking,Cancelled,3.7,Repair,Delhi,Tata 407,Diesel,12
T04591,2025-03-27,V041,Sedan,D094,Driver_094,4.8,R025,Kochi,Bengaluru,55.1,134,3.53,362.6,7814.62,110.55,636.0,8923.77,1457.77,Cash,Completed,4.7,None,Kochi,Hyundai Verna,Petrol,2
T04592,2025-10-01,V019,Sedan,D134,Driver_134,3.9,R020,Kochi,Delhi,76.0,123,6.13,607.51,0.0,154.05,684.55,1446.11,538.66,UPI,Cancelled,4.2,None,Kochi,Honda City,Petrol,3
T04593,2025-06-12,V003,Sedan,D130,Driver_130,3.7,R011,Hyderabad,Mumbai,38.3,135,2.38,231.28,0.0,72.48,453.91,757.67,80.01,UPI,Cancelled,5.0,None,Hyderabad,Hyundai Verna,Petrol,7
T04594,2025-07-19,V080,Sedan,D116,Driver_116,3.8,R056,Chennai,Hyderabad,67.6,151,4.44,448.58,8675.45,202.76,794.36,10121.15,447.76,UPI,Cancelled,3.6,Service,Chennai,Honda City,Petrol,8
T04595,2025-10-25,V009,Truck,D135,Driver_135,4.0,R056,Chennai,Kochi,78.8,197,10.29,1126.93,4070.68,156.54,854.4,6208.55,3425.38,COD,Completed,4.0,None,Chennai,Ashok Leyland Dost,Diesel,11
T04596,2025-12-06,V001,SUV,D088,Driver_088,3.5,R012,Visakhapatnam,Chennai,38.0,79,3.83,402.83,0.0,106.19,376.24,885.26,1421.02,Cash,Completed,3.5,None,Visakhapatnam,Kia Seltos,Diesel,11
T04597,2025-01-24,V015,SUV,D089,Driver_089,5.0,R020,Bengaluru,Hyderabad,32.5,61,3.25,325.21,0.0,134.49,289.77,749.47,1060.63,UPI,Completed,4.7,None,Bengaluru,Kia Seltos,Diesel,2
T04598,2025-02-16,V045,Sedan,D001,Driver_001,4.7,R067,Mumbai,Bengaluru,30.0,50,2.21,221.11,2062.2,116.81,187.87,2587.99,1042.8,Net Banking,Completed,4.1,None,Mumbai,Honda City,Petrol,6
T04599,2025-04-03,V038,Sedan,D094,Driver_094,4.5,R070,Mumbai,Delhi,63.9,111,4.39,444.88,6388.46,150.09,364.31,7347.74,1742.75,UPI,Completed,4.3,Inspection,Mumbai,Maruti Dzire,Petrol,11
T04600,2025-07-29,V024,SUV,D099,Driver_099,4.1,R059,Hyderabad,Kochi,26.6,53,2.65,280.59,0.0,109.91,281.36,671.86,1072.24,Card,Completed,4.7,None,Hyderabad,Toyota Innova,Diesel,5
T04601,2025-03-04,V054,Van,D005,Driver_005,3.3,R057,Pune,Delhi,25.9,79,2.94,281.85,8244.87,70.04,261.44,8858.2,118.45,Net Banking,Cancelled,4.5,Service,Pune,Maruti Eeco,Diesel,10
T04602,2025-06-26,V015,SUV,D138,Driver_138,4.4,R043,Bengaluru,Kochi,49.2,139,4.6,481.21,6645.37,96.25,529.59,7752.42,1578.93,Card,Completed,2.5,Service,Bengaluru,Kia Seltos,Diesel,3
T04603,2025-07-31,V028,Van,D044,Driver_044,3.7,R048,Kochi,Pune,34.0,106,3.33,329.98,3290.29,132.88,357.79,4110.94,1664.09,COD,Completed,3.8,None,Kochi,Tata Winger,Diesel,2
T04604,2025-07-23,V022,Truck,D043,Driver_043,3.6,R012,Mumbai,Delhi,61.4,151,10.25,1115.54,0.0,219.03,750.16,2084.73,2842.69,UPI,Completed,3.5,Repair,Mumbai,Tata 407,Diesel,9
T04605,2025-07-11,V011,Sedan,D096,Driver_096,3.8,R010,Hyderabad,Visakhapatnam,53.8,85,3.7,362.67,5215.5,224.28,311.69,6114.14,1473.27,UPI,Completed,4.1,Service,Hyderabad,Hyundai Verna,Petrol,8
T04606,2025-10-29,V034,Sedan,D090,Driver_090,3.8,R043,Pune,Visakhapatnam,21.5,68,1.63,159.63,1458.32,93.33,385.14,2096.42,879.22,Net Banking,Completed,4.2,Repair,Pune,Maruti Dzire,Petrol,8
T04607,2025-10-06,V050,SUV,D053,Driver_053,3.5,R032,Bengaluru,Hyderabad,61.6,140,5.11,530.31,7585.27,282.66,779.48,9177.72,1947.94,UPI,Completed,4.8,Repair,Bengaluru,Kia Seltos,Diesel,9
T04608,2025-07-29,V040,Van,D100,Driver_100,4.4,R035,Visakhapatnam,Delhi,36.8,84,3.69,396.35,7219.19,136.54,411.89,8163.97,1403.53,Card,Completed,3.4,None,Visakhapatnam,Maruti Eeco,Diesel,12
T04609,2025-01-23,V021,Sedan,D046,Driver_046,3.1,R061,Chennai,Hyderabad,59.6,179,4.02,414.04,7985.74,227.98,965.86,9593.62,1856.04,Card,Completed,4.0,Repair,Chennai,Maruti Dzire,Petrol,6
T04610,2025-06-03,V038,Van,D090,Driver_090,4.7,R034,Chennai,Delhi,90.4,175,9.39,1032.08,0.0,303.79,905.25,2241.12,3508.21,Card,Completed,4.4,Repair,Chennai,Maruti Eeco,Diesel,6
T04611,2025-06-12,V016,Sedan,D104,Driver_104,4.6,R027,Bengaluru,Hyderabad,15.4,28,0.97,102.16,7154.89,23.38,150.0,7430.43,583.47,Card,Completed,4.5,None,Bengaluru,Honda City,Petrol,4
T04612,2025-04-08,V037,SUV,D107,Driver_107,5.0,R024,Hyderabad,Bengaluru,16.6,55,1.27,125.13,0.0,43.96,264.12,433.21,167.82,Cash,Cancelled,4.4,Repair,Hyderabad,Hyundai Creta,Diesel,7
T04613,2025-12-12,V031,Sedan,D141,Driver_141,3.8,R078,Kochi,Chennai,160.8,432,9.71,1014.14,0.0,227.38,2053.6,3295.12,3680.69,UPI,Completed,3.7,Repair,Kochi,Hyundai Verna,Petrol,4
T04614,2025-04-20,V071,SUV,D077,Driver_077,3.2,R039,Bengaluru,Delhi,135.1,232,11.99,1206.81,0.0,348.5,949.62,2504.93,4449.89,Card,Completed,4.2,None,Bengaluru,Hyundai Creta,Diesel,12
T04615,2025-05-02,V008,SUV,D022,Driver_022,3.8,R003,Delhi,,50.6,116,3.8,367.42,0.0,78.99,530.51,976.92,1638.09,upi,Completed,4.0,None,Delhi,Toyota Innova,Diesel,4
T04616,2025-04-18,V086,SUV,D082,Driver_082,4.6,R080,Visakhapatnam,Bengaluru,18.7,55,1.5,148.54,0.0,83.34,313.21,545.09,1020.11,Cash,Completed,5.0,None,Visakhapatnam,Hyundai Creta,Diesel,1
T04617,2025-06-08,V079,SUV,D037,Driver_037,4.0,R075,Pune,Chennai,65.3,211,4.87,483.15,0.0,279.33,927.52,1690.0,2152.94,COD,Completed,3.9,Repair,Pune,Kia Seltos,Diesel,1
T04618,2025-02-25,V100,Sedan,D145,Driver_145,2.6,R045,Bengaluru,Pune,28.7,93,2.03,221.9,0.0,57.16,294.24,573.3,763.92,Cash,Completed,5.0,Service,Bengaluru,Maruti Dzire,Petrol,2
T04619,2025-07-21,V051,Truck,D081,Driver_081,3.4,R003,Kochi,Chennai,28.5,69,3.91,376.24,0.0,69.69,288.34,734.27,392.68,Card,Cancelled,4.0,Service,Kochi,BharatBenz 1015,Diesel,5
T04620,2025-04-19,V083,Truck,D097,Driver_097,4.5,R079,Chennai,Delhi,58.4,120,8.82,941.91,0.0,111.63,605.18,1658.72,237.42,Cash,Cancelled,4.1,Repair,Chennai,Tata 407,Diesel,1
T04621,2025-06-13,V067,Sedan,D122,Driver_122,3.1,R062,Mumbai,Bengaluru,28.0,66,2.09,221.84,0.0,76.94,304.54,603.32,857.09,Net Banking,Completed,4.6,None,Mumbai,Maruti Dzire,Petrol,2
T04622,2025-05-26,V051,Van,D097,Driver_097,3.2,R070,Pune,Visakhapatnam,35.0,68,3.57,383.83,0.0,74.67,319.9,778.4,1472.21,Net Banking,Completed,4.7,None,Pune,Force Traveller,Diesel,3
T04623,2025-01-02,V081,SUV,D091,Driver_091,4.6,R058,Chennai,Kochi,35.3,79,2.69,283.11,0.0,77.34,400.66,761.11,1260.65,Cash,Completed,4.1,None,Chennai,Hyundai Creta,Diesel,5
T04624,2025-06-25,V003,Sedan,D076,Driver_076,3.8,R027,Visakhapatnam,Kochi,40.8,116,3.09,329.73,0.0,60.67,399.13,789.53,986.24,UPI,Completed,4.0,Inspection,Visakhapatnam,Honda City,Petrol,2
T04625,2025-01-10,V060,SUV,D127,Driver_127,5.0,R023,Bengaluru,Mumbai,67.3,129,6.31,666.65,7437.62,274.81,669.44,9048.52,2461.38,Cash,Completed,4.1,None,Bengaluru,Hyundai Creta,Diesel,9
T04626,2025-01-08,V026,Sedan,D034,Driver_034,4.5,R079,Hyderabad,Pune,62.7,175,3.87,390.71,0.0,145.21,726.06,1261.98,1805.22,,Completed,3.9,Service,Hyderabad,Maruti Dzire,Petrol,7
T04627,2025-12-09,V075,SUV,D105,Driver_105,4.6,R048,Chennai,Bengaluru,109.6,323,9.78,1010.23,0.0,213.78,1813.0,3037.01,3632.33,Cash,Completed,3.0,Service,Chennai,Kia Seltos,Diesel,12
T04628,2025-05-08,V054,Sedan,D126,Driver_126,,R060,Bengaluru,Pune,19.9,70,1.42,150.92,0.0,58.92,251.68,461.52,638.83,Card,Completed,3.7,Inspection,Bengaluru,Honda City,Petrol,4
T04629,2025-04-05,V005,Sedan,D119,Driver_119,4.0,R077,Hyderabad,Visakhapatnam,26.6,56,1.64,171.9,0.0,62.51,320.2,554.61,224.53,Card,Cancelled,5.0,Inspection,Hyderabad,Maruti Dzire,Petrol,6
T04630,2025-04-14,V015,Sedan,D068,Driver_068,4.5,R061,Mumbai,Chennai,25.0,37,1.92,206.75,0.0,65.04,150.0,421.79,721.75,COD,Completed,3.9,Service,Mumbai,Maruti Dzire,Petrol,7
T04631,2025-02-25,V073,SUV,D043,Driver_043,3.8,R038,Delhi,Visakhapatnam,63.3,153,5.42,557.3,0.0,208.88,520.87,1287.05,2192.02,Card,Completed,3.5,None,Delhi,Toyota Innova,Diesel,11
T04632,2025-03-19,V091,Van,D005,Driver_005,3.9,R032,Visakhapatnam,Pune,22.3,89,2.43,259.17,0.0,46.13,379.79,685.09,960.56,Net Banking,Completed,3.7,None,Visakhapatnam,Force Traveller,Diesel,1
T04633,2025-09-28,V073,Sedan,D024,Driver_024,4.1,R061,Delhi,Pune,23.7,64,1.68,175.82,0.0,38.03,360.51,574.36,666.71,Cash,Completed,4.4,Repair,Delhi,Hyundai Verna,Petrol,12
T04634,2025-01-13,V065,Truck,D130,Driver_130,3.5,R002,Chennai,Hyderabad,60.7,150,8.07,769.06,0.0,133.21,789.94,1692.21,2764.97,COD,Completed,5.0,Inspection,Chennai,Tata 407,Diesel,9
T04635,2025-07-07,V003,SUV,D085,Driver_085,4.2,R005,Mumbai,Hyderabad,42.4,95,3.16,306.78,0.0,128.51,343.02,778.31,1797.91,UPI,Completed,4.5,Repair,Mumbai,Toyota Innova,Diesel,4
T04636,2025-11-11,V040,Truck,D141,Driver_141,5.0,R030,Chennai,Visakhapatnam,47.8,123,-6.22,653.04,0.0,141.0,659.07,1453.11,2093.43,Card,Completed,4.7,None,Chennai,BharatBenz 1015,Diesel,6
T04637,2025-11-18,V100,SUV,D055,Driver_055,4.1,R069,Bengaluru,Kochi,62.2,173,5.89,611.59,4840.87,180.24,768.55,6401.25,102.05,COD,Cancelled,3.8,Service,Bengaluru,Kia Seltos,Diesel,12
T04638,2025-07-22,V078,Sedan,D060,Driver_060,4.2,R046,Kochi,Chennai,7.4,15,0.53,51.75,8294.94,15.84,150.0,8512.53,478.79,Card,Completed,3.6,None,Kochi,Honda City,Petrol,3
T04639,2025-11-14,V078,Sedan,D039,Driver_039,4.4,R044,Bengaluru,Delhi,26.5,99,1.85,187.71,0.0,114.79,418.77,721.27,886.15,Cash,Completed,3.9,Inspection,Bengaluru,Maruti Dzire,Petrol,8
T04640,2025-09-01,V062,Van,D037,Driver_037,3.1,R060,Chennai,Kochi,32.9,72,3.23,324.52,0.0,74.54,416.46,815.52,1449.72,UPI,Completed,4.6,Service,Chennai,Maruti Eeco,Diesel,11
T04641,2025-08-17,V098,Truck,D107,Driver_107,4.4,R023,Delhi,Hyderabad,62.5,143,8.52,935.8,5712.73,183.21,585.31,7417.05,2867.31,Net Banking,Completed,4.3,Service,Delhi,BharatBenz 1015,Diesel,11
T04642,2025-02-02,V010,SUV,D133,Driver_133,4.7,R078,Mumbai,Pune,30.5,75,3.05,318.87,0.0,122.47,362.61,803.95,1060.6,COD,Completed,3.1,Inspection,Mumbai,Kia Seltos,Diesel,4
T04643,2025-07-25,V095,Van,D147,Driver_147,4.4,R061,Chennai,Bengaluru,37.4,102,4.27,445.25,0.0,134.81,449.1,1029.16,1640.09,Card,Completed,4.1,None,Chennai,Tata Winger,Diesel,8
T04644,2025-06-27,V005,SUV,D096,Driver_096,4.8,R074,Delhi,Hyderabad,67.2,165,5.67,595.82,0.0,248.14,697.12,1541.08,2209.61,Cash,Completed,3.3,Repair,Delhi,Toyota Innova,Diesel,12
T04645,2025-06-14,V049,SUV ,D091,Driver_091,4.4,R072,Chennai,Kochi,39.3,81,2.62,287.79,0.0,86.98,353.51,728.28,1181.6,Cash,Completed,3.2,Repair,Chennai,Maruti Dzire,Petrol,5
T04646,2025-12-07,V034,Sedan,D066,Driver_066,4.2,R016,Delhi,Hyderabad,13.4,46,1.06,106.37,0.0,47.66,247.24,401.27,18.42,Card,Cancelled,3.3,None,Delhi,Honda City,Petrol,4
T04647,2025-12-21,V066,SUV,D045,Driver_045,3.7,R068,Pune,Delhi,22.9,79,2.03,219.75,1540.34,98.32,401.71,2260.12,148.53,Cash,Cancelled,3.7,Repair,Pune,Toyota Innova,Diesel,6
T04648,2025-04-30,V053,SUV,D034,Driver_034,3.6,R042,Pune,Visakhapatnam,58.7,130,5.94,620.88,0.0,216.83,725.1,1562.81,1902.32,Cash,Completed,2.7,None,Pune,Kia Seltos,Diesel,6
T04649,2025-07-15,V062,Truck,D013,Driver_013,4.4,R032,Chennai,Bengaluru,36.1,75,5.04,510.27,0.0,62.26,334.31,906.84,1624.7,COD,Completed,3.2,Inspection,Chennai,Ashok Leyland Dost,Diesel,12
T04650,2025-12-11,V053,Truck,D127,Driver_127,5.0,R041,Mumbai,Pune,40.8,83,5.64,617.03,0.0,73.27,397.51,1087.81,2145.56,UPI,Completed,4.0,Inspection,Mumbai,Ashok Leyland Dost,Diesel,12
T04651,2025-12-16,V081,SUV,D035,Driver_035,3.8,R046,Visakhapatnam,Chennai,39.8,105,3.32,332.07,0.0,127.08,520.55,979.7,1548.52,UPI,Completed,4.7,None,Visakhapatnam,Toyota Innova,Diesel,4
T04652,2025-04-10,V061,Sedan,D103,Driver_103,3.5,R016,Hyderabad,Kochi,72.7,134,5.91,649.65,0.0,122.69,615.99,1388.33,1728.39,UPI,Completed,4.0,None,Hyderabad,Honda City,Petrol,1
T04653,2025-11-20,V022,Truck,D049,Driver_049,3.6,R077,Kochi,Chennai,33.4,102,5.08,521.99,0.0,65.27,358.89,946.15,1717.09,Net Banking,Completed,4.2,None,Kochi,BharatBenz 1015,Diesel,4
T04654,2025-08-26,V025,Van,D063,Driver_063,4.0,R014,Delhi,Bengaluru,74.7,111,7.42,805.89,0.0,303.84,382.28,1492.01,2946.77,Net Banking,Completed,3.5,None,Delhi,Maruti Eeco,Diesel,2
T04655,2025-05-25,V084,Van,D046,Driver_046,4.1,R032,Mumbai,Bengaluru,37.4,109,4.31,473.21,2905.52,153.21,604.07,4136.01,1825.88,UPI,Completed,4.6,None,Mumbai,Force Traveller,Diesel,7
T04656,2025-01-25,V042,Sedan,D052,Driver_052,3.8,R064,Hyderabad,Visakhapatnam,8.6,37,0.56,58.05,0.0,39.71,191.8,289.56,430.73,Net Banking,Completed,,Inspection,Hyderabad,Hyundai Verna,Petrol,3
T04657,2025-09-25,V006,Sedan,D146,Driver_146,3.8,R033,Delhi,Pune,11.1,44,0.78,75.88,0.0,23.13,240.23,339.24,584.33,Net Banking,Completed,4.0,None,Delhi,Honda City,Petrol,6
T04658,2025-10-07,V052,Van,D015,Driver_015,4.7,R030,Bengaluru,Hyderabad,,233,10.43,1122.53,0.0,222.73,890.67,2235.93,4245.58,Card,Completed,3.4,None,Bengaluru,Tata Winger,Diesel,6
T04659,2025-11-06,V095,Sedan,D060,Driver_060,4.3,R028,Chennai,Visakhapatnam,66.1,112,4.48,452.52,3849.85,172.65,634.24,5109.26,1970.15,Card,Completed,3.9,None,Chennai,Maruti Dzire,Petrol,4
T04660,2025-12-27,V041,Truck,D118,Driver_118,3.4,R024,Chennai,Visakhapatnam,25.7,50,3.42,329.27,0.0,119.66,187.66,636.59,1549.25,COD,Completed,3.5,,Chennai,Ashok Leyland Dost,Diesel,4
T04661,2025-11-07,V042,Sedan,D026,Driver_026,4.2,R041,Hyderabad,Chennai,43.0,79,3.32,362.32,9586.64,189.94,400.52,10539.42,1369.65,UPI,Completed,4.2,Service,Hyderabad,Hyundai Verna,Petrol,4
T04662,2025-06-20,V098,Sedan,D110,Driver_110,3.4,R059,Visakhapatnam,Hyderabad,45.6,119,3.21,315.66,0.0,135.81,622.15,1073.62,1290.83,COD,Completed,4.2,None,Visakhapatnam,Honda City,Petrol,12
T04663,2025-06-28,V067,Truck,D128,Driver_128,3.9,R057,Bengaluru,Kochi,31.4,91,4.97,520.57,0.0,111.66,336.51,968.74,1561.63,UPI,Completed,3.5,None,Bengaluru,Tata 407,Diesel,10
T04664,2025-08-29,V061,Van,D134,Driver_134,3.9,R016,Chennai,Delhi,71.3,158,6.89,731.31,0.0,315.21,867.55,1914.07,2999.02,UPI,Completed,4.8,None,Chennai,Tata Winger,Diesel,2
T04665,2025-04-22,V061,SUV,D063,Driver_063,4.5,R028,Kochi,Chennai,43.1,128,3.49,371.04,0.0,66.82,544.45,982.31,1524.31,UPI,Completed,3.3,Service,Kochi,Kia Seltos,Diesel,1
T04666,2025-07-05,V044,Sedan,D017,Driver_017,3.9,R016,Kochi,Delhi,32.4,118,2.25,232.73,0.0,50.68,645.15,928.56,1135.88,UPI,Completed,4.3,Repair,Kochi,Honda City,Petrol,9
T04667,2025-11-04,V010,Truck,D011,Driver_011,4.2,R021,Chennai,Pune,35.3,86,4.93,495.17,0.0,108.58,442.92,1046.67,363.12,UPI,Cancelled,5.0,None,Chennai,Tata 407,Diesel,3
T04668,2025-11-05,V023,Truck,D048,Driver_048,3.2,R071,Visakhapatnam,Bengaluru,16.2,29,2.24,246.37,0.0,68.69,150.0,465.06,933.99,Net Banking,Completed,3.2,None,Visakhapatnam,BharatBenz 1015,Diesel,6
T04669,2025-02-24,V042,Sedan,D094,Driver_094,3.7,R051,Mumbai,Visakhapatnam,28.7,59,1.93,195.78,0.0,79.67,320.18,595.63,789.71,Card,Completed,4.3,None,Mumbai,Maruti Dzire,Petrol,5
T04670,2025-10-16,V093,Sedan,D033,Driver_033,3.6,R052,Visakhapatnam,Mumbai,27.3,83,1.7,167.31,0.0,117.02,376.31,660.64,935.62,Cash,Completed,5.0,Service,Visakhapatnam,Hyundai Verna,Petrol,10
T04671,2025-03-11,V080,Van,D056,Driver_056,4.1,R068,Pune,Mumbai,,58,1.92,204.88,2759.54,75.12,294.73,3334.27,1217.59,COD,Completed,4.1,Inspection,Pune,Maruti Eeco,Diesel,9
T04672,2025-08-13,V073,Sedan,D024,Driver_024,4.0,R077,Hyderabad,Bengaluru,22.0,101,1.31,135.5,0.0,93.53,336.38,565.41,983.37,UPI,Completed,4.2,Service,Hyderabad,Maruti Dzire,Petrol,12
T04673,2025-03-07,V038,Van,D013,Driver_013,3.7,R021,Mumbai,Hyderabad,54.3,177,5.12,562.21,0.0,249.5,840.98,1652.69,1983.93,Cash,Completed,3.4,None,Mumbai,Force Traveller,Diesel,12
T04674,2025-07-22,V043,SUV,D047,Driver_047,3.3,R011,Kochi,Hyderabad,55.2,150,5.04,504.59,5390.99,88.47,616.85,6600.9,1996.89,Net Banking,Completed,3.4,Service,Kochi,Hyundai Creta,Diesel,4
T04675,2025-09-10,V041,SUV,D068,Driver_068,4.7,R047,Chennai,Bengaluru,25.5,84,1.94,192.29,3644.94,64.75,391.71,4293.69,864.67,Net Banking,Completed,4.0,Inspection,Chennai,Hyundai Creta,Diesel,5
T04676,2025-10-01,V010,Truck,D122,Driver_122,3.9,R013,Bengaluru,Visakhapatnam,36.7,85,6.34,625.4,4906.56,150.31,482.1,6164.37,1943.76,Net Banking,Completed,,None,Bengaluru,BharatBenz 1015,Diesel,3
T04677,2025-11-23,V019,Truck,D107,Driver_107,4.4,R056,Bengaluru,Delhi,99.7,225,14.45,1421.54,0.0,240.21,1012.78,2674.53,732.55,Card,Cancelled,4.5,None,Bengaluru,Tata 407,Diesel,10
T04678,2025-05-23,V024,Sedan,D042,Driver_042,4.2,R022,Kochi,Visakhapatnam,12.2,36,0.78,81.72,6080.92,27.99,150.0,6340.63,352.46,Cash,Completed,4.1,None,Kochi,Honda City,Petrol,12
T04679,2025-08-21,V062,Sedan,D082,Driver_082,3.9,R057,Hyderabad,Pune,38.4,100,2.61,250.26,0.0,104.36,525.57,880.19,144.12,Card,Cancelled,4.0,Service,Hyderabad,Hyundai Verna,Petrol,8
T04680,2025-05-24,V051,Sedan,D129,Driver_129,4.2,R052,Kochi,Hyderabad,67.7,150,4.09,406.32,0.0,162.03,593.21,1161.56,1944.74,COD,Completed,4.6,None,Kochi,Maruti Dzire,Petrol,3
T04681,2025-06-12,V047,Van,D072,Driver_072,4.5,R052,Mumbai,Delhi,48.0,162,4.89,500.82,0.0,109.7,854.42,1464.94,1772.3,Cash,Completed,4.1,None,Mumbai,Force Traveller,Diesel,3
T04682,2025-11-02,V006,Sedan,D020,Driver_020,4.3,R002,Kochi,Bengaluru,89.6,150,6.18,599.14,0.0,362.4,627.59,1589.13,2328.85,Net Banking,Completed,3.8,Repair,Kochi,Hyundai Verna,Petrol,1
T04683,2025-08-06,V087,Sedan,D079,Driver_079,4.0,R074,Kochi,Delhi,83.8,138,5.76,587.96,0.0,384.56,640.44,1612.96,2242.71,COD,Completed,2.9,Repair,Kochi,Hyundai Verna,Petrol,7
T04684,2025-04-14,V060,SUV,D064,Driver_064,3.7,R072,Delhi,Mumbai,101.1,158,8.55,887.74,0.0,250.16,620.71,1758.61,3432.97,UPI,Completed,4.3,None,Delhi,Kia Seltos,Diesel,4
T04685,2025-10-27,V007,SUV,D128,Driver_128,4.2,R075,Visakhapatnam,Bengaluru,50.5,172,4.25,432.66,4287.11,177.64,825.4,5722.81,1866.02,Card,Completed,4.2,Service,Visakhapatnam,Hyundai Creta,Diesel,7
T04686,2025-09-16,V030,SUV,D044,Driver_044,,R035,Mumbai,Visakhapatnam,28.4,64,2.61,258.49,9259.71,130.13,286.29,9934.62,1132.64,Cash,Completed,4.6,,Mumbai,Kia Seltos,Diesel,6
T04687,2025-12-08,V085,SUV,D143,Driver_143,4.4,R054,Bengaluru,Kochi,135.0,286,13.26,1277.12,8755.73,403.48,1601.01,12037.34,4301.31,Cash,Completed,3.2,Service,Bengaluru,Toyota Innova,Diesel,11
T04688,2025-01-12,V064,Van,D139,Driver_139,4.1,R055,Visakhapatnam,Bengaluru,76.6,204,7.67,803.67,0.0,303.44,1133.64,2240.75,2820.42,Net Banking,Completed,4.2,Service,Visakhapatnam,Maruti Eeco,Diesel,11
T04689,2025-07-07,V029,Van,D064,Driver_064,5.0,R071,Mumbai,Delhi,36.2,132,3.54,370.77,0.0,102.94,637.7,1111.41,1665.01,COD,Completed,3.5,Repair,Mumbai,Tata Winger,Diesel,11
T04690,2025-04-30,V035,SUV,D109,Driver_109,3.7,R011,Mumbai,Kochi,43.9,99,3.84,390.98,3273.61,137.64,467.72,4269.95,1531.98,UPI,Completed,4.0,None,Mumbai,Toyota Innova,Diesel,4
T04691,2025-05-26,V077,Sedan,D145,Driver_145,4.8,R036,Mumbai,Chennai,42.5,92,2.98,301.69,0.0,130.67,496.09,928.45,1477.25,UPI,Completed,4.7,Repair,Mumbai,Hyundai Verna,Petrol,12
T04692,2025-04-21,V001,Sedan,D032,Driver_032,4.4,R054,Chennai,Delhi,13.4,29,0.85,82.84,0.0,49.14,150.0,281.98,775.02,Net Banking,Completed,5.0,None,Chennai,Honda City,Petrol,6
T04693,2025-08-09,V027,Sedan,D023,Driver_023,4.3,R039,Bengaluru,Pune,47.1,108,3.15,303.96,0.0,128.85,431.99,864.8,1199.37,Cash,Completed,4.3,None,Bengaluru,Hyundai Verna,Petrol,10
T04694,2025-07-26,V023,SUV,D149,Driver_149,3.6,R004,Hyderabad,Pune,10.8,30,1.06,115.31,0.0,49.12,150.0,314.43,721.77,UPI,Completed,3.7,Inspection,Hyderabad,Kia Seltos,Diesel,2
T04695,2025-06-25,V035,SUV ,D107,Driver_107,4.8,R067,Hyderabad,Visakhapatnam,121.2,383,15.69,1510.49,0.0,243.29,2192.5,3946.28,5301.04,Cash,Completed,4.9,None,Hyderabad,BharatBenz 1015,Diesel,7
T04696,2025-10-17,V092,Van,D137,Driver_137,4.0,R012,Bengaluru,Chennai,61.9,149,5.72,586.41,0.0,221.85,710.91,1519.17,2611.41,Card,Completed,4.2,None,Bengaluru,Force Traveller,Diesel,3
T04697,2025-09-06,V045,Sedan,D042,Driver_042,3.9,R080,Mumbai,Delhi,25.7,37,1.94,203.82,0.0,57.71,158.02,419.55,895.59,COD,Completed,4.3,None,Mumbai,Maruti Dzire,Petrol,8
T04698,2025-08-30,V049,SUV,D003,Driver_003,4.7,R070,Pune,Bengaluru,58.0,155,5.05,504.12,0.0,227.31,577.1,1308.53,2271.84,UPI,Completed,,Service,Pune,Kia Seltos,Diesel,3
T04699,2025-05-16,V078,Van,D079,Driver_079,5.0,R073,Hyderabad,Pune,51.0,155,5.15,493.43,0.0,106.29,745.75,1345.47,2201.47,Cash,Completed,4.2,Repair,Hyderabad,Maruti Eeco,Diesel,11
T04700,2025-11-05,V020,Sedan,D089,Driver_089,4.3,R047,Pune,Hyderabad,41.2,88,3.1,312.92,0.0,104.69,482.49,900.1,1394.94,Net Banking,Completed,3.6,None,Pune,Hyundai Verna,Petrol,4
T04701,2025-03-06,V068,Sedan,D049,Driver_049,3.1,R029,Mumbai,Delhi,90.1,179,5.48,565.56,0.0,334.65,597.68,1497.89,2219.19,UPI,Completed,3.1,Repair,Mumbai,Hyundai Verna,Petrol,3
T04702,2025-04-01,V016,SUV,D108,Driver_108,4.6,R071,Mumbai,Delhi,,214,6.65,702.65,0.0,173.51,1162.07,2038.23,2907.52,Card,Completed,3.0,None,Mumbai,Hyundai Creta,Diesel,9
T04703,2025-10-09,V059,Sedan,D142,Driver_142,4.0,R025,Chennai,Bengaluru,33.5,89,2.27,247.35,0.0,114.97,436.3,798.62,1196.28,Net Banking,Completed,3.4,None,Chennai,Maruti Dzire,Petrol,9
T04704,2025-04-28,V065,Truck,D148,Driver_148,4.6,R055,Delhi,Chennai,51.1,65,8.42,872.16,0.0,117.63,351.49,1341.28,2468.88,Cash,Completed,4.3,None,Delhi,Tata 407,Diesel,12
T04705,2025-04-04,V053,Sedan,D078,Driver_078,4.8,R042,Bengaluru,Kochi,21.9,32,1.69,160.79,9131.8,73.94,150.0,9516.53,732.55,COD,Completed,4.3,Inspection,Bengaluru,Honda City,Petrol,11
T04706,2025-10-18,V065,SUV,D101,Driver_101,4.8,R031,Kochi,Visakhapatnam,42.1,111,3.98,412.84,0.0,183.37,405.64,1001.85,1476.72,Net Banking,Completed,4.1,None,Kochi,Toyota Innova,Diesel,1
T04707,2025-02-23,V023,Sedan,D022,Driver_022,4.8,R053,Hyderabad,Chennai,41.7,76,3.23,342.7,0.0,138.7,372.99,854.39,1088.07,UPI,Completed,3.1,Repair,Hyderabad,Maruti Dzire,Petrol,2
T04708,2025-04-30,V022,Sedan,D087,Driver_087,3.7,R020,Chennai,Mumbai,46.6,95,3.73,403.54,0.0,142.12,374.12,919.78,1478.48,Net Banking,Completed,4.0,,Chennai,Hyundai Verna,Petrol,10
T04709,2025-08-10,V049,Sedan,D147,Driver_147,4.0,R012,Chennai,Hyderabad,53.0,122,4.08,403.72,0.0,111.02,579.92,1094.66,1506.46,Card,Completed,3.7,None,Chennai,Maruti Dzire,Petrol,4
T04710,2025-08-29,V081,SUV,D006,Driver_006,4.1,R040,Kochi,Visakhapatnam,107.6,237,9.88,987.83,0.0,447.22,770.91,2205.96,141.0,Card,Cancelled,5.0,Inspection,Kochi,Hyundai Creta,Diesel,10
T04711,2025-12-10,V098,SUV,D010,Driver_010,4.4,R053,Pune,Mumbai,65.6,173,6.58,649.74,7664.83,242.32,663.28,9220.17,2074.74,UPI,Completed,2.6,Service,Pune,Toyota Innova,Diesel,10
T04712,2025-09-12,V054,Truck,D048,Driver_048,3.4,R013,Delhi,Hyderabad,46.7,99,7.23,761.64,0.0,196.37,532.79,1490.8,2207.7,Cash,Completed,2.5,None,Delhi,BharatBenz 1015,Diesel,6
T04713,2025-02-15,V060,SUV,D139,Driver_139,4.7,R008,Hyderabad,Delhi,12.0,30,1.19,130.28,3535.32,38.83,173.26,3877.69,791.22,Net Banking,Completed,3.4,Service,Hyderabad,Toyota Innova,Diesel,8
T04714,2025-10-12,V066,Truck,D008,Driver_008,4.2,R071,Visakhapatnam,Bengaluru,24.3,68,4.06,430.24,0.0,100.01,268.82,799.07,1100.86,Card,Completed,3.7,Service,Visakhapatnam,Tata 407,Diesel,10
T04715,2025-11-06,V042,Van,D144,Driver_144,4.3,R066,Hyderabad,Chennai,34.5,114,3.15,311.45,0.0,83.62,421.23,816.3,1305.91,Card,Completed,4.9,Service,Hyderabad,Tata Winger,Diesel,10
T04716,2025-08-18,V091,Van,D050,Driver_050,3.7,R016,Kochi,Pune,81.2,200,9.89,951.31,0.0,203.91,878.77,2033.99,3102.4,COD,Completed,4.2,Service,Kochi,Tata Winger,Diesel,4
T04717,2025-05-31,V085,Van,D004,Driver_004,3.8,R078,Delhi,Chennai,11.3,25,1.09,105.21,0.0,26.97,150.0,282.18,734.55,Cash,Completed,3.6,None,Delhi,Tata Winger,Diesel,8
T04718,2025-01-02,V018,SUV,D133,Driver_133,4.5,R052,Kochi,Chennai,37.8,93,3.09,312.06,0.0,104.65,517.58,934.29,1674.59,Cash,Completed,3.3,None,Kochi,Kia Seltos,Diesel,4
T04719,2025-06-18,V046,Truck,D149,Driver_149,4.9,R058,Visakhapatnam,Kochi,95.4,161,12.58,1257.53,0.0,254.8,782.81,2295.14,4549.37,UPI,Completed,4.2,Service,Visakhapatnam,Ashok Leyland Dost,Diesel,8
T04720,2025-06-17,V023,Sedan,D003,Driver_003,4.6,R035,Chennai,Visakhapatnam,52.0,119,3.68,391.11,0.0,201.7,524.5,1117.31,243.59,UPI,Cancelled,4.5,None,Chennai,Honda City,Petrol,10
T04721,2025-06-13,V096,SUV,D015,Driver_015,3.2,R001,Chennai,Kochi,12.4,43,1.25,136.99,0.0,46.27,242.77,426.03,779.92,Cash,Completed,4.3,None,Chennai,Hyundai Creta,Diesel,4
T04722,2025-02-03,V035,Van,D114,Driver_114,4.9,R030,Delhi,Kochi,48.4,78,5.0,530.21,0.0,136.26,290.12,956.59,2022.22,Card,Completed,4.7,None,Delhi,Tata Winger,Diesel,8
T04723,2025-11-27,V009,Sedan,D067,Driver_067,3.6,R062,Visakhapatnam,Hyderabad,29.8,100,2.02,217.79,0.0,71.52,473.88,763.19,141.88,Card,Cancelled,3.3,Service,Visakhapatnam,Maruti Dzire,Petrol,8
T04724,2025-07-13,V064,SUV,D107,Driver_107,4.1,R030,Chennai,Kochi,48.9,128,3.95,376.35,2685.85,102.98,466.61,3631.79,1828.47,UPI,Completed,4.0,Repair,Chennai,Kia Seltos,Diesel,9
T04725,2025-12-15,V029,Van,D136,Driver_136,4.1,R013,Pune,Chennai,47.8,125,4.68,514.47,1422.64,221.83,692.2,2851.14,130.66,COD,Cancelled,4.2,Repair,Pune,Maruti Eeco,Diesel,3
T04726,2025-01-05,V059,Truck,D143,Driver_143,4.3,R012,Visakhapatnam,Kochi,76.5,193,13.01,1429.44,0.0,175.26,825.9,2430.6,3455.7,COD,Completed,3.3,Service,Visakhapatnam,BharatBenz 1015,Diesel,7
T04727,2025-07-09,V053,SUV,D110,Driver_110,4.3,R057,Mumbai,Kochi,52.5,152,4.76,459.09,0.0,98.47,463.37,1020.93,97.64,COD,Cancelled,3.5,Inspection,Mumbai,Kia Seltos,Diesel,5
T04728,2025-07-25,V021,SUV,D115,Driver_115,3.4,R018,Kochi,Visakhapatnam,16.2,52,1.42,135.84,8525.16,29.6,226.72,8917.32,72.6,Card,Cancelled,4.8,Repair,Kochi,Kia Seltos,Diesel,9
T04729,2025-11-30,V063,Sedan,D033,Driver_033,3.4,R076,Mumbai,Delhi,17.0,51,1.07,117.66,0.0,27.84,195.64,341.14,482.64,Net Banking,Completed,4.1,None,Mumbai,Hyundai Verna,Petrol,12
T04730,2025-09-23,V032,Sedan,D056,Driver_056,3.7,R078,Visakhapatnam,Chennai,31.4,46,2.47,248.81,0.0,125.24,150.0,524.05,909.86,Card,Completed,4.1,None,Visakhapatnam,Honda City,Petrol,11
T04731,2025-07-13,V068,Sedan,D025,Driver_025,4.1,R005,Chennai,Mumbai,48.4,138,3.16,333.15,8427.94,208.35,761.45,9730.89,1480.31,Card,Completed,4.2,Repair,Chennai,Hyundai Verna,Petrol,10
T04732,2025-02-28,V032,Sedan,D017,Driver_017,4.0,R036,Pune,Delhi,71.9,226,5.13,512.82,0.0,204.77,1129.07,1846.66,333.37,Cash,Cancelled,4.5,None,Pune,Hyundai Verna,Petrol,8
T04733,2025-08-30,V056,Sedan,D012,Driver_012,4.5,R013,Pune,Kochi,21.6,78,1.41,143.51,0.0,35.96,442.08,621.55,877.14,Net Banking,Completed,3.2,None,Pune,Honda City,Petrol,2
T04734,2025-11-12,V095,Van,D040,Driver_040,3.7,R028,Chennai,Pune,54.4,151,4.89,517.42,0.0,233.88,828.82,1580.12,2028.33,UPI,Completed,4.2,Service,Chennai,Force Traveller,Diesel,3
T04735,2025-08-29,V074,Van,D116,Driver_116,3.5,R069,Kochi,Chennai,22.9,64,2.11,214.13,7031.87,37.93,217.96,7501.89,1160.36,Card,Completed,4.0,Service,Kochi,Maruti Eeco,Diesel,9
T04736,2025-11-30,V042,Truck,D124,Driver_124,4.6,R037,Kochi,Bengaluru,20.9,54,3.05,305.37,0.0,81.88,170.34,557.59,1277.99,Net Banking,Completed,3.4,None,Kochi,Ashok Leyland Dost,Diesel,10
T04737,2025-11-10,V067,Van,D015,Driver_015,4.0,R063,Bengaluru,Visakhapatnam,84.7,240,9.65,1012.32,0.0,260.5,1191.62,2464.44,934.38,COD,Cancelled,4.1,Service,Bengaluru,Force Traveller,Diesel,11
T04738,2025-05-19,V084,Van,D069,Driver_069,3.7,R045,Kochi,Mumbai,21.0,22,2.03,214.97,0.0,58.47,150.0,423.44,1258.92,Net Banking,Completed,3.8,None,Kochi,Force Traveller,Diesel,5
T04739,2025-07-13,V081,Sedan,D021,Driver_021,3.5,R051,Pune,Visakhapatnam,25.2,51,1.63,165.99,0.0,109.0,254.87,529.86,1045.94,Net Banking,Completed,3.6,None,Pune,Maruti Dzire,Petrol,5
T04740,2025-12-07,V088,SUV,D017,Driver_017,4.2,R021,Visakhapatnam,Delhi,30.7,101,2.6,255.98,0.0,98.86,564.54,919.38,1246.23,UPI,Completed,4.5,None,Visakhapatnam,Hyundai Creta,Diesel,7
T04741,2025-09-06,V035,Sedan,D068,Driver_068,3.9,R063,Pune,Kochi,54.3,157,3.49,,0.0,104.49,522.17,960.65,1646.34,COD,Completed,3.5,None,Pune,Honda City,Petrol,12
T04742,2025-09-15,V037,Truck,D031,Driver_031,4.2,R077,Delhi,Bengaluru,66.5,173,10.37,1060.7,5617.43,147.25,786.3,7611.68,247.83,Cash,Cancelled,4.1,Inspection,Delhi,Ashok Leyland Dost,Diesel,5
T04743,2025-05-06,V024,Sedan,D100,Driver_100,4.2,R017,Visakhapatnam,Mumbai,22.7,76,1.83,195.29,4258.62,54.7,384.48,4893.09,87.57,Cash,Cancelled,4.8,Inspection,Visakhapatnam,Maruti Dzire,Petrol,2
T04744,2025-05-02,V061,SUV,D093,Driver_093,4.6,R071,Delhi,Mumbai,27.4,62,2.48,270.58,0.0,124.99,262.91,658.48,1222.32,UPI,Completed,3.9,None,Delhi,Hyundai Creta,Diesel,8
T04745,2025-05-08,V061,Sedan,D132,Driver_132,4.1,R045,Visakhapatnam,Hyderabad,24.6,50,1.64,161.64,0.0,111.2,245.27,518.11,867.62,Cash,Completed,5.0,None,Visakhapatnam,Hyundai Verna,Petrol,3
T04746,2025-02-01,V034,Van,D138,Driver_138,4.5,R045,Kochi,Bengaluru,64.4,162,7.12,679.87,0.0,289.82,608.86,1578.55,2425.02,Cash,Completed,4.1,None,Kochi,Tata Winger,Diesel,1
T04747,2025-02-24,V068,Sedan,D024,Driver_024,3.9,R071,Delhi,Bengaluru,23.7,60,1.65,180.75,0.0,56.05,223.02,459.82,877.48,UPI,Completed,3.0,None,Delhi,Hyundai Verna,Petrol,3
T04748,2025-06-21,V034,Sedan,D007,Driver_007,4.2,R034,Chennai,Visakhapatnam,74.6,124,4.6,452.22,640.61,130.35,662.86,1886.04,2004.51,Card,Completed,4.7,None,Chennai,Hyundai Verna,Petrol,3
T04749,2025-10-27,V005,Van,D075,Driver_075,3.7,R047,Kochi,Pune,54.4,169,5.12,502.42,0.0,214.43,552.5,1269.35,392.04,Net Banking,Cancelled,3.1,None,Kochi,Force Traveller,Diesel,10
T04750,2025-09-11,V033,Sedan,D062,Driver_062,5.0,R023,Pune,Kochi,47.5,107,3.69,402.12,0.0,165.92,388.42,956.46,1381.22,,Completed,4.4,Service,Pune,Honda City,Petrol,7
T04751,2025-08-19,V069,Sedan,D087,Driver_087,4.0,R043,Bengaluru,Chennai,59.5,168,4.26,455.17,0.0,220.26,713.22,1388.65,1417.85,Cash,Completed,3.8,None,Bengaluru,Honda City,Petrol,12
T04752,2025-08-03,V003,Van,D039,Driver_039,4.7,R041,Kochi,Mumbai,63.1,140,5.65,569.0,0.0,150.18,813.45,1532.63,2558.03,COD,Completed,4.1,None,Kochi,Maruti Eeco,Diesel,10
T04753,2025-09-30,V017,SUV,D065,Driver_065,4.3,R005,Bengaluru,Kochi,14.6,56,1.28,129.77,0.0,60.23,296.07,486.07,128.13,Net Banking,Cancelled,3.4,None,Bengaluru,Kia Seltos,Diesel,10
T04754,2025-05-23,V026,SUV,D038,Driver_038,4.4,R054,Kochi,Delhi,10.4,55,0.93,101.01,0.0,25.24,245.06,371.31,414.4,UPI,Completed,3.9,None,Kochi,Toyota Innova,Diesel,5
T04755,2025-05-17,V100,Sedan,D114,Driver_114,5.0,R037,Kochi,Pune,16.6,55,1.17,121.78,0.0,69.79,254.06,445.63,489.47,COD,Completed,4.7,None,Kochi,Maruti Dzire,Petrol,3
T04756,2025-07-06,V014,SUV,D057,Driver_057,4.4,R046,Bengaluru,Delhi,22.2,63,1.66,160.58,0.0,82.05,204.74,447.37,1076.16,COD,Completed,3.8,None,Bengaluru,Hyundai Creta,Diesel,4
T04757,2025-03-07,V055,Sedan,D085,Driver_085,3.4,R063,Visakhapatnam,Hyderabad,63.5,198,3.9,422.59,0.0,163.78,1023.28,1609.65,305.85,UPI,Cancelled,4.2,None,Visakhapatnam,Honda City,Petrol,9
T04758,2025-06-25,V080,SUV,D113,Driver_113,4.6,R034,Kochi,Visakhapatnam,49.8,137,3.77,381.87,4952.26,163.38,732.41,6229.92,1723.04,Net Banking,Completed,3.5,None,Kochi,Kia Seltos,Diesel,11
T04759,2025-12-03,V006,Sedan,D144,Driver_144,3.6,R015,Visakhapatnam,Mumbai,66.7,115,4.77,520.07,0.0,289.74,555.06,1364.87,1898.56,UPI,Completed,3.8,None,Visakhapatnam,Hyundai Verna,Petrol,4
T04760,2025-09-22,V061,Sedan,D144,Driver_144,3.3,R072,Pune,Bengaluru,41.0,108,3.33,341.9,0.0,55.46,389.27,786.63,1051.82,Net Banking,Completed,4.7,Inspection,Pune,Honda City,Petrol,2
T04761,2025-10-03,V019,Sedan,D021,Driver_021,3.7,R054,Pune,Delhi,68.3,179,4.91,493.86,0.0,149.31,569.3,1212.47,1892.94,Net Banking,Completed,,None,Pune,Maruti Dzire,Petrol,4
T04762,2025-12-05,V003,SUV,D142,Driver_142,5.0,R071,Mumbai,Visakhapatnam,45.5,93,3.59,391.0,0.0,124.06,443.68,958.74,1590.83,UPI,Completed,3.7,Repair,Mumbai,Hyundai Creta,Diesel,10
T04763,2025-01-16,V063,SUV,D100,Driver_100,4.0,R037,Kochi,Delhi,11.3,30,1.04,109.54,0.0,50.66,150.0,310.2,784.27,Cash,Completed,4.5,Inspection,Kochi,Hyundai Creta,Diesel,1
T04764,2025-12-03,V047,Van,D088,Driver_088,4.3,R067,Chennai,Kochi,78.4,160,9.34,916.74,1499.28,164.24,761.6,3341.86,3244.12,UPI,Completed,4.3,Inspection,Chennai,Maruti Eeco,Diesel,7
T04765,2025-05-04,V059,SUV,D009,Driver_009,4.4,R044,Kochi,Bengaluru,28.2,75,2.23,239.61,8498.84,84.03,246.6,9069.08,1275.16,Cash,Completed,4.4,Inspection,Kochi,Kia Seltos,Diesel,3
T04766,2025-09-12,V075,Sedan,D135,Driver_135,3.7,R053,Pune,Hyderabad,56.9,116,4.31,467.48,3615.47,208.46,378.72,4670.13,1624.46,UPI,Completed,4.2,None,Pune,Hyundai Verna,Petrol,12
T04767,2025-10-21,V062,SUV,D083,Driver_083,4.3,R072,Kochi,Bengaluru,43.1,127,3.32,355.05,5588.1,103.62,603.49,6650.26,1468.75,Cash,Completed,3.8,None,Kochi,Hyundai Creta,Diesel,9
T04768,2025-06-18,V043,Sedan,D045,Driver_045,5.0,R004,Chennai,Hyderabad,16.9,32,1.11,117.15,0.0,68.75,150.0,335.9,521.51,,Completed,3.8,Repair,Chennai,Hyundai Verna,Petrol,3
T04769,2025-04-04,V084,SUV,D141,Driver_141,3.4,R033,Delhi,Hyderabad,20.6,57,1.54,161.93,6997.74,57.86,258.99,7476.52,882.79,Card,Completed,4.0,None,Delhi,Kia Seltos,Diesel,9
T04770,2025-10-01,V080,Sedan,D018,Driver_018,4.5,R009,Kochi,Bengaluru,48.0,152,2.95,315.84,0.0,169.35,748.91,1234.1,1494.9,Card,Completed,3.4,Inspection,Kochi,Maruti Dzire,Petrol,9
T04771,2025-07-03,V097,Sedan,D090,Driver_090,4.6,R045,Chennai,Hyderabad,18.3,78,1.12,106.89,0.0,71.65,291.82,470.36,823.96,Net Banking,Completed,4.1,None,Chennai,Honda City,Petrol,7
T04772,2025-07-31,V100,SUV,D097,Driver_097,4.1,R040,Bengaluru,Delhi,34.8,69,3.26,317.18,1138.17,150.2,368.44,1973.99,1475.24,Cash,Completed,4.2,None,Bengaluru,Toyota Innova,Diesel,2
T04773,2025-12-22,V060,Sedan,D060,Driver_060,3.8,R004,Visakhapatnam,Bengaluru,57.3,177,3.98,387.72,0.0,178.28,867.66,1433.66,1709.66,Card,Completed,4.3,None,Visakhapatnam,Hyundai Verna,Petrol,3
T04774,2025-10-13,V049,SUV,D107,Driver_107,4.2,R023,Delhi,Kochi,28.4,92,2.47,265.16,3287.88,87.64,321.38,3962.06,1182.09,COD,Completed,3.5,None,Delhi,Hyundai Creta,Diesel,2
T04775,2025-12-09,V053,Van,D047,Driver_047,4.3,R022,Kochi,Mumbai,67.9,153,6.58,679.48,4474.11,278.95,577.82,6010.36,553.66,Cash,Cancelled,3.0,None,Kochi,Maruti Eeco,Diesel,8
T04776,2025-11-15,V011,Sedan,D103,Driver_103,3.8,R078,Chennai,Hyderabad,36.8,60,2.38,234.97,0.0,89.43,236.55,560.95,978.67,Net Banking,Completed,4.1,Repair,Chennai,Hyundai Verna,Petrol,5
T04777,2025-12-02,V077,Sedan,D028,Driver_028,4.7,R007,Mumbai,Chennai,40.5,126,2.42,248.77,0.0,116.95,582.64,948.36,165.56,Net Banking,Cancelled,3.8,Inspection,Mumbai,Honda City,Petrol,8
T04778,2025-08-22,V078,Sedan,D017,Driver_017,3.8,R053,Delhi,Bengaluru,43.4,123,3.36,321.49,6445.96,196.45,590.62,7554.52,1170.86,Card,Completed,3.8,Inspection,Delhi,Honda City,Petrol,4
T04779,2025-01-02,V068,Van,D033,Driver_033,4.0,R060,Mumbai,Pune,31.6,94,2.94,303.03,0.0,57.19,530.78,891.0,337.86,Card,Cancelled,4.0,Inspection,Mumbai,Maruti Eeco,Diesel,11
T04780,2025-12-18,V057,Sedan,D046,Driver_046,4.3,R040,Mumbai,Hyderabad,35.3,80,2.19,216.55,0.0,148.68,447.56,812.79,1205.74,Card,Completed,4.8,Inspection,Mumbai,Hyundai Verna,Petrol,10
T04781,2025-07-16,V067,Sedan,D071,Driver_071,3.9,R005,Mumbai,Bengaluru,21.2,72,1.26,121.1,0.0,64.64,255.53,441.27,743.46,Net Banking,Completed,4.4,None,Mumbai,Maruti Dzire,Petrol,7
T04782,2025-11-07,V066,Truck,D029,Driver_029,2.7,R046,Chennai,Delhi,56.2,185,9.38,1004.28,0.0,249.53,671.26,1925.07,2631.4,Cash,Completed,3.5,Service,Chennai,Ashok Leyland Dost,Diesel,9
T04783,2025-07-04,V086,Van,D051,Driver_051,3.6,R058,Pune,Chennai,24.0,56,2.16,228.03,0.0,110.87,245.8,584.7,101.3,Cash,Cancelled,3.4,None,Pune,Maruti Eeco,Diesel,2
T04784,2025-01-04,V013,Truck,D061,Driver_061,4.4,R074,Kochi,Mumbai,24.8,53,3.63,393.59,0.0,53.95,250.85,698.39,1169.55,Net Banking,Completed,3.5,Service,Kochi,BharatBenz 1015,Diesel,9
T04785,2025-05-03,V022,SUV,D044,Driver_044,5.0,R039,Bengaluru,Hyderabad,,117,4.64,445.65,0.0,223.64,576.32,1245.61,2046.4,UPI,Completed,2.4,None,Bengaluru,Kia Seltos,Diesel,10
T04786,2025-06-21,V029,Van,D126,Driver_126,3.9,R062,Visakhapatnam,Mumbai,53.4,129,5.12,532.5,0.0,159.02,689.64,1381.16,103.6,Net Banking,Cancelled,4.1,None,Visakhapatnam,Maruti Eeco,Diesel,7
T04787,2025-01-21,V005,Van,D109,Driver_109,4.7,R076,Mumbai,Delhi,26.7,91,2.58,252.29,5846.26,40.51,345.48,6484.54,1477.54,Cash,Completed,3.9,None,Mumbai,Force Traveller,Diesel,7
T04788,2025-11-22,V094,Sedan,D057,Driver_057,3.4,R029,Kochi,Pune,18.2,58,1.19,123.05,0.0,43.08,222.62,388.75,701.18,Net Banking,Completed,5.0,Repair,Kochi,Maruti Dzire,Petrol,7
T04789,2025-10-18,V086,Truck,D026,Driver_026,4.4,R044,Chennai,Visakhapatnam,33.6,90,4.56,446.73,6595.54,126.93,341.1,7510.3,1769.33,Cash,Completed,3.6,None,Chennai,Ashok Leyland Dost,Diesel,8
T04790,2025-05-08,V086,Truck,D038,Driver_038,4.3,R002,Kochi,Chennai,23.1,79,3.09,317.91,0.0,44.71,391.11,753.73,1204.54,Cash,Completed,4.0,None,Kochi,BharatBenz 1015,Diesel,2
T04791,2025-07-02,V023,Van,D029,Driver_029,4.3,R067,Delhi,Bengaluru,43.9,82,5.14,513.44,0.0,184.33,384.16,1081.93,1702.5,UPI,Completed,5.0,Repair,Delhi,Maruti Eeco,Diesel,7
T04792,2025-09-10,V077,Sedan,D099,Driver_099,4.4,R034,Bengaluru,Visakhapatnam,73.8,168,4.67,487.14,0.0,112.14,681.38,1280.66,1722.93,Cash,Completed,3.5,None,Bengaluru,Hyundai Verna,Petrol,4
T04793,2025-07-31,V052,SUV,D054,Driver_054,3.6,R056,Visakhapatnam,Pune,27.5,60,2.28,223.55,0.0,59.74,249.55,532.84,1111.66,Net Banking,Completed,4.1,Inspection,Visakhapatnam,Hyundai Creta,Diesel,5
T04794,2025-10-15,V001,SUV,D019,Driver_019,4.5,R028,Bengaluru,Chennai,16.1,42,1.54,153.03,6542.25,69.98,150.0,6915.26,794.08,upi,Completed,2.4,Service,Bengaluru,Kia Seltos,Diesel,12
T04795,2025-06-02,V020,Sedan,D113,Driver_113,4.7,R071,Chennai,Pune,20.4,70,1.49,143.0,549.95,86.47,275.03,1054.45,110.88,UPI,Cancelled,3.6,Repair,Chennai,Honda City,Petrol,7
T04796,2025-10-06,V063,Sedan,D085,Driver_085,3.7,R016,Visakhapatnam,Delhi,23.3,90,1.78,195.35,0.0,49.45,290.94,535.74,796.82,Net Banking,Completed,4.7,Inspection,Visakhapatnam,Maruti Dzire,Petrol,5
T04797,2025-08-19,V089,Sedan,D038,Driver_038,3.5,R047,Pune,Bengaluru,29.7,90,1.78,179.19,0.0,76.75,325.98,581.92,864.12,Cash,Completed,4.3,Service,Pune,Hyundai Verna,Petrol,7
T04798,2025-08-03,V047,Sedan,D011,Driver_011,4.5,R072,Pune,Hyderabad,34.3,82,2.4,243.73,0.0,84.29,424.25,752.27,1145.03,UPI,Completed,4.0,None,Pune,Hyundai Verna,Petrol,10
T04799,2025-06-17,V077,Sedan,D059,Driver_059,4.3,R050,Mumbai,Visakhapatnam,49.1,106,3.62,394.76,0.0,133.74,485.39,1013.89,1464.39,COD,Completed,3.4,None,Mumbai,Hyundai Verna,Petrol,8
T04800,2025-04-18,V061,SUV,D028,Driver_028,4.1,R004,Chennai,Visakhapatnam,23.7,70,1.93,195.15,9607.75,66.12,261.74,10130.76,968.66,Cash,Completed,3.4,None,Chennai,Toyota Innova,Diesel,5
T04801,2025-03-19,V001,Sedan,D058,Driver_058,3.8,R070,Visakhapatnam,Kochi,20.5,64,1.42,155.81,0.0,87.81,324.48,568.1,575.99,Cash,Completed,4.2,Inspection,Visakhapatnam,Hyundai Verna,Petrol,12
T04802,2025-03-12,V048,SUV,D106,Driver_106,4.8,R070,Hyderabad,Bengaluru,18.1,60,1.41,143.84,8765.24,30.05,206.55,9145.68,689.99,COD,Completed,4.8,Service,Hyderabad,Kia Seltos,Diesel,2
T04803,2025-09-16,V043,SUV,D039,Driver_039,5.0,R046,Chennai,Hyderabad,66.3,121,6.32,607.62,0.0,146.32,461.63,1215.57,2292.06,UPI,Completed,3.7,None,Chennai,Kia Seltos,Diesel,1
T04804,2025-10-13,V003,Van,D064,Driver_064,3.9,R008,Hyderabad,Bengaluru,37.3,106,3.94,406.19,0.0,62.03,334.07,802.29,1600.06,Cash,Completed,3.9,Repair,Hyderabad,Tata Winger,Diesel,7
T04805,2025-07-07,V046,Sedan,D105,Driver_105,,R064,Delhi,Kochi,47.6,106,3.64,398.34,0.0,103.16,522.75,1024.25,1591.89,COD,Completed,2.7,None,Delhi,Honda City,Petrol,12
T04806,2025-10-30,V014,Sedan,D027,Driver_027,4.5,R009,Pune,Chennai,53.0,83,4.08,430.36,0.0,215.23,433.29,1078.88,1389.11,Card,Completed,4.4,Inspection,Pune,Honda City,Petrol,7
T04807,2025-05-01,V002,SUV,D128,Driver_128,3.9,R040,Pune,Hyderabad,28.1,81,2.4,248.91,0.0,76.83,418.9,744.64,1281.85,UPI,Completed,4.0,None,Pune,Toyota Innova,Diesel,1
T04808,2025-02-28,V022,Van,D145,Driver_145,3.3,R001,Delhi,Bengaluru,16.1,67,1.44,147.76,0.0,24.81,311.17,483.74,1100.96,COD,Completed,3.6,None,Delhi,Force Traveller,Diesel,7
T04809,2025-01-17,V094,Van,D114,Driver_114,4.1,R056,Kochi,Delhi,71.9,170,8.43,858.81,0.0,125.04,942.88,1926.73,2759.91,COD,Completed,3.4,Repair,Kochi,Tata Winger,Diesel,8
T04810,2025-08-20,V081,Sedan,D090,Driver_090,5.0,R044,Delhi,Visakhapatnam,31.7,57,1.9,190.56,0.0,69.18,282.19,541.93,154.06,Card,Cancelled,3.9,Repair,Delhi,Hyundai Verna,Petrol,1
T04811,2025-08-08,V074,SUV,D109,Driver_109,3.2,R004,Chennai,Hyderabad,79.6,157,6.1,652.28,775.74,272.9,900.0,2600.92,2604.43,Cash,Completed,5.0,None,Chennai,Toyota Innova,Diesel,3
T04812,2025-07-08,V078,SUV,D091,Driver_091,4.2,R005,Kochi,Chennai,65.2,116,5.19,546.12,4146.8,113.47,663.31,5469.7,2158.72,COD,Completed,3.4,Repair,Kochi,Toyota Innova,Diesel,1
T04813,2025-12-06,V089,Sedan,D124,Driver_124,3.6,R015,Pune,Mumbai,58.8,156,3.52,384.95,0.0,208.09,517.97,1111.01,1692.17,Cash,Completed,3.7,None,Pune,Maruti Dzire,Petrol,9
T04814,2025-01-06,V066,Sedan,D111,Driver_111,3.3,R008,Kochi,Pune,36.7,137,2.72,269.63,0.0,140.01,597.61,1007.25,1136.44,Card,Completed,3.8,Repair,Kochi,Hyundai Verna,Petrol,6
T04815,2025-10-28,V085,SUV,D086,Driver_086,4.6,R052,Visakhapatnam,Kochi,51.4,101,3.92,405.22,0.0,196.13,500.88,1102.23,2048.01,COD,Completed,3.7,None,Visakhapatnam,Hyundai Creta,Diesel,7
T04816,2025-04-06,V056,Sedan,D125,Driver_125,3.6,R060,Kochi,Hyderabad,71.1,218,5.48,582.16,0.0,163.84,672.24,1418.24,1758.06,UPI,Completed,4.1,None,Kochi,Maruti Dzire,Petrol,12
T04817,2025-10-10,V063,Van,D041,Driver_041,3.4,R060,Delhi,Chennai,30.0,86,2.75,279.68,0.0,72.88,478.42,830.98,1304.71,Cash,Completed,3.7,Inspection,Delhi,Force Traveller,Diesel,11
T04818,2025-07-03,V058,Sedan,D101,Driver_101,4.1,R023,Chennai,Bengaluru,52.7,179,3.19,327.82,8418.24,197.07,927.85,9870.98,1336.04,Card,Completed,4.6,None,Chennai,Hyundai Verna,Petrol,6
T04819,2025-08-05,V090,Truck,D066,Driver_066,3.5,R035,Mumbai,Kochi,121.6,373,17.12,1874.86,0.0,473.27,2128.31,4476.44,5572.04,UPI,Completed,4.2,Inspection,Mumbai,Tata 407,Diesel,10
T04820,2025-01-28,V021,Sedan,D105,Driver_105,3.8,R066,Pune,Delhi,61.9,180,4.98,508.15,0.0,159.78,770.21,1438.14,1455.05,Cash,Completed,4.4,None,Pune,Hyundai Verna,Petrol,5
T04821,2025-04-02,V075,SUV,D099,Driver_099,3.5,R064,Visakhapatnam,,18.5,56,1.54,166.9,1087.93,45.49,269.49,1569.81,716.23,Cash,Completed,4.8,None,Visakhapatnam,Kia Seltos,Diesel,6
T04822,2025-03-07,V025,Sedan,D002,Driver_002,5.0,R033,Kochi,Chennai,26.4,98,1.62,156.3,0.0,99.19,436.74,692.23,689.27,Cash,Completed,3.9,None,Kochi,Honda City,Petrol,2
T04823,2025-03-13,V090,Sedan,D048,Driver_048,4.6,R032,Visakhapatnam,Bengaluru,12.3,33,0.91,96.38,5641.56,18.6,159.8,5916.34,444.43,Net Banking,Completed,3.6,Repair,Visakhapatnam,Hyundai Verna,Petrol,1
T04824,2025-07-28,V069,Van,D039,Driver_039,4.1,R050,Delhi,Pune,20.7,63,2.02,193.29,0.0,64.8,261.33,519.42,859.97,Cash,Completed,3.5,Inspection,Delhi,Force Traveller,Diesel,3
T04825,2025-10-08,V079,Truck,D016,Driver_016,3.6,R041,Hyderabad,Bengaluru,57.9,115,7.7,759.36,2529.64,234.36,544.95,4068.31,2975.78,COD,Completed,3.8,None,Hyderabad,BharatBenz 1015,Diesel,4
T04826,2025-04-19,V057,Truck,D073,Driver_073,4.5,R039,Delhi,Kochi,62.1,140,9.28,939.06,0.0,272.11,477.85,1689.02,2891.21,COD,Completed,2.7,Inspection,Delhi,Ashok Leyland Dost,Diesel,5
T04827,2025-02-18,V022,Sedan,D143,Driver_143,4.4,R060,Chennai,Delhi,107.1,311,7.01,686.83,6729.31,163.27,1300.19,8879.6,2473.34,COD,Completed,2.7,Service,Chennai,Maruti Dzire,Petrol,3
T04828,2025-10-08,V043,Sedan,D003,Driver_003,4.4,R038,Hyderabad,Chennai,52.3,138,3.91,407.37,0.0,212.98,556.2,1176.55,1276.86,Cash,Completed,4.0,None,Hyderabad,Hyundai Verna,Petrol,8
T04829,2025-01-04,V083,Sedan,D049,Driver_049,4.1,R044,Pune,Chennai,48.0,113,3.02,287.74,0.0,212.94,380.16,880.84,276.04,Net Banking,Cancelled,3.2,None,Pune,Hyundai Verna,Petrol,5
T04830,2025-06-09,V041,Sedan,D065,Driver_065,2.9,R058,Delhi,Mumbai,81.2,141,5.07,542.44,636.1,196.53,747.77,2122.84,1871.56,Card,Completed,4.6,None,Delhi,Hyundai Verna,Petrol,8
T04831,2025-04-12,V031,Truck,D111,Driver_111,3.9,R022,Pune,Delhi,27.6,61,4.78,517.35,0.0,106.9,203.6,827.85,1311.53,Card,Completed,3.3,,Pune,BharatBenz 1015,Diesel,6
T04832,2025-11-22,V058,Van,D021,Driver_021,4.3,R008,Chennai,Hyderabad,41.1,133,4.68,484.23,0.0,71.41,521.34,1076.98,1565.2,Cash,Completed,4.2,None,Chennai,Tata Winger,Diesel,6
T04833,2025-12-06,V006,Truck,D143,Driver_143,4.1,R036,Mumbai,Kochi,23.8,51,3.67,376.27,0.0,72.07,228.91,677.25,1232.93,COD,Completed,3.8,Repair,Mumbai,Tata 407,Diesel,12
T04834,2025-10-29,V069,Truck,D127,Driver_127,4.4,R047,Delhi,Chennai,18.2,53,2.78,278.63,0.0,55.62,194.03,528.28,973.11,Net Banking,Completed,3.1,None,Delhi,BharatBenz 1015,Diesel,4
T04835,2025-02-05,V067,Van,D065,Driver_065,3.3,R070,Hyderabad,Pune,34.5,75,3.71,355.3,4313.17,122.57,285.98,5077.02,1609.58,Net Banking,Completed,3.4,Repair,Hyderabad,Maruti Eeco,Diesel,5
T04836,2025-10-20,V093,Truck,D136,Driver_136,4.1,R070,Delhi,Hyderabad,26.9,81,4.63,476.49,0.0,79.45,320.8,876.74,1539.03,UPI,Completed,4.3,Inspection,Delhi,Ashok Leyland Dost,Diesel,12
T04837,2025-07-07,V094,SUV,D082,Driver_082,4.2,R049,Delhi,Bengaluru,98.0,194,8.01,761.82,0.0,148.93,934.03,1844.78,3183.73,Card,Completed,3.1,None,Delhi,Kia Seltos,Diesel,6
T04838,2025-07-15,V029,Sedan,D053,Driver_053,3.8,R065,Visakhapatnam,Bengaluru,18.3,28,1.15,124.61,0.0,58.05,150.0,332.66,681.43,Net Banking,Completed,3.8,None,Visakhapatnam,Maruti Dzire,Petrol,7
T04839,2025-03-02,V048,Sedan,D047,Driver_047,4.3,R067,Mumbai,Bengaluru,26.4,58,2.09,217.02,0.0,82.97,322.33,622.32,716.17,COD,Completed,3.4,None,Mumbai,Maruti Dzire,Petrol,11
T04840,2025-01-27,V046,SUV,D108,Driver_108,4.2,R039,Chennai,Mumbai,23.6,74,1.76,172.63,0.0,81.02,393.38,647.03,805.48,Card,Completed,3.7,Repair,Chennai,Toyota Innova,Diesel,4
T04841,2025-05-04,V086,Sedan,D140,Driver_140,4.0,R045,Chennai,Hyderabad,18.8,67,1.28,137.37,0.0,80.22,298.66,516.25,785.84,Net Banking,Completed,2.7,Repair,Chennai,Hyundai Verna,Petrol,6
T04842,2025-07-24,V074,Sedan,D121,Driver_121,3.3,R027,Chennai,Pune,45.3,91,3.43,363.77,0.0,202.57,416.14,982.48,1374.53,Net Banking,Completed,4.0,None,Chennai,Honda City,Petrol,4
T04843,2025-02-13,V077,Sedan,D149,Driver_149,3.8,R043,Visakhapatnam,Hyderabad,39.4,104,2.63,278.01,0.0,63.62,342.2,683.83,1358.98,COD,Completed,4.4,Inspection,Visakhapatnam,Hyundai Verna,Petrol,9
T04844,2025-11-16,V046,Sedan,D095,Driver_095,4.3,R069,Visakhapatnam,Mumbai,46.7,120,3.49,347.71,0.0,76.16,411.15,835.02,1245.63,UPI,Completed,4.2,Service,Visakhapatnam,Hyundai Verna,Petrol,12
T04845,2025-11-03,V067,Sedan,D131,Driver_131,3.8,R072,Pune,Chennai,74.9,135,5.53,550.66,0.0,142.36,689.47,1382.49,2163.33,UPI,Completed,3.3,Service,Pune,Honda City,Petrol,4
T04846,2025-05-26,V033,Van,D098,Driver_098,3.7,R067,Visakhapatnam,Mumbai,67.5,143,6.65,647.7,0.0,274.3,690.32,1612.32,246.18,Cash,Cancelled,4.6,Service,Visakhapatnam,Maruti Eeco,Diesel,5
T04847,2025-02-19,V011,Sedan,D143,Driver_143,4.5,R077,Hyderabad,Kochi,24.1,65,1.52,164.08,0.0,80.57,223.69,468.34,1023.81,UPI,Completed,4.0,Repair,Hyderabad,Maruti Dzire,Petrol,9
T04848,2025-11-07,V087,Truck,D129,Driver_129,3.9,R050,Delhi,Hyderabad,36.6,59,4.8,485.34,7118.21,128.32,323.32,8055.19,1732.96,Cash,Completed,3.8,Repair,Delhi,Ashok Leyland Dost,Diesel,3
T04849,2025-11-25,V007,Truck,D072,Driver_072,3.9,R033,Pune,Visakhapatnam,86.6,304,13.0,1361.87,2616.62,355.45,1382.45,5716.39,3987.95,Cash,Completed,4.6,None,Pune,Tata 407,Diesel,7
T04850,2025-12-27,V095,Van,D113,Driver_113,4.4,R080,Pune,Delhi,55.9,157,6.12,655.58,2904.11,103.42,583.63,4246.74,2201.96,Net Banking,Completed,4.9,None,Pune,Maruti Eeco,Diesel,2
T04851,2025-03-02,V089,Van,D037,Driver_037,3.9,R005,Hyderabad,Visakhapatnam,28.9,98,2.87,298.22,0.0,119.38,561.75,979.35,1475.27,COD,Completed,3.5,Repair,Hyderabad,Force Traveller,Diesel,1
T04852,2025-06-10,V021,Sedan,D103,Driver_103,4.0,R071,Kochi,Mumbai,53.0,161,3.36,351.98,0.0,91.19,550.84,994.01,1513.47,Cash,Completed,4.2,Service,Kochi,Honda City,Petrol,12
T04853,2025-11-27,V043,Sedan,D102,Driver_102,3.7,R030,Chennai,Delhi,87.8,264,5.52,582.53,0.0,373.42,1457.42,2413.37,2161.88,UPI,Completed,4.1,Inspection,Chennai,Honda City,Petrol,2
T04854,2025-02-09,V087,Sedan,D082,Driver_082,4.2,R056,Visakhapatnam,Mumbai,74.7,202,5.23,573.48,8340.09,301.17,924.65,10139.39,2127.21,COD,Completed,4.4,None,Visakhapatnam,Honda City,Petrol,5
T04855,2025-08-21,V012,Van,D080,Driver_080,4.1,R002,Kochi,Mumbai,20.2,31,1.83,177.2,0.0,32.06,178.06,387.32,275.14,Card,Cancelled,4.3,None,Kochi,Maruti Eeco,Diesel,10
T04856,2025-08-27,V092,SUV,D021,Driver_021,4.1,R032,Visakhapatnam,Chennai,90.1,258,7.06,734.42,5556.7,272.75,801.83,7365.7,3198.2,Net Banking,Completed,4.0,None,Visakhapatnam,Hyundai Creta,Diesel,9
T04857,2025-04-15,V019,Sedan,D096,Driver_096,4.0,R060,Kochi,Bengaluru,30.5,87,1.85,193.97,8801.29,125.66,350.02,9470.94,16.98,Cash,Cancelled,4.2,None,Kochi,Hyundai Verna,Petrol,3
T04858,2025-09-19,V100,Sedan,D094,Driver_094,4.1,R061,Bengaluru,,33.5,96,2.42,258.12,0.0,86.41,375.01,719.54,1002.36,Cash,Completed,3.8,Inspection,Bengaluru,Maruti Dzire,Petrol,12
T04859,2025-01-10,V067,SUV ,D128,Driver_128,4.9,R055,Mumbai,Delhi,49.2,106,3.0,296.97,1683.11,166.28,388.6,2534.96,1457.66,UPI,Completed,3.3,None,Mumbai,Honda City,Petrol,1
T04860,2025-06-22,V071,SUV,D046,Driver_046,3.7,R015,Kochi,Hyderabad,28.8,43,2.74,280.83,0.0,110.11,237.88,628.82,1256.44,Net Banking,Completed,3.8,None,Kochi,Toyota Innova,Diesel,12
T04861,2025-07-03,V012,Sedan,D131,Driver_131,2.9,R001,Pune,Bengaluru,30.7,90,2.13,220.8,0.0,64.07,486.78,771.65,971.84,Cash,Completed,3.8,Service,Pune,Honda City,Petrol,6
T04862,2025-07-13,V013,SUV,D034,Driver_034,4.6,R026,Kochi,Pune,35.2,69,3.1,311.33,0.0,112.91,213.71,637.95,144.07,Net Banking,Cancelled,,None,Kochi,Hyundai Creta,Diesel,8
T04863,2025-01-03,V023,Sedan,D125,Driver_125,4.4,R013,Kochi,Delhi,35.0,59,2.46,245.73,0.0,92.17,279.99,617.89,1147.86,Card,Completed,4.3,Inspection,Kochi,Hyundai Verna,Petrol,2
T04864,2025-01-05,V094,Sedan,D073,Driver_073,4.2,R001,Visakhapatnam,Delhi,38.6,55,2.65,269.75,0.0,117.44,261.97,649.16,941.42,Net Banking,Completed,3.5,Repair,Visakhapatnam,Hyundai Verna,Petrol,6
T04865,2025-09-03,V075,SUV,D072,Driver_072,4.6,R070,Delhi,Bengaluru,,121,4.11,420.55,7885.4,156.95,470.47,8933.37,1749.1,,Completed,4.2,Inspection,Delhi,Toyota Innova,Diesel,11
T04866,2025-06-25,V072,SUV,D149,Driver_149,4.5,R004,Visakhapatnam,Bengaluru,35.8,116,3.12,341.61,0.0,82.72,625.01,1049.34,1331.48,Card,Completed,4.3,None,Visakhapatnam,Toyota Innova,Diesel,2
T04867,2025-06-18,V020,Van,D014,Driver_014,4.4,R077,Mumbai,Chennai,20.0,68,2.16,223.33,0.0,39.03,236.99,499.35,783.64,Cash,Completed,4.3,None,Mumbai,Maruti Eeco,Diesel,6
T04868,2025-02-23,V094,SUV,D062,Driver_062,3.4,R034,Bengaluru,Kochi,35.6,96,2.83,304.64,0.0,82.58,482.42,869.64,1180.2,Net Banking,Completed,4.1,None,Bengaluru,Hyundai Creta,Diesel,2
T04869,2025-03-14,V089,Sedan,D143,Driver_143,4.3,R053,Pune,Kochi,38.8,72,2.43,262.37,5809.43,135.01,218.52,6425.33,1349.01,Net Banking,Completed,4.6,None,Pune,Hyundai Verna,Petrol,10
T04870,2025-06-04,V026,Sedan,D099,Driver_099,4.1,R031,Chennai,Kochi,72.7,216,5.11,490.05,1874.4,268.26,922.07,3554.78,1969.64,Card,Completed,4.2,Service,Chennai,Maruti Dzire,Petrol,2
T04871,2025-06-01,V080,Sedan,D053,Driver_053,5.0,R057,Chennai,Pune,28.5,48,2.31,229.29,3931.84,38.49,159.23,4358.85,737.71,Net Banking,Completed,4.5,None,Chennai,Honda City,Petrol,3
T04872,2025-10-27,V057,SUV,D033,Driver_033,4.9,R040,Delhi,Hyderabad,58.3,170,5.74,588.09,0.0,109.59,598.32,1296.0,1890.71,COD,Completed,3.6,None,Delhi,Kia Seltos,Diesel,2
T04873,2025-08-19,V021,Sedan,D021,Driver_021,4.1,R068,Mumbai,Chennai,24.9,73,1.55,152.07,6455.64,102.1,332.9,7042.71,1023.53,UPI,Completed,3.5,Repair,Mumbai,Hyundai Verna,Petrol,9
T04874,2025-07-14,V024,Truck,D115,Driver_115,4.1,R049,Kochi,Bengaluru,6.9,42,0.98,103.65,0.0,20.18,213.02,336.85,480.44,Net Banking,Completed,4.3,Inspection,Kochi,BharatBenz 1015,Diesel,3
T04875,2025-05-13,V038,Sedan,D140,Driver_140,4.3,R038,Mumbai,Delhi,45.9,112,3.34,323.02,0.0,148.47,395.51,867.0,1147.5,Cash,Completed,4.2,Inspection,Mumbai,Maruti Dzire,Petrol,7
T04876,2025-05-04,V031,SUV,D094,Driver_094,4.3,R018,Pune,Chennai,41.6,108,3.56,387.03,0.0,157.77,445.56,990.36,118.14,Net Banking,Cancelled,3.5,Repair,Pune,Hyundai Creta,Diesel,4
T04877,2025-07-12,V017,Sedan,D001,Driver_001,3.7,R003,Delhi,Bengaluru,30.0,75,1.83,182.27,0.0,113.46,306.1,601.83,1008.1,COD,Completed,4.5,Inspection,Delhi,Hyundai Verna,Petrol,1
T04878,2025-07-05,V099,SUV,D081,Driver_081,,R046,Kochi,Hyderabad,12.9,33,0.99,97.32,8946.88,23.36,188.9,9256.46,786.71,Cash,Completed,4.1,None,Kochi,Toyota Innova,Diesel,5
T04879,2025-12-28,V050,Sedan,D022,Driver_022,2.9,R030,Pune,Delhi,107.2,288,7.95,798.28,0.0,392.11,990.79,2181.18,2479.81,COD,Completed,3.4,None,Pune,Hyundai Verna,Petrol,7
T04880,2025-06-15,V096,Sedan,D036,Driver_036,3.9,R056,Chennai,Pune,50.6,112,4.03,402.87,0.0,209.71,484.56,1097.14,1600.1,Cash,Completed,4.8,None,Chennai,Honda City,Petrol,7
T04881,2025-02-21,V051,SUV,D007,Driver_007,4.4,R038,Kochi,Hyderabad,29.4,74,2.39,252.61,0.0,85.33,256.26,594.2,1171.91,Card,Completed,3.5,Inspection,Kochi,Toyota Innova,Diesel,10
T04882,2025-08-23,V006,SUV,D050,Driver_050,4.2,R037,Mumbai,Delhi,46.6,143,3.8,367.44,2383.5,213.14,822.28,3786.36,1933.97,Card,Completed,3.6,None,Mumbai,Hyundai Creta,Diesel,2
T04883,2025-06-25,V052,Sedan,D148,Driver_148,3.7,R030,Bengaluru,Visakhapatnam,138.6,299,8.32,840.91,893.64,197.94,937.34,2869.83,3536.39,Net Banking,Completed,3.6,None,Bengaluru,Hyundai Verna,Petrol,12
T04884,2025-09-19,V071,Truck,D088,Driver_088,4.4,R049,Kochi,Hyderabad,21.8,79,2.81,306.71,1408.7,66.68,447.43,2229.52,1450.36,Net Banking,Completed,3.8,None,Kochi,Tata 407,Diesel,6
T04885,2025-03-15,V042,Van,D031,Driver_031,3.0,R028,Delhi,Visakhapatnam,82.0,237,9.41,908.31,1270.88,377.93,1154.84,3711.96,3346.19,Card,Completed,3.6,None,Delhi,Force Traveller,Diesel,1
T04886,2025-06-12,V022,Sedan,D147,Driver_147,4.4,R032,Bengaluru,Hyderabad,14.9,52,1.01,102.54,0.0,34.3,278.21,415.05,481.49,Cash,Completed,3.9,None,Bengaluru,Honda City,Petrol,2
T04887,2025-06-15,V020,Truck,D055,Driver_055,4.4,R007,Bengaluru,Chennai,62.5,191,8.47,887.75,0.0,285.35,906.75,2079.85,387.27,Net Banking,Cancelled,3.1,Inspection,Bengaluru,Tata 407,Diesel,7
T04888,2025-07-29,V007,SUV,D092,Driver_092,,R051,Delhi,Hyderabad,40.8,122,3.59,363.28,0.0,77.58,693.76,1134.62,1353.48,UPI,Completed,3.5,None,Delhi,Hyundai Creta,Diesel,9
T04889,2025-11-01,V035,Van,D022,Driver_022,4.5,R080,Delhi,Pune,27.3,74,2.78,286.44,5424.31,83.63,226.82,6021.2,1150.52,COD,Completed,4.2,Inspection,Delhi,Maruti Eeco,Diesel,4
T04890,2025-04-16,V033,Sedan,D085,Driver_085,5.0,R076,Chennai,,91.2,172,6.27,681.11,6583.85,340.79,849.89,8455.64,536.08,UPI,Cancelled,4.1,None,Chennai,Hyundai Verna,Petrol,7
T04891,2025-03-30,V060,SUV,D115,Driver_115,3.9,R049,Kochi,Hyderabad,34.2,73,3.29,357.19,8502.71,48.03,319.2,9227.13,1339.09,Cash,Completed,4.2,None,Kochi,Kia Seltos,Diesel,2
T04892,2025-02-06,V060,SUV,D010,Driver_010,4.0,R065,Kochi,Hyderabad,21.7,75,2.09,201.43,0.0,32.97,298.91,533.31,936.76,UPI,Completed,4.1,Repair,Kochi,Kia Seltos,Diesel,2
T04893,2025-08-17,V027,Sedan,D046,Driver_046,5.0,R014,Mumbai,Visakhapatnam,43.3,100,3.12,309.05,3898.34,80.25,565.95,4853.59,1072.12,COD,Completed,3.1,Service,Mumbai,Honda City,Petrol,7
T04894,2025-10-12,V011,SUV,D107,Driver_107,4.7,R070,Hyderabad,Delhi,69.2,161,5.83,603.13,0.0,100.38,726.36,1429.87,2492.47,Cash,Completed,4.0,None,Hyderabad,Toyota Innova,Diesel,2
T04895,2025-05-18,V076,SUV ,D129,Driver_129,4.7,R005,Pune,Visakhapatnam,23.5,46,1.48,159.15,0.0,42.46,242.52,444.13,1045.57,COD,Completed,3.6,None,Pune,Honda City,Petrol,2
T04896,2025-04-02,V060,SUV,D073,Driver_073,3.2,R031,Delhi,Kochi,27.5,61,2.72,270.07,0.0,88.38,198.39,556.84,1130.47,COD,Completed,5.0,Repair,Delhi,Kia Seltos,Diesel,5
T04897,2025-01-09,V045,SUV,D131,Driver_131,4.8,R072,Chennai,Pune,22.3,60,1.76,175.37,8574.91,41.66,338.97,9130.91,1208.36,UPI,Completed,3.6,None,Chennai,Toyota Innova,Diesel,11
T04898,2025-08-13,V057,Sedan,D053,Driver_053,4.5,R079,Delhi,Mumbai,38.6,72,2.6,248.74,3172.42,145.6,380.33,3947.09,1075.72,Card,Completed,3.9,None,Delhi,Hyundai Verna,Petrol,3
T04899,2025-01-06,V090,Truck,D021,Driver_021,4.3,R061,Pune,Delhi,24.5,78,3.42,358.57,0.0,99.84,267.03,725.44,215.07,upi,Cancelled,4.7,None,Pune,Tata 407,Diesel,5
T04900,2025-04-27,V021,Truck,D127,Driver_127,3.6,R021,Kochi,Hyderabad,81.7,164,13.31,1310.92,0.0,252.13,571.4,2134.45,3616.82,COD,Completed,3.5,Inspection,Kochi,Ashok Leyland Dost,Diesel,8
T04901,2025-08-12,V095,Truck,D081,Driver_081,4.5,R071,Hyderabad,Kochi,10.3,34,1.46,149.09,0.0,24.08,161.13,334.3,100.06,Card,Cancelled,3.7,Repair,Hyderabad,Tata 407,Diesel,3
T04902,2025-01-05,V071,SUV,D132,Driver_132,4.1,R056,Kochi,Visakhapatnam,120.2,320,9.77,950.12,0.0,445.06,1645.56,3040.74,3919.53,COD,Completed,3.8,Service,Kochi,Kia Seltos,Diesel,11
T04903,2025-11-13,V070,Sedan,D091,Driver_091,3.7,R007,Mumbai,Pune,19.0,25,1.25,125.7,0.0,46.68,150.0,322.38,697.81,COD,Completed,5.0,Repair,Mumbai,Maruti Dzire,Petrol,9
T04904,2025-02-27,V016,Sedan,D105,Driver_105,4.8,R061,Delhi,Pune,59.5,138,4.06,426.23,0.0,273.0,757.47,1456.7,1418.2,Net Banking,Completed,3.9,None,Delhi,Maruti Dzire,Petrol,12
T04905,2025-06-24,V039,Sedan,D144,Driver_144,5.0,R058,Pune,Kochi,34.9,114,2.56,269.11,0.0,149.23,545.82,964.16,1182.83,Cash,Completed,5.0,None,Pune,Maruti Dzire,Petrol,3
T04906,2025-02-11,V089,SUV,D068,Driver_068,4.7,R053,Kochi,Hyderabad,109.3,329,11.02,1176.38,0.0,249.33,1606.57,3032.28,3680.79,Cash,Completed,4.8,Inspection,Kochi,Kia Seltos,Diesel,3
T04907,2025-08-18,V063,Sedan,D028,Driver_028,3.7,R008,Bengaluru,Visakhapatnam,55.4,131,4.27,432.07,0.0,139.39,491.25,1062.71,1434.9,,Completed,4.6,Service,Bengaluru,Hyundai Verna,Petrol,5
T04908,2025-08-16,V009,Sedan,D073,Driver_073,4.4,R065,Mumbai,Chennai,16.0,27,1.16,121.31,0.0,42.93,150.0,314.24,647.73,Cash,Completed,4.4,Repair,Mumbai,Honda City,Petrol,5
T04909,2025-11-03,V032,Van,D096,Driver_096,,R007,Visakhapatnam,Mumbai,35.2,104,3.56,363.02,0.0,151.7,569.45,1084.17,1416.32,COD,Completed,4.5,Repair,Visakhapatnam,Tata Winger,Diesel,7
T04910,2025-04-13,V088,SUV,D076,Driver_076,3.7,R043,Bengaluru,Visakhapatnam,13.0,54,1.05,114.04,4544.35,21.26,268.88,4948.53,747.81,Card,Completed,4.7,None,Bengaluru,Hyundai Creta,Diesel,7
T04911,2025-06-09,V095,Sedan,D146,Driver_146,3.7,R080,Pune,Chennai,65.3,99,4.4,481.81,0.0,101.18,352.5,935.49,152.51,UPI,Cancelled,4.1,Repair,Pune,Maruti Dzire,Petrol,6
T04912,2025-07-18,V063,Truck,D121,Driver_121,4.4,R020,Bengaluru,Visakhapatnam,12.2,44,1.93,205.61,5268.42,25.1,195.16,5694.29,67.15,Card,Cancelled,2.7,Inspection,Bengaluru,Ashok Leyland Dost,Diesel,3
T04913,2025-08-24,V028,SUV,D063,Driver_063,5.0,R033,Hyderabad,Chennai,25.8,62,1.94,187.71,0.0,106.6,265.01,559.32,1298.08,COD,Completed,4.5,None,Hyderabad,Kia Seltos,Diesel,6
T04914,2025-02-26,V099,Truck,D109,Driver_109,4.1,R021,Delhi,Kochi,9.7,44,1.33,138.03,3751.98,29.32,201.53,4120.86,621.64,Cash,Completed,3.8,None,Delhi,Tata 407,Diesel,11
T04915,2025-06-02,V016,SUV,D081,Driver_081,3.1,R077,Delhi,Visakhapatnam,132.6,233,9.97,998.77,0.0,599.12,737.83,2335.72,4079.72,COD,Completed,3.2,Service,Delhi,Hyundai Creta,Diesel,8
T04916,2025-06-19,V049,SUV,D048,Driver_048,3.5,R073,Bengaluru,Delhi,86.0,191,7.7,766.26,820.15,163.83,986.83,2737.07,2813.4,UPI,Completed,3.4,None,Bengaluru,Toyota Innova,Diesel,10
T04917,2025-05-20,V004,Van,D053,Driver_053,4.1,R038,Bengaluru,Hyderabad,48.5,118,5.9,587.22,0.0,111.91,684.41,1383.54,1908.35,UPI,Completed,3.4,Inspection,Bengaluru,Maruti Eeco,Diesel,9
T04918,2025-05-22,V069,Sedan,D050,Driver_050,3.6,R051,Pune,Hyderabad,51.9,141,4.11,439.54,0.0,210.46,700.31,1350.31,1418.99,Cash,Completed,4.0,None,Pune,Maruti Dzire,Petrol,4
T04919,2025-11-27,V048,Sedan,D041,Driver_041,,R075,Visakhapatnam,Hyderabad,57.3,171,3.75,402.8,0.0,189.83,874.96,1467.59,309.48,Cash,Cancelled,4.7,Inspection,Visakhapatnam,Honda City,Petrol,12
T04920,2025-08-07,V026,Sedan,D108,Driver_108,4.7,R068,Mumbai,Kochi,123.0,367,7.74,743.38,0.0,526.06,1210.85,2480.29,2833.99,Net Banking,Completed,3.6,None,Mumbai,Honda City,Petrol,12
T04921,2025-11-07,V072,Van,D044,Driver_044,4.1,R051,Chennai,Bengaluru,16.5,29,1.87,196.45,0.0,69.71,150.0,416.16,149.43,COD,Cancelled,4.7,Inspection,Chennai,Force Traveller,Diesel,6
T04922,2025-11-23,V072,Sedan,D127,Driver_127,4.0,R048,Pune,Kochi,30.4,63,1.82,198.34,0.0,118.53,305.78,622.65,919.9,,Completed,3.7,Inspection,Pune,Honda City,Petrol,1
T04923,2025-07-06,V076,Sedan,D138,Driver_138,3.5,R024,Kochi,Bengaluru,33.3,112,2.62,267.17,0.0,80.99,584.69,932.85,1252.67,COD,Completed,4.5,Service,Kochi,Hyundai Verna,Petrol,12
T04924,2025-09-29,V021,Sedan,D048,Driver_048,4.2,R006,Bengaluru,Pune,31.2,45,2.36,247.39,0.0,41.75,150.0,439.14,952.65,COD,Completed,4.9,None,Bengaluru,Honda City,Petrol,10
T04925,2025-01-14,V012,SUV,D059,Driver_059,3.6,R033,Kochi,Pune,38.0,96,3.34,329.36,0.0,142.48,373.84,845.68,1512.71,UPI,Completed,4.2,Service,Kochi,Kia Seltos,Diesel,3
T04926,2025-06-08,V066,Sedan,D009,Driver_009,3.7,R074,Chennai,Kochi,41.3,132,2.79,271.51,0.0,108.24,768.93,1148.68,1286.37,UPI,Completed,4.2,Inspection,Chennai,Honda City,Petrol,5
T04927,2025-07-22,V069,SUV,D118,Driver_118,4.3,R066,Visakhapatnam,Pune,48.4,124,4.6,486.51,0.0,86.45,626.96,1199.92,1564.06,UPI,Completed,4.9,Inspection,Visakhapatnam,Toyota Innova,Diesel,4
T04928,2025-08-21,V080,Sedan,D023,Driver_023,4.1,R057,Bengaluru,Mumbai,29.1,74,1.92,197.76,0.0,58.35,262.71,518.82,980.59,UPI,Completed,3.6,None,Bengaluru,Honda City,Petrol,2
T04929,2025-09-11,V089,Van,D021,Driver_021,4.5,R063,Kochi,Visakhapatnam,10.7,36,1.07,107.73,0.0,16.64,150.0,274.37,466.64,Card,Completed,4.2,Inspection,Kochi,Maruti Eeco,Diesel,4
T04930,2025-09-12,V056,SUV,D144,Driver_144,4.5,R004,Chennai,Pune,25.6,67,2.27,237.65,0.0,97.45,360.7,695.8,1172.36,Card,Completed,5.0,None,Chennai,Toyota Innova,Diesel,12
T04931,2025-06-23,V017,Van,D115,Driver_115,3.8,R062,Delhi,Hyderabad,-83.4,138,10.01,1057.71,0.0,246.41,781.1,2085.22,44.5,Cash,Cancelled,5.0,Inspection,Delhi,Maruti Eeco,Diesel,4
T04932,2025-08-12,V095,Sedan,D097,Driver_097,3.8,R028,Visakhapatnam,Delhi,46.1,151,3.38,368.31,0.0,167.68,595.51,1131.5,1438.86,Net Banking,Completed,4.3,None,Visakhapatnam,Honda City,Petrol,7
T04933,2025-12-20,V090,Truck,D109,Driver_109,4.2,R023,Chennai,Visakhapatnam,17.1,54,2.57,267.06,0.0,24.9,240.69,532.65,1201.43,Card,Completed,2.9,Service,Chennai,Ashok Leyland Dost,Diesel,12
T04934,2025-05-08,V072,Van,D149,Driver_149,3.8,R056,Kochi,Hyderabad,12.2,41,1.31,143.48,0.0,25.93,233.42,402.83,30.25,Cash,Cancelled,5.0,Inspection,Kochi,Tata Winger,Diesel,6
T04935,2025-05-29,V072,Sedan,D086,Driver_086,3.9,R060,Visakhapatnam,Hyderabad,28.5,87,2.1,220.74,6806.35,54.43,439.27,7520.79,825.53,Card,Completed,3.3,None,Visakhapatnam,Hyundai Verna,Petrol,9
T04936,2025-08-30,V052,Van,D024,Driver_024,4.2,R054,Bengaluru,Chennai,59.1,205,6.87,672.3,4888.89,145.23,1169.29,6875.71,2228.3,UPI,Completed,3.6,Inspection,Bengaluru,Maruti Eeco,Diesel,12
T04937,2025-04-08,V042,SUV,D051,Driver_051,4.3,R014,Delhi,Bengaluru,23.1,69,1.91,197.27,0.0,40.31,230.14,467.72,1163.31,,Completed,5.0,Inspection,Delhi,Toyota Innova,Diesel,6
T04938,2025-06-21,V027,Truck,D031,Driver_031,2.4,R021,Chennai,Delhi,28.8,74,4.51,432.77,0.0,87.81,375.69,896.27,1464.76,COD,Completed,4.7,None,Chennai,Ashok Leyland Dost,Diesel,9
T04939,2025-12-18,V074,Sedan,D087,Driver_087,4.5,R079,Chennai,Mumbai,23.2,58,1.47,159.86,2385.34,104.85,216.25,2866.3,923.13,UPI,Completed,4.1,Service,Chennai,Honda City,Petrol,8
T04940,2025-05-25,V008,SUV,D023,Driver_023,4.0,R080,Kochi,Hyderabad,43.6,131,4.07,403.33,0.0,67.02,472.26,942.61,1729.71,Cash,Completed,4.1,None,Kochi,Kia Seltos,Diesel,10
T04941,2025-06-20,V006,SUV ,D092,Driver_092,4.1,R071,Pune,Hyderabad,19.1,65,1.45,140.71,0.0,49.97,207.28,397.96,150.08,COD,Cancelled,5.0,None,Pune,Toyota Innova,Diesel,12
T04942,2025-05-11,V004,Sedan,D078,Driver_078,3.4,R026,Visakhapatnam,Kochi,41.0,85,2.46,256.75,4247.24,178.57,393.23,5075.79,1382.48,Net Banking,Completed,3.0,Service,Visakhapatnam,Hyundai Verna,Petrol,3
T04943,2025-12-17,V045,Sedan,D135,Driver_135,5.0,R031,Pune,Delhi,104.6,337,7.31,789.87,0.0,314.04,1016.78,2120.69,2632.48,Cash,Completed,4.4,Inspection,Pune,Honda City,Petrol,1
T04944,2025-05-07,V100,Van,D089,Driver_089,4.6,R065,Bengaluru,Kochi,35.5,133,3.18,331.91,0.0,91.08,752.87,1175.86,1360.77,Cash,Completed,3.7,Service,Bengaluru,Force Traveller,Diesel,9
T04945,2025-12-20,V013,SUV,D108,Driver_108,,R006,Visakhapatnam,Kochi,42.4,78,3.92,429.52,0.0,61.68,252.75,743.95,1644.03,UPI,Completed,3.4,Service,Visakhapatnam,Toyota Innova,Diesel,4
T04946,2025-12-17,V077,Sedan,D041,Driver_041,4.2,R014,Visakhapatnam,Kochi,8.8,22,0.63,61.17,3397.03,24.3,150.0,3632.5,293.25,Net Banking,Completed,3.3,Repair,Visakhapatnam,Hyundai Verna,Petrol,9
T04947,2025-07-23,V071,Truck,D004,Driver_004,4.1,R013,Visakhapatnam,Kochi,60.0,188,8.0,870.64,0.0,82.96,994.03,1947.63,2700.53,Net Banking,Completed,4.4,Service,Visakhapatnam,BharatBenz 1015,Diesel,9
T04948,2025-12-21,V080,Van,D134,Driver_134,3.7,R077,Bengaluru,Kochi,30.7,85,3.01,298.12,3877.15,116.71,377.42,4669.4,1478.35,UPI,Completed,4.4,None,Bengaluru,Maruti Eeco,Diesel,1
T04949,2025-03-12,V040,Sedan,D019,Driver_019,3.9,R008,Chennai,Hyderabad,37.0,102,2.52,242.78,5940.1,131.8,530.04,6844.72,1036.21,COD,Completed,5.0,Inspection,Chennai,Hyundai Verna,Petrol,10
T04950,2025-03-18,V086,Van,D041,Driver_041,4.0,R009,Bengaluru,Delhi,57.0,164,6.34,669.07,0.0,265.75,507.22,1442.04,2495.57,Card,Completed,5.0,Repair,Bengaluru,Maruti Eeco,Diesel,2
T04951,2025-03-03,V031,Truck,D103,Driver_103,4.4,R058,Delhi,Pune,94.8,252,13.69,1457.6,0.0,420.44,1236.84,3114.88,4484.24,COD,Completed,3.3,,Delhi,Ashok Leyland Dost,Diesel,8
T04952,2025-12-11,V036,Sedan,D025,Driver_025,3.9,R036,Kochi,Mumbai,65.2,153,3.96,423.79,2919.65,197.95,643.96,4185.35,1548.43,Net Banking,Completed,4.5,Service,Kochi,Honda City,Petrol,8
T04953,2025-01-27,V064,Sedan,D036,Driver_036,4.8,R009,Bengaluru,Kochi,30.9,96,2.44,245.71,0.0,57.19,385.79,688.69,772.03,COD,Completed,3.6,None,Bengaluru,Honda City,Petrol,3
T04954,2025-12-19,V028,Sedan,D010,Driver_010,3.8,R078,Kochi,Mumbai,82.7,253,5.44,567.46,0.0,271.4,962.82,1801.68,2092.07,UPI,Completed,4.0,None,Kochi,Hyundai Verna,Petrol,9
T04955,2025-09-26,V003,SUV,D053,Driver_053,4.4,R031,Hyderabad,Delhi,75.0,211,5.59,545.46,1869.4,239.04,927.21,3581.11,2636.86,Cash,Completed,4.3,Repair,Hyderabad,Hyundai Creta,Diesel,3
T04956,2025-10-28,V086,SUV,D069,Driver_069,4.2,R029,Pune,Hyderabad,57.7,189,4.63,504.77,7925.1,136.72,743.32,9309.91,2257.96,Card,Completed,4.4,Inspection,Pune,Kia Seltos,Diesel,11
T04957,2025-07-22,V092,Truck,D083,Driver_083,4.0,R007,Hyderabad,Delhi,15.8,53,2.09,218.75,8182.4,34.84,230.36,8666.35,941.47,Cash,Completed,4.0,None,Hyderabad,Tata 407,Diesel,10
T04958,2025-11-21,V086,SUV,D052,Driver_052,3.3,R060,Delhi,Kochi,33.4,97,2.49,257.66,0.0,112.96,458.22,828.84,1089.01,Cash,Completed,4.2,None,Delhi,Kia Seltos,Diesel,8
T04959,2025-12-07,V036,SUV,D073,Driver_073,3.8,R005,Pune,Mumbai,48.0,137,4.11,425.15,0.0,211.13,426.65,1062.93,1678.56,COD,Completed,3.6,Service,Pune,Toyota Innova,Diesel,12
T04960,2025-07-22,V077,SUV,D007,Driver_007,4.7,R009,Chennai,Pune,164.9,271,16.74,1784.76,0.0,503.63,1222.1,3510.49,5032.26,UPI,Completed,3.7,None,Chennai,Kia Seltos,Diesel,12
T04961,2025-12-28,V028,SUV,D018,Driver_018,4.3,R019,Visakhapatnam,Bengaluru,132.5,297,10.03,1103.24,0.0,295.69,1704.26,3103.19,4171.04,Cash,completed,4.5,Service,Visakhapatnam,Kia Seltos,Diesel,2
T04962,2025-07-26,V036,Van,D045,Driver_045,3.6,R057,Hyderabad,Kochi,10.1,36,0.96,92.83,0.0,31.49,150.0,274.32,606.87,Card,Completed,4.0,None,Hyderabad,Tata Winger,Diesel,10
T04963,2025-10-26,V044,Van,D069,Driver_069,5.0,R020,Mumbai,Kochi,111.8,285,12.22,1317.48,0.0,296.22,1414.76,3028.46,4189.2,COD,Completed,4.4,None,Mumbai,Tata Winger,Diesel,8
T04964,2025-10-09,V054,Truck,D075,Driver_075,4.1,R029,Bengaluru,Chennai,20.5,31,2.86,289.62,0.0,32.67,150.0,472.29,1318.74,Card,Completed,3.8,None,Bengaluru,BharatBenz 1015,Diesel,3
T04965,2025-03-18,V100,SUV,D098,Driver_098,4.5,R040,Kochi,Delhi,79.5,226,7.74,807.36,0.0,279.65,795.11,1882.12,2497.0,Card,Completed,3.1,None,Kochi,Toyota Innova,Diesel,11
T04966,2025-10-27,V041,Sedan,D051,Driver_051,3.9,R070,Hyderabad,Kochi,60.4,130,3.73,378.41,0.0,83.21,499.78,961.4,1468.73,Net Banking,Completed,3.0,None,Hyderabad,Maruti Dzire,Petrol,4
T04967,2025-10-20,V084,Truck,D057,Driver_057,5.0,R053,Hyderabad,Delhi,108.8,332,14.6,1407.7,0.0,280.02,1224.23,2911.95,5023.78,UPI,Completed,3.3,Inspection,Hyderabad,Ashok Leyland Dost,Diesel,11
T04968,2025-01-31,V013,Sedan,D007,Driver_007,4.1,R042,Mumbai,,16.7,63,1.16,125.62,2499.15,50.08,232.99,2907.84,788.17,COD,Completed,4.2,Repair,Mumbai,Maruti Dzire,Petrol,8
T04969,2025-11-09,V011,SUV,D012,Driver_012,3.5,R003,Visakhapatnam,Chennai,28.3,91,2.44,250.74,0.0,61.3,355.4,667.44,945.43,Card,Completed,3.7,None,Visakhapatnam,Hyundai Creta,Diesel,7
T04970,2025-09-02,V073,Sedan,D042,Driver_042,4.2,R015,Mumbai,Delhi,17.6,47,1.32,136.43,7924.96,26.51,261.96,8349.86,837.92,,Completed,4.2,Inspection,Mumbai,Hyundai Verna,Petrol,7
T04971,2025-11-09,V041,SUV,D146,Driver_146,3.1,R044,Visakhapatnam,Bengaluru,36.9,104,3.34,352.1,0.0,107.82,482.89,942.81,111.54,Net Banking,Cancelled,4.6,None,Visakhapatnam,Kia Seltos,Diesel,9
T04972,2025-02-12,V010,SUV,D011,Driver_011,,R062,Pune,Visakhapatnam,30.5,97,2.39,251.2,0.0,110.79,461.01,823.0,1085.74,Cash,Completed,4.0,Repair,Pune,Toyota Innova,Diesel,12
T04973,2025-04-27,V039,Van,D133,Driver_133,4.1,R038,Hyderabad,Visakhapatnam,33.5,79,3.03,290.73,0.0,143.58,351.13,785.44,1503.1,Card,Completed,4.5,Repair,Hyderabad,Tata Winger,Diesel,2
T04974,2025-12-26,V042,SUV,D132,Driver_132,4.4,R056,Kochi,Visakhapatnam,35.0,128,3.26,345.71,0.0,72.39,587.12,1005.22,1371.92,Cash,Completed,4.8,None,Kochi,Hyundai Creta,Diesel,8
T04975,2025-09-25,V030,Sedan,D089,Driver_089,4.5,R063,Delhi,Hyderabad,199.3,351,13.61,1442.15,2893.52,730.86,1706.22,6772.75,4643.23,Card,Completed,4.6,None,Delhi,Maruti Dzire,Petrol,8
T04976,2025-01-05,V001,Truck,D138,Driver_138,4.0,R030,Bengaluru,Delhi,44.8,136,7.13,753.82,0.0,128.8,449.99,1332.61,2347.32,Net Banking,Completed,4.2,Inspection,Bengaluru,Ashok Leyland Dost,Diesel,7
T04977,2025-03-30,V043,Sedan,D062,Driver_062,3.8,R055,Bengaluru,Chennai,94.1,164,6.82,729.19,0.0,177.39,892.21,1798.79,2554.07,UPI,Completed,4.0,Repair,Bengaluru,Hyundai Verna,Petrol,7
T04978,2025-12-22,V079,Van,D023,Driver_023,4.1,R077,Hyderabad,Bengaluru,38.0,92,3.58,349.97,0.0,159.2,285.44,794.61,1743.31,Cash,Completed,3.8,Service,Hyderabad,Maruti Eeco,Diesel,7
T04979,2025-07-06,V078,Sedan,D117,Driver_117,3.7,R067,Kochi,Delhi,40.1,116,2.45,249.07,0.0,172.33,606.13,1027.53,177.13,,Cancelled,4.8,None,Kochi,Honda City,Petrol,8
T04980,2025-03-27,V079,Sedan,D090,Driver_090,4.3,R010,Mumbai,Hyderabad,64.5,193,5.11,487.09,0.0,89.9,980.59,1557.58,1909.38,Card,Completed,4.1,None,Mumbai,Hyundai Verna,Petrol,6
T04981,2025-05-02,V061,Sedan,D106,Driver_106,4.2,R061,Chennai,Visakhapatnam,16.9,58,1.16,119.21,9496.54,24.98,184.94,9825.67,782.65,UPI,Completed,4.1,None,Chennai,Hyundai Verna,Petrol,4
T04982,2025-09-19,V059,Sedan,D148,Driver_148,3.2,R033,Visakhapatnam,Bengaluru,55.2,102,4.2,460.99,0.0,130.39,344.35,935.73,1713.71,Card,Completed,4.1,None,Visakhapatnam,Hyundai Verna,Petrol,3
T04983,2025-09-15,V064,Sedan,D068,Driver_068,4.9,R078,Mumbai,Hyderabad,83.2,151,5.41,573.91,0.0,205.08,530.1,1309.09,1978.0,Net Banking,Completed,4.1,Repair,Mumbai,Honda City,Petrol,6
T04984,2025-01-21,V041,Truck,D140,Driver_140,3.7,R079,Kochi,Chennai,23.2,43,4.01,428.2,2267.21,87.85,216.25,2999.51,1186.67,COD,Completed,4.9,None,Kochi,Tata 407,Diesel,10
T04985,2025-07-05,V025,SUV,D002,Driver_002,3.4,R075,Bengaluru,Hyderabad,85.8,209,6.9,751.56,0.0,145.15,918.15,1814.86,3041.27,COD,Completed,4.3,Service,Bengaluru,Hyundai Creta,Diesel,11
T04986,2025-07-22,V067,Sedan,D040,Driver_040,4.2,R015,Kochi,Bengaluru,39.0,109,2.42,248.49,0.0,156.93,483.83,889.25,117.83,,Cancelled,3.7,None,Kochi,Hyundai Verna,Petrol,7
T04987,2025-11-16,V025,SUV,D122,Driver_122,4.1,R047,Mumbai,Visakhapatnam,29.3,83,2.19,238.38,6115.6,120.83,433.18,6907.99,1107.2,Card,Completed,4.2,Service,Mumbai,Toyota Innova,Diesel,12
T04988,2025-12-14,V043,Sedan,D065,Driver_065,3.7,R011,Visakhapatnam,Hyderabad,34.5,65,2.78,301.02,0.0,112.63,322.2,735.85,1234.21,UPI,completed,4.4,Service,Visakhapatnam,Honda City,Petrol,9
T04989,2025-11-25,V030,Truck,D007,Driver_007,4.0,R016,Hyderabad,Pune,34.6,85,5.83,614.21,0.0,140.47,270.13,1024.81,1644.39,COD,Completed,3.3,Repair,Hyderabad,Tata 407,Diesel,11
T04990,2025-07-25,V092,Truck,D022,Driver_022,3.9,R007,Chennai,Kochi,85.5,232,12.31,1185.96,0.0,176.22,776.67,2138.85,4108.59,COD,Completed,3.9,Repair,Chennai,BharatBenz 1015,Diesel,6
T04991,2025-02-23,V087,SUV,D065,Driver_065,4.8,R017,Mumbai,Bengaluru,44.1,99,3.72,362.64,0.0,151.52,532.42,1046.58,1683.37,COD,Completed,3.6,Inspection,Mumbai,Hyundai Creta,Diesel,7
T04992,2025-05-09,V073,Sedan,D006,Driver_006,4.2,R069,Delhi,Bengaluru,42.1,146,3.31,331.19,0.0,152.48,463.87,947.54,1338.59,Cash,Completed,4.9,None,Delhi,Honda City,Petrol,10
T04993,2025-03-10,V039,SUV,D137,Driver_137,,R016,Delhi,Pune,84.2,187,7.84,751.07,0.0,353.01,841.69,1945.77,3065.95,COD,Completed,4.0,Repair,Delhi,Kia Seltos,Diesel,10
T04994,2025-05-26,V050,SUV,D145,Driver_145,4.3,R071,Chennai,Mumbai,31.9,119,2.55,244.32,0.0,76.25,649.36,969.93,130.07,COD,Cancelled,3.7,Repair,Chennai,Kia Seltos,Diesel,8
T04995,2025-07-08,V021,Sedan,D115,Driver_115,3.8,R019,Delhi,Bengaluru,19.0,51,1.3,141.03,9490.78,31.42,180.48,9843.71,47.6,Cash,Cancelled,4.5,None,Delhi,Honda City,Petrol,12
T04996,2025-02-01,V069,Sedan,D027,Driver_027,3.7,R035,Mumbai,Delhi,89.7,212,5.82,608.44,4347.21,171.73,1117.56,6244.94,2304.35,COD,Completed,3.5,None,Mumbai,Maruti Dzire,Petrol,9
T04997,2025-03-07,V038,SUV,D052,Driver_052,4.9,R056,Mumbai,Chennai,22.3,45,2.0,195.75,8800.27,80.49,150.0,9226.51,991.38,COD,Completed,2.9,Inspection,Mumbai,Toyota Innova,Diesel,12
T04998,2025-11-19,V014,Sedan,D053,Driver_053,4.6,R072,Hyderabad,Bengaluru,50.3,102,3.07,305.93,4187.99,146.61,572.76,5213.29,1564.57,Card,Completed,2.8,None,Hyderabad,Maruti Dzire,Petrol,4
T04999,2025-12-01,V022,Truck,D147,Driver_147,,R063,Chennai,Visakhapatnam,55.2,116,7.17,750.17,829.98,164.09,595.78,2340.02,2771.19,UPI,Completed,4.4,Inspection,Chennai,BharatBenz 1015,Diesel,12
T05000,2025-12-12,V068,SUV,D046,Driver_046,3.6,R064,Kochi,Mumbai,51.8,114,4.52,467.63,0.0,91.21,588.15,1146.99,1991.08,Cash,Completed,4.8,Inspection,Kochi,Toyota Innova,Diesel,6
T02513,2025-12-14,V087,Van,D004,Driver_004,4.0,R041,Delhi,Mumbai,75.3,148,7.06,701.71,6637.03,143.83,483.85,7966.42,2809.93,Card,Completed,3.5,None,Delhi,Maruti Eeco,Diesel,1
T01224,2025-11-05,V059,SUV,D059,Driver_059,4.9,R074,Mumbai,Hyderabad,41.4,108,4.18,422.86,0.0,91.4,568.95,1083.21,1512.14,UPI,Completed,4.2,None,Mumbai,Hyundai Creta,Diesel,1
T02807,2025-04-28,V003,SUV,D022,Driver_022,3.6,R043,Pune,Bengaluru,58.8,192,4.98,487.76,0.0,186.91,815.52,1490.19,2122.31,Card,Completed,3.7,,Pune,Toyota Innova,Diesel,6
T02970,2025-10-11,V018,SUV,D043,Driver_043,3.6,R061,Chennai,Kochi,52.0,162,5.05,522.28,0.0,104.18,615.9,1242.36,1706.16,UPI,Completed,3.4,None,Chennai,Toyota Innova,Diesel,6
T00970,2025-11-11,V095,SUV,D039,Driver_039,3.7,R065,Hyderabad,Chennai,37.0,124,3.5,363.38,6489.55,157.19,677.62,7687.74,225.92,Net Banking,Cancelled,4.2,Service,Hyderabad,Hyundai Creta,Diesel,6
T00514,2025-04-16,V063,Van,D092,Driver_092,4.6,R063,Visakhapatnam,Bengaluru,35.0,103,3.93,421.32,0.0,149.42,462.55,1033.29,1774.26,Net Banking,Completed,3.9,Service,Visakhapatnam,Force Traveller,Diesel,3
T02796,2025-06-29,V052,Truck,D147,Driver_147,4.4,R014,Bengaluru,Mumbai,38.5,85,5.26,572.95,0.0,63.09,363.05,999.09,233.68,Cash,Cancelled,4.4,Service,Bengaluru,Ashok Leyland Dost,Diesel,3
T03766,2025-10-09,V015,Van,D100,Driver_100,3.9,R013,Delhi,Pune,24.1,77,2.22,220.65,4400.28,70.88,414.14,5105.95,1043.69,Card,Completed,5.0,None,Delhi,Maruti Eeco,Diesel,12
T02396,2025-06-15,V021,Sedan,D121,Driver_121,4.3,R075,Delhi,Mumbai,19.7,61,1.3,137.18,3810.72,65.09,299.59,4312.58,665.55,Cash,Completed,3.6,Repair,Delhi,Maruti Dzire,Petrol,6
T01255,2025-07-05,V022,Sedan,D017,Driver_017,3.9,R069,Kochi,Delhi,23.8,56,1.69,183.76,0.0,103.11,290.62,577.49,910.26,COD,Completed,4.0,None,Kochi,Honda City,Petrol,7
T00370,2025-12-08,V060,Sedan,D139,Driver_139,4.0,R045,Visakhapatnam,Kochi,46.2,125,2.96,312.02,0.0,146.88,405.61,864.51,1346.83,Card,Completed,3.8,Inspection,Visakhapatnam,Honda City,Petrol,7
T00341,2025-03-27,V043,Sedan,D063,Driver_063,3.7,R066,Delhi,Mumbai,51.6,104,3.71,374.17,3506.66,239.07,454.03,4573.93,1394.84,,Completed,4.2,Service,Delhi,Maruti Dzire,Petrol,5
T02975,2025-12-02,V063,SUV,D006,Driver_006,3.6,R048,Bengaluru,Pune,34.1,90,2.83,304.06,8094.5,117.33,447.62,8963.51,1533.38,Net Banking,Completed,3.3,None,Bengaluru,Hyundai Creta,Diesel,9
T00801,2025-11-23,V091,Sedan,D065,Driver_065,3.9,R070,Delhi,Kochi,8.1,37,0.61,65.09,0.0,21.38,150.0,236.47,700.04,COD,Completed,3.5,Service,Delhi,Honda City,Petrol,1
T02061,2025-01-25,V055,Truck,D002,Driver_002,3.9,R067,Mumbai,Bengaluru,48.2,161,7.32,728.9,0.0,172.28,614.89,1516.07,458.61,Card,Cancelled,4.1,None,Mumbai,Tata 407,Diesel,7
T00224,2025-05-06,V004,Van,D086,Driver_086,4.2,R033,Pune,Chennai,151.7,463,17.2,1799.72,0.0,518.93,2181.19,4499.84,5855.17,Cash,Completed,3.5,None,Pune,Force Traveller,Diesel,2
T03703,2025-01-30,V034,Van,D024,Driver_024,4.2,R044,Hyderabad,Kochi,46.1,134,4.9,532.81,2599.82,61.86,680.22,3874.71,1946.63,UPI,Completed,3.4,None,Hyderabad,Tata Winger,Diesel,2
T04165,2025-06-30,V043,SUV,D098,Driver_098,4.2,R062,Kochi,Mumbai,23.8,62,1.82,185.57,5972.52,103.15,342.68,6603.92,1077.18,UPI,Completed,4.3,None,Kochi,Toyota Innova,Diesel,12
T01239,2025-11-28,V055,Sedan,D040,Driver_040,4.3,R025,Bengaluru,Pune,9.8,41,0.59,62.11,0.0,28.47,223.89,314.47,305.05,Cash,Completed,4.3,None,Bengaluru,Honda City,Petrol,9
T02811,2025-03-25,V018,Van,D129,Driver_129,4.0,R022,Visakhapatnam,Bengaluru,14.9,36,1.46,143.77,0.0,22.62,150.0,316.39,266.21,COD,Cancelled,3.5,None,Visakhapatnam,Tata Winger,Diesel,6
T02944,2025-12-20,V078,Sedan,D066,Driver_066,4.3,R063,Chennai,Pune,29.3,115,1.93,210.31,0.0,101.62,379.68,691.61,823.73,UPI,Completed,4.1,None,Chennai,Hyundai Verna,Petrol,7
T00866,2025-03-23,V071,SUV,D106,Driver_106,4.1,R051,Delhi,Bengaluru,54.1,117,4.44,436.4,0.0,131.74,370.2,938.34,162.74,UPI,Cancelled,3.2,None,Delhi,Kia Seltos,Diesel,3
T04967,2025-10-20,V084,Truck,D057,Driver_057,5.0,R053,Hyderabad,Delhi,108.8,332,14.6,1407.7,0.0,280.02,1224.23,2911.95,5023.78,UPI,Completed,3.3,Inspection,Hyderabad,Ashok Leyland Dost,Diesel,11
T01396,2025-12-16,V025,SUV,D085,Driver_085,3.9,R071,Delhi,Hyderabad,19.5,52,1.48,161.51,0.0,41.44,209.78,412.73,1038.11,Cash,Completed,2.4,None,Delhi,Toyota Innova,Diesel,9
T03886,2025-06-20,V036,SUV,D121,Driver_121,5.0,R051,Bengaluru,Visakhapatnam,111.4,349,10.48,1023.54,2764.94,518.31,1341.35,5648.14,3579.12,COD,Completed,4.1,Inspection,Bengaluru,Hyundai Creta,Diesel,1
